customerID,tenure,Contract,MonthlyCharges,TotalCharges,ChurnProbability,RiskLevel,RevenueAtRisk,Churn
5419-JPRRN,1,Month-to-month,101.45,101.45,0.7739264555308514,High,78.51483891360488,1
7216-EWTRS,1,Month-to-month,100.8,100.8,0.7734061447643694,High,77.95933939224844,1
0107-YHINA,1,Month-to-month,99.75,99.75,0.7725638555698983,High,77.06324459309735,1
1400-MMYXY,3,Month-to-month,105.9,334.65,0.7703745721015104,High,81.58266718554995,1
0295-PPHDO,1,Month-to-month,95.45,95.45,0.769091468952775,High,73.40978071154238,1
5178-LMXOP,1,Month-to-month,95.1,95.1,0.7688072064006373,High,73.1135653287006,1
4910-GMJOT,1,Month-to-month,94.6,94.6,0.7684006927116052,High,72.69070553051785,1
9300-AGZNL,1,Month-to-month,94.0,94.0,0.7679122175093859,High,72.18374844588227,1
8149-RSOUN,1,Month-to-month,93.85,93.85,0.7677899864448108,High,72.05709022784549,1
6496-SLWHQ,3,Month-to-month,105.0,294.45,0.7676481017681069,High,80.60305068565123,1
9497-QCMMS,1,Month-to-month,93.55,93.55,0.7675453896267265,High,71.80387119958026,1
6521-YYTYI,1,Month-to-month,93.3,93.3,0.7673414217810014,High,71.59295465216744,1
6023-YEBUP,3,Month-to-month,100.95,329.95,0.7663600093628458,High,77.36404294517928,1
3988-RQIXO,1,Month-to-month,91.3,91.3,0.7657051923607463,High,69.90888406253613,1
9725-SCPZG,1,Month-to-month,90.85,90.85,0.7653359421379241,High,69.5307703432304,1
2725-KXXWT,1,Month-to-month,90.75,90.75,0.7652538317575756,High,69.44678523199998,1
0754-UKWQP,2,Month-to-month,95.85,197.7,0.7651581812824152,High,73.3404116759195,1
8775-LHDJH,1,Month-to-month,90.6,90.6,0.7651306288460912,High,69.32083497345586,1
7274-RTAPZ,1,Month-to-month,90.55,90.55,0.7650895512520095,High,69.27885886586945,1
1941-HOSAM,1,Month-to-month,90.1,90.1,0.7647196289074205,High,68.90123856455858,0
7851-WZEKY,2,Month-to-month,95.15,196.9,0.7645775431166895,High,72.74955322755301,1
3027-ZTDHO,1,Month-to-month,89.9,89.9,0.7645550895761088,High,68.73350255289219,1
0970-ETWGE,1,Month-to-month,89.55,89.55,0.7642669541781866,High,68.4401057466566,1
4273-MBHYA,1,Month-to-month,89.35,89.35,0.76410219593092,High,68.2725312064277,0
3158-MOERK,2,Month-to-month,96.0,174.8,0.7640956845825726,High,73.35318571992697,1
1415-YFWLT,1,Month-to-month,89.3,89.3,0.7640609939335226,High,68.23064675826356,1
7577-SWIFR,1,Month-to-month,89.25,89.25,0.7640197869622438,High,68.18876598638026,0
1455-ESIQH,1,Month-to-month,89.1,89.1,0.763896136206878,High,68.06314573603282,1
3068-OMWZA,1,Month-to-month,88.8,88.8,0.7636487004251827,High,67.81200459775623,1
4424-TKOPW,2,Month-to-month,93.85,196.75,0.7635655240551786,High,71.66062443257852,1
3722-WPXTK,1,Month-to-month,88.35,88.35,0.7632772111474402,High,67.43554160487633,1
2720-WGKHP,2,Month-to-month,94.0,181.7,0.7629042141818457,High,71.7129961330935,1
7024-OHCCK,2,Month-to-month,93.85,170.85,0.7622262287123357,High,71.5349315646527,1
5150-ITWWB,3,Month-to-month,94.85,335.75,0.7619476285305252,High,72.27073256612032,0
8603-IJWDN,1,Month-to-month,86.6,86.6,0.7618287045773454,High,65.9743658163981,1
9546-CQJSU,2,Month-to-month,91.4,193.6,0.7615012697323934,High,69.60121605354077,1
4826-XTSOH,1,Month-to-month,86.05,86.05,0.7613722033932052,High,65.5160781019853,1
4844-JJWUY,1,Month-to-month,86.0,86.0,0.7613306735107531,High,65.47443792192477,1
5192-EBGOV,1,Month-to-month,85.7,85.7,0.761081390028833,High,65.224675125471,1
9057-SIHCH,3,Month-to-month,96.6,291.9,0.7610329941851777,High,73.51578723828815,1
2656-TABEH,4,Month-to-month,100.2,420.2,0.7608770596732265,High,76.2398813792573,1
5597-GLBUC,1,Month-to-month,85.45,85.45,0.7608735173799432,High,65.01664206011615,1
9944-HKVVB,3,Month-to-month,95.1,307.4,0.7606695869879262,High,72.33967772255178,1
1069-XAIEM,1,Month-to-month,85.05,85.05,0.7605406632607203,High,64.68398341032426,1
1628-BIZYP,1,Month-to-month,85.0,85.0,0.7604990341833944,High,64.64241790558852,0
9282-IZGQK,1,Month-to-month,85.0,85.0,0.7604990341833944,High,64.64241790558852,1
6230-BSUXY,1,Month-to-month,85.0,85.0,0.7604990341833944,High,64.64241790558852,1
4927-WWOOZ,2,Month-to-month,91.45,171.45,0.7603883936642148,High,69.53751860059245,0
2202-CUYXZ,1,Month-to-month,84.85,84.85,0.7603741172063523,High,64.51774384495899,1
4912-PIGUY,1,Month-to-month,84.6,84.6,0.7601658231065638,High,64.3100286348153,0
3049-SOLAY,3,Month-to-month,95.2,292.85,0.7599897107699402,High,72.3510204652983,1
2034-GDRCN,2,Month-to-month,90.4,168.2,0.7593978685717925,High,68.64956731889005,1
0702-PGIBZ,4,Month-to-month,101.7,364.55,0.7591478689620612,High,77.20533827344163,1
5567-WSELE,3,Month-to-month,94.6,279.55,0.7588252408776961,High,71.78486778703005,1
4695-WJZUE,2,Month-to-month,88.55,179.25,0.7585253827132259,High,67.16742263925615,1
0742-NXBGR,1,Month-to-month,82.3,82.3,0.7582437073108675,High,62.403457111684396,1
2004-OCQXK,1,Month-to-month,81.95,81.95,0.7579502933734062,High,62.11402654195064,1
6108-OQZDQ,4,Month-to-month,97.95,384.5,0.7572471681635977,High,74.1723601216244,1
4614-NUVZD,1,Month-to-month,81.1,81.1,0.7572367080895195,High,61.411897026060025,1
2018-QKYGT,1,Month-to-month,81.05,81.05,0.7571946880051896,High,61.37062946282062,0
6457-USBER,1,Month-to-month,80.8,80.8,0.75698451347712,High,61.1643486889513,1
0318-QUUOB,1,Month-to-month,80.55,80.55,0.7567742154592006,High,60.95816305523861,1
7439-DKZTW,1,Month-to-month,80.55,80.55,0.7567742154592006,High,60.95816305523861,0
6350-XFYGW,4,Month-to-month,94.75,422.4,0.7567175445001383,High,71.6989873413881,0
5277-ZLOOR,2,Month-to-month,85.55,187.45,0.7565946639971024,High,64.7266735049521,1
5494-HECPR,1,Month-to-month,80.25,80.25,0.7565216948713595,High,60.710866013426596,1
1374-DMZUI,4,Month-to-month,94.3,424.45,0.7564703221786322,High,71.33515138144502,1
0259-GBZSH,2,Month-to-month,85.65,181.5,0.756360264419191,High,64.78225664750371,1
9681-OXGVC,5,Month-to-month,100.5,514.0,0.7563242921893032,High,76.01059136502496,1
9300-RENDD,1,Month-to-month,79.95,79.95,0.7562689965490783,High,60.46370627409881,1
3318-NMQXL,3,Month-to-month,92.0,266.8,0.756108698674433,High,69.56200027804783,0
0495-RVCBF,1,Month-to-month,79.7,79.7,0.7560582788806656,High,60.25784482678905,1
8058-INTPH,1,Month-to-month,79.65,79.65,0.7560161205425306,High,60.21668400121257,1
7594-RQHXR,1,Month-to-month,79.6,79.6,0.7559739572701257,High,60.175526998702004,1
1761-AEZZR,1,Month-to-month,79.55,79.55,0.7559317890636859,High,60.13437382001621,1
2514-GINMM,1,Month-to-month,79.5,79.5,0.7558896159234468,High,60.09322446591403,1
8098-LLAZX,4,Month-to-month,95.45,396.1,0.7558847214676457,High,72.14919666408679,1
6474-FVJLC,2,Month-to-month,86.0,165.45,0.7557906971143287,High,64.99799995183227,1
1143-NMNQJ,2,Month-to-month,85.7,169.8,0.7557829261008701,High,64.77059676684456,1
0220-EBGCE,2,Month-to-month,85.85,167.3,0.7557696627694218,High,64.88282554875485,1
5919-TMRGD,1,Month-to-month,79.35,79.35,0.755763066902295,High,59.9697993586971,1
2868-MZAGQ,1,Month-to-month,79.25,79.25,0.7556786762235305,High,59.88753509071479,1
6567-HOOPW,1,Month-to-month,79.2,79.2,0.7556364734854606,High,59.84640870004848,1
7493-TPUWZ,1,Month-to-month,79.15,79.15,0.7555942658152492,High,59.80528613927698,1
8580-AECUZ,1,Month-to-month,79.1,79.1,0.7555520532131346,High,59.76416740915894,1
5960-WPXQM,1,Month-to-month,79.05,79.05,0.7555098356793547,High,59.72305251045299,1
8740-CRYFY,1,Month-to-month,78.95,78.95,0.7554253858177553,High,59.64083421031179,1
2545-EBUPK,2,Month-to-month,84.05,186.05,0.755334935695654,High,63.485901345219716,0
2609-IAICY,1,Month-to-month,77.15,77.15,0.7539019174189537,High,58.163532928872286,1
7314-OXENN,2,Month-to-month,82.0,184.65,0.753633439549267,High,61.797942043039896,1
9248-OJYKK,1,Month-to-month,76.45,76.45,0.7533077341083494,High,57.59037627258331,1
7548-SEPYI,5,Month-to-month,96.25,512.45,0.7528695219786342,High,72.46369149044354,1
6894-LFHLY,1,Month-to-month,75.75,75.75,0.7527125867568888,High,57.01797844683433,1
9611-CTWIH,3,Month-to-month,89.45,240.45,0.75268830267818,High,67.32796867456321,1
5196-SGOAK,1,Month-to-month,75.7,75.7,0.7526700393610557,High,56.97712197963192,1
3489-HHPFY,2,Month-to-month,84.05,134.05,0.7525773339552366,High,63.254124918937634,0
5834-ASPWA,1,Month-to-month,75.45,75.45,0.7524572286663416,High,56.77289790287547,1
4988-IQIGL,1,Month-to-month,75.35,75.35,0.752372069992736,High,56.69123547395265,1
5054-IEXZT,1,Month-to-month,75.35,75.35,0.752372069992736,High,56.69123547395265,1
9787-XVQIU,1,Month-to-month,75.3,75.3,0.7523294832864679,High,56.65041009147103,1
4713-LZDRV,2,Month-to-month,79.6,195.05,0.7522732807853153,High,59.8809531505111,1
8816-VXNZD,1,Month-to-month,75.1,75.1,0.7521590873377527,High,56.48714745906523,1
1452-VOQCH,1,Month-to-month,75.1,75.1,0.7521590873377527,High,56.48714745906523,0
9878-TNQGW,2,Month-to-month,80.95,171.15,0.7520781236281185,High,60.880724107696196,1
1157-BQCUW,1,Month-to-month,74.95,74.95,0.7520312388037633,High,56.364741348342065,1
8086-OVPWV,2,Month-to-month,80.2,181.1,0.7520091862254786,High,60.31113673528339,1
6358-LYNGM,1,Month-to-month,74.9,74.9,0.7519886128038505,High,56.32394709900841,1
6996-KNSML,1,Month-to-month,74.9,74.9,0.7519886128038505,High,56.32394709900841,1
4587-VVTOX,6,Month-to-month,105.3,545.2,0.7519723005810904,High,79.18268325118882,1
9399-APLBT,1,Month-to-month,74.7,74.7,0.7518180597016839,High,56.16080905971579,1
3765-JXVKY,1,Month-to-month,74.7,74.7,0.7518180597016839,High,56.16080905971579,1
5240-IJOQT,1,Month-to-month,74.7,74.7,0.7518180597016839,High,56.16080905971579,1
7180-PISOG,1,Month-to-month,74.5,74.5,0.7516474280482563,High,55.9977333895951,1
4415-IJZTP,1,Month-to-month,74.5,74.5,0.7516474280482563,High,55.9977333895951,1
0723-DRCLG,1,Month-to-month,74.45,74.45,0.7516047578632652,High,55.956974222920095,1
4102-OQUPX,1,Month-to-month,74.4,74.4,0.7515620827701555,High,55.91621895809957,1
3551-HUAZH,1,Month-to-month,74.4,74.4,0.7515620827701555,High,55.91621895809957,1
4274-OWWYO,1,Month-to-month,74.35,74.35,0.7515194027691949,High,55.87546759588964,1
8372-JUXUI,1,Month-to-month,74.35,74.35,0.7515194027691949,High,55.87546759588964,1
4234-XTNEA,2,Month-to-month,79.95,174.45,0.7514544384433347,High,60.07878235354461,0
1833-VGRUM,1,Month-to-month,74.2,74.2,0.7513913333218954,High,55.75323693248465,1
6892-EZDTG,4,Month-to-month,91.65,365.4,0.7512307516239144,High,68.85029838633176,1
8473-VUVJN,1,Month-to-month,73.65,73.65,0.7509213675823088,High,55.30535872243704,1
6513-EECDB,1,Month-to-month,73.55,73.55,0.7508358555061195,High,55.22397717247509,1
1981-INRFU,2,Month-to-month,79.75,164.5,0.7507624567482961,High,59.87330592567662,1
8593-WHYHV,3,Month-to-month,85.3,264.8,0.7506679575379587,High,64.03197677798788,1
4192-GORJT,5,Month-to-month,94.45,498.1,0.7506644763180975,High,70.90025978824431,1
7760-OYPDY,2,Month-to-month,80.65,144.15,0.7503954190516278,High,60.51939054651378,1
1977-STDKI,1,Month-to-month,73.0,73.0,0.750365188563964,High,54.776658765169365,1
4529-CKBCL,2,Month-to-month,80.2,146.05,0.7501358563132401,High,60.16089567632186,1
9689-PTNPG,2,Month-to-month,80.25,144.55,0.7500956435204023,High,60.19517539251228,1
4228-ZGYUW,4,Month-to-month,90.05,368.1,0.750091840856081,High,67.5457702690901,1
0021-IKXGC,1,Month-to-month,72.1,72.1,0.7495937275092287,High,54.045707753415385,0
4140-MUHUG,3,Month-to-month,86.85,220.95,0.749563361379222,High,65.09957793578542,1
3422-GALYP,2,Month-to-month,79.45,145.15,0.7494846377949447,High,59.54655447280836,0
1273-MTETI,4,Month-to-month,88.85,372.45,0.7493602350063169,High,66.58065688031125,1
8380-PEFPE,1,Month-to-month,71.65,71.65,0.7492074021157591,High,53.680710361594144,1
8644-XLFBW,1,Month-to-month,71.65,71.65,0.7492074021157591,High,53.680710361594144,1
1304-NECVQ,2,Month-to-month,78.55,149.55,0.748996319385397,High,58.833660887722935,1
7228-OMTPN,4,Month-to-month,88.45,370.65,0.7489413956981547,High,66.24386644950178,1
3878-AVSOQ,1,Month-to-month,71.25,71.25,0.7488636690617795,High,53.356536420651786,0
9488-HGMJH,1,Month-to-month,71.15,71.15,0.7487776868893379,High,53.2755324221764,1
3422-LYEPQ,1,Month-to-month,71.0,71.0,0.7486486769583344,High,53.15405606404174,1
7409-KIUTL,1,Month-to-month,71.0,71.0,0.7486486769583344,High,53.15405606404174,1
1031-IIDEO,1,Month-to-month,70.85,70.85,0.7485196230274713,High,53.03261529149634,1
4951-UKAAQ,4,Month-to-month,88.95,355.2,0.7485135799690819,High,66.58028293824984,1
5376-DEQCP,1,Month-to-month,70.6,70.6,0.7483044353865447,High,52.83029313829005,1
8051-HJRLT,1,Month-to-month,70.55,70.55,0.7482613831975602,High,52.78984058458787,1
2865-TCHJW,4,Month-to-month,89.2,346.2,0.7482308340810949,High,66.74219040003366,1
7465-ZZRVX,1,Month-to-month,70.35,70.35,0.7480891255820462,High,52.62806998469695,0
1363-TXLSL,1,Month-to-month,70.3,70.3,0.7480460489647411,High,52.5876372422213,1
6653-CBBOM,1,Month-to-month,70.3,70.3,0.7480460489647411,High,52.5876372422213,1
2446-PLQVO,1,Month-to-month,70.3,70.3,0.7480460489647411,High,52.5876372422213,1
0637-KVDLV,2,Month-to-month,76.5,162.45,0.7480367665845553,High,57.22481264371848,1
1640-PLFMP,1,Month-to-month,70.25,70.25,0.7480029674626534,High,52.5472084642514,0
3244-DCJWY,1,Month-to-month,70.25,70.25,0.7480029674626534,High,52.5472084642514,1
9605-WGJVW,1,Month-to-month,70.2,70.2,0.747959881076078,High,52.50678365154068,0
1846-XWOQN,1,Month-to-month,70.15,70.15,0.7479167898053095,High,52.46636280484247,1
0328-GRPMV,1,Month-to-month,70.1,70.1,0.7478736936506434,High,52.425945924910096,1
4702-IOQDC,1,Month-to-month,70.1,70.1,0.7478736936506434,High,52.425945924910096,1
9603-OAIHC,1,Month-to-month,70.05,70.05,0.7478305926123753,High,52.385533012496886,0
3494-JCHRQ,1,Month-to-month,70.05,70.05,0.7478305926123753,High,52.385533012496886,1
1853-UDXBW,1,Month-to-month,70.0,70.0,0.747787486690801,High,52.34512406835607,1
8000-REIQB,1,Month-to-month,69.95,69.95,0.7477443758862168,High,52.30471909324087,1
5875-YPQFJ,1,Month-to-month,69.9,69.9,0.7477012601989191,High,52.26431808790445,1
9804-ICWBG,1,Month-to-month,69.9,69.9,0.7477012601989191,High,52.26431808790445,1
5542-TBBWB,1,Month-to-month,69.9,69.9,0.7477012601989191,High,52.26431808790445,0
8884-ADFVN,7,Month-to-month,101.95,700.85,0.7476911790511023,High,76.22711570425987,1
5550-VFRLC,1,Month-to-month,69.85,69.85,0.7476581396292051,High,52.22392105309997,1
4603-JANFB,1,Month-to-month,69.85,69.85,0.7476581396292051,High,52.22392105309997,1
5134-IKDAY,1,Month-to-month,69.8,69.8,0.747615014177372,High,52.18352798958056,1
4510-HIMLV,1,Month-to-month,69.8,69.8,0.747615014177372,High,52.18352798958056,1
5539-TMZLF,1,Month-to-month,69.75,69.75,0.747571883843717,High,52.14313889809926,1
3389-YGYAI,8,Month-to-month,105.5,829.55,0.747510567336608,High,78.86236485401214,1
4952-YSOGZ,4,Month-to-month,85.95,381.3,0.7474966179799979,High,64.24733431538083,1
4871-JTKJF,1,Month-to-month,69.65,69.65,0.7474856085321334,High,52.0623726342631,1
8062-YBDOE,1,Month-to-month,69.65,69.65,0.7474856085321334,High,52.0623726342631,1
4550-EVXNY,1,Month-to-month,69.65,69.65,0.7474856085321334,High,52.0623726342631,1
7254-IQWOZ,1,Month-to-month,69.65,69.65,0.7474856085321334,High,52.0623726342631,1
7817-BOQPW,2,Month-to-month,75.55,166.3,0.7474764593862586,High,56.471846506631834,1
7665-TOALD,1,Month-to-month,69.6,69.6,0.7474424635548016,High,52.021995463414186,1
2636-ALXXZ,1,Month-to-month,69.6,69.6,0.7474424635548016,High,52.021995463414186,1
6502-MJQAE,1,Month-to-month,69.6,69.6,0.7474424635548016,High,52.021995463414186,1
8375-DKEBR,1,Month-to-month,69.6,69.6,0.7474424635548016,High,52.021995463414186,1
1820-TQVEV,1,Month-to-month,69.55,69.55,0.7473993136968414,High,51.98162226761532,1
2506-TNFCO,1,Month-to-month,69.55,69.55,0.7473993136968414,High,51.98162226761532,1
5159-YFPKQ,2,Month-to-month,75.8,160.75,0.747379196431699,High,56.65134308952278,1
0488-GSLFR,1,Month-to-month,69.5,69.5,0.747356158958552,High,51.94125304761936,1
3428-XZMAZ,1,Month-to-month,69.35,69.35,0.7472266654647042,High,51.82016924997723,1
6457-GIRWB,1,Month-to-month,69.35,69.35,0.7472266654647042,High,51.82016924997723,1
1624-NALOJ,5,Month-to-month,89.8,502.6,0.7471591848673257,High,67.09489480108584,1
7206-GZCDC,1,Month-to-month,69.25,69.25,0.7471403120726584,High,51.739466611031595,1
0679-IDSTG,1,Month-to-month,69.25,69.25,0.7471403120726584,High,51.739466611031595,1
2446-BEGGB,6,Month-to-month,98.25,560.6,0.7471271749030525,High,73.40524493422491,1
9728-FTTVZ,1,Month-to-month,69.2,69.2,0.7470971280586933,High,51.69912126166158,1
7660-HDPJV,1,Month-to-month,69.2,69.2,0.7470971280586933,High,51.69912126166158,1
1447-GIQMR,1,Month-to-month,69.15,69.15,0.7470539391665022,High,51.65877989336363,1
3716-BDVDB,1,Month-to-month,69.1,69.1,0.7470107453963865,High,51.6184425068903,1
4806-HIPDW,1,Month-to-month,68.95,68.95,0.7468811348215144,High,51.49745424594342,1
2761-OCIAX,2,Month-to-month,74.7,165.4,0.7467396104241233,High,55.781448898682015,1
2462-XIIJB,5,Month-to-month,92.5,452.7,0.7466498763329006,High,69.0651135607933,1
1618-CFHME,2,Month-to-month,75.9,143.35,0.7465199988508541,High,56.66086791277983,1
6416-TVAIH,1,Month-to-month,68.5,68.5,0.7464920397871544,High,51.13470472542008,1
6161-UUUTA,3,Month-to-month,79.9,260.9,0.7461004073099365,High,59.61342254406394,1
2789-HQBOU,3,Month-to-month,80.35,253.8,0.7460812316903294,High,59.94762696631796,0
9897-KXHCM,3,Month-to-month,80.3,250.05,0.745837472951255,High,59.890749077985774,1
3319-DWOEP,6,Month-to-month,95.75,573.75,0.745811013260951,High,71.41140451973605,1
0334-GDDSO,3,Month-to-month,81.35,233.7,0.7458044404171034,High,60.67119122793135,1
4770-UEZOX,2,Month-to-month,74.75,144.8,0.7456649101164622,High,55.73845203120555,0
8414-MYSHR,5,Month-to-month,91.4,449.75,0.7455971815349929,High,68.14758239229835,1
3191-CSNMG,3,Month-to-month,80.7,239.45,0.7455879159601996,High,60.168944817988105,0
1724-BQUHA,5,Month-to-month,89.5,477.7,0.7455682917301997,High,66.72836210985287,1
7330-WZLNC,5,Month-to-month,90.8,455.5,0.745421205580562,High,67.68424546671503,1
4750-ZRXIU,4,Month-to-month,84.6,360.1,0.7452542041637188,High,63.048505672250606,1
6357-JJPQT,3,Month-to-month,80.5,232.35,0.7450399409549584,High,59.97571524687415,0
2880-FPNAE,2,Month-to-month,74.2,140.1,0.7449624527591263,High,55.27621399472717,0
0697-ZMSWS,4,Month-to-month,85.65,338.9,0.7449577852211697,High,63.80563430419319,1
1678-FYZOW,3,Month-to-month,79.4,244.65,0.7448123431493506,High,59.13810004605845,1
4086-YQSNZ,3,Month-to-month,80.4,224.05,0.7445074544319722,High,59.85839933633057,1
3811-VBYBZ,7,Month-to-month,99.8,673.25,0.7444508917087314,High,74.29619899253139,1
7488-MXJIV,4,Month-to-month,85.65,321.65,0.744019726536627,High,63.72528957786211,1
9837-BMCLM,3,Month-to-month,78.5,242.05,0.7439370092266981,High,58.39905522429581,1
6861-XWTWQ,7,Month-to-month,99.25,665.45,0.7435772970476504,High,73.80004673197931,1
4822-RVYBB,8,Month-to-month,100.6,819.4,0.7429729836998262,High,74.74308216020252,1
9237-HQITU,2,Month-to-month,70.7,151.65,0.7427336594211623,High,52.511269721076175,1
7074-IEVOJ,3,Month-to-month,79.4,205.05,0.7426547205956644,High,58.96678481529576,1
0508-OOLTO,2,Month-to-month,71.65,135.75,0.7426430472599544,High,53.21037433617574,0
3519-ZKXGG,3,Month-to-month,75.85,256.6,0.7425635896345768,High,56.323448273782645,1
8258-GSTJK,3,Month-to-month,77.0,237.75,0.742475572164217,High,57.17061905664471,1
9305-CDSKC,8,Month-to-month,99.65,820.5,0.742254921712565,High,73.96570294865711,1
3721-CNEYS,2,Month-to-month,70.95,137.95,0.7421896442210161,High,52.65835525748109,1
4342-HENTK,2,Month-to-month,70.65,142.35,0.7421843230984987,High,52.43532242690894,1
8835-VSDSE,2,Month-to-month,70.7,141.45,0.7421760930609955,High,52.47184977941239,1
9717-QEBGU,2,Month-to-month,70.3,144.0,0.7419875247301764,High,52.161722988531395,0
4581-SSPWD,3,Month-to-month,75.8,246.3,0.7419592880739846,High,56.24051403600803,1
5835-BEQEU,3,Month-to-month,76.95,228.4,0.7419231393953933,High,57.09098557647552,1
4548-SDBKE,5,Month-to-month,85.2,474.8,0.7418981295563948,High,63.209720638204836,1
5804-LEPIM,2,Month-to-month,70.35,139.05,0.7417575750513296,High,52.18264540486103,1
2897-DOVND,2,Month-to-month,69.8,146.65,0.7417222528670901,High,51.77221325012289,0
9799-CAYJJ,2,Month-to-month,69.3,153.8,0.741703333243293,High,51.4000409937602,0
7576-OYWBN,3,Month-to-month,76.05,231.8,0.7413703571964319,High,56.38121566478864,1
8161-QYMTT,7,Month-to-month,94.1,701.3,0.7413167539776027,High,69.7579065492924,0
6630-UJZMY,4,Month-to-month,83.25,308.05,0.7413110800999068,High,61.71414741831724,0
2612-RRIDN,4,Month-to-month,81.0,340.85,0.7412601157719385,High,60.04206937752702,1
4482-EWFMI,2,Month-to-month,69.7,135.2,0.7410124642261477,High,51.6485687565625,0
7394-LWLYN,2,Month-to-month,70.15,123.8,0.7407570465603232,High,51.96410681620667,0
5276-KQWHG,2,Month-to-month,69.6,131.65,0.7407353608225437,High,51.555181113249034,1
7321-VGNKU,2,Month-to-month,70.35,120.25,0.7407267519112011,High,52.11012699695299,0
2990-HWIML,6,Month-to-month,89.5,573.3,0.7406752592735926,High,66.29043570498654,1
1320-HTRDR,3,Month-to-month,75.5,220.6,0.7403030811533458,High,55.892882627077604,1
4847-TAJYI,6,Month-to-month,89.35,567.8,0.7402495611390523,High,66.14129828777432,0
8357-EQXFO,7,Month-to-month,95.35,660.9,0.7401274887485836,High,70.57115605217744,1
0404-SWRVG,3,Month-to-month,74.4,229.55,0.7398884645820625,High,55.047701764905455,1
3462-BJQQA,6,Month-to-month,89.75,552.65,0.7397460908976431,High,66.39221165806347,0
2645-QTLMB,7,Month-to-month,94.25,669.0,0.7396659025185324,High,69.71351131237168,1
2472-OVKUP,6,Month-to-month,91.0,531.0,0.73958582790192,High,67.30231033907472,1
4806-KEXQR,4,Month-to-month,79.9,324.3,0.7394444539957498,High,59.08161187426041,1
4090-KPJIP,3,Month-to-month,74.95,212.4,0.7393982372003941,High,55.41789787816954,0
2952-QAYZF,5,Month-to-month,85.3,424.15,0.7391984540841413,High,63.05362813337725,1
2959-MJHIC,4,Month-to-month,80.35,307.4,0.7388847976782338,High,59.36939349344608,1
9306-CPCBC,3,Month-to-month,74.25,210.3,0.7387039256133571,High,54.84876647679176,1
4395-PZMSN,5,Month-to-month,85.55,408.5,0.7385419653420406,High,63.182265135011576,0
4210-QFJMF,4,Month-to-month,79.15,317.25,0.7384356386061445,High,58.44718079567634,1
3750-CKVKH,2,Month-to-month,67.75,116.65,0.7383823783483404,High,50.02540613310006,1
8622-ZLFKO,6,Month-to-month,90.75,512.25,0.7383452236502732,High,67.0048290462623,0
8780-IXSTS,6,Month-to-month,90.1,521.3,0.7383068878534679,High,66.52145059559746,1
0781-LKXBR,9,Month-to-month,100.5,918.6,0.7381636743116188,High,74.18544926831768,1
8739-XNIKG,5,Month-to-month,84.0,424.75,0.7381561481937607,High,62.0051164482759,0
8752-STIVR,4,Month-to-month,79.0,303.15,0.7375319279949517,High,58.265022311601186,1
4626-GYCZP,7,Month-to-month,93.85,635.6,0.7374913734510631,High,69.21356539838227,1
8242-SOQUO,5,Month-to-month,84.7,392.5,0.736952243233668,High,62.41985500189168,0
9231-ZJYAM,4,Month-to-month,78.85,292.8,0.7368341371248274,High,58.09937171229264,1
6168-WFVVF,3,Month-to-month,70.3,235.5,0.7368226958011244,High,51.79863551481904,1
5685-IIXLY,5,Month-to-month,83.6,404.2,0.7366867062537218,High,61.587008642811135,1
9633-XQABV,3,Month-to-month,70.25,229.7,0.7364594603272347,High,51.73627708798824,0
9134-CEQMF,7,Month-to-month,89.5,676.7,0.7361548085985214,High,65.88585536956766,1
8443-ZRDBZ,4,Month-to-month,76.05,318.9,0.7359532075567758,High,55.9692414346928,1
2968-SSGAA,10,Month-to-month,100.6,1060.2,0.735827146752449,High,74.02421096329637,1
7005-CCBKV,6,Month-to-month,84.4,556.35,0.7355136744907517,High,62.07735412701945,1
2672-HUYVI,6,Month-to-month,91.1,455.3,0.7354797051324212,High,67.00220113756357,1
4143-OOBWZ,5,Month-to-month,81.3,416.3,0.7354438282105051,High,59.79158323351407,1
2929-ERCFZ,8,Month-to-month,94.2,777.3,0.7353651107595857,High,69.27139343355297,1
7379-POKDZ,3,Month-to-month,70.3,208.85,0.7353426882096196,High,51.69459098113625,1
2055-PDADH,3,Month-to-month,70.4,204.7,0.7351951791060652,High,51.757740609067,1
0722-TROQR,4,Month-to-month,74.9,321.75,0.7351530546887993,High,55.06296379619107,1
1567-DSCIC,8,Month-to-month,94.0,773.65,0.734995094744103,High,69.08953890594567,1
5168-MSWXT,8,Month-to-month,94.75,759.55,0.7348359927444112,High,69.62571031253296,0
7563-BIUPC,5,Month-to-month,80.6,415.55,0.734817969703969,High,59.226328358139895,1
4749-OJKQU,4,Month-to-month,75.65,302.35,0.7346987951792089,High,55.579963855307156,0
7245-NIIWQ,3,Month-to-month,69.85,199.85,0.7344657392486293,High,51.30243188651676,0
6077-BDPXA,3,Month-to-month,70.15,194.2,0.7344014669852713,High,51.518262909016784,0
4585-HETAI,4,Month-to-month,73.75,325.45,0.7343987523652904,High,54.161907986940165,1
0455-XFASS,3,Month-to-month,69.55,200.2,0.7342344534269443,High,51.06600623584397,0
6941-PMGEP,5,Month-to-month,80.0,412.5,0.7341464811859192,High,58.73171849487353,1
2379-ENZGV,6,Month-to-month,84.85,523.5,0.7340594297971959,High,62.284942618292064,1
7341-LXCAF,4,Month-to-month,74.65,301.4,0.7338095957427383,High,54.77888632219542,1
0325-XBFAC,8,Month-to-month,94.7,740.3,0.7337204645034644,High,69.48332798847808,1
5868-YWPDW,6,Month-to-month,84.2,519.15,0.7332721384218003,High,61.74151405511559,1
1197-BVMVG,4,Month-to-month,74.45,294.45,0.7332537153692337,High,54.59073910923945,0
1569-TTNYJ,5,Month-to-month,78.75,412.1,0.7330772654854621,High,57.729834656980145,1
1455-UGQVH,10,Month-to-month,98.5,1037.75,0.7328193506340166,High,72.18270603745063,1
7693-LCKZL,5,Month-to-month,80.15,385.0,0.7327351925421712,High,58.72872568225503,1
4795-KTRTH,5,Month-to-month,81.0,371.65,0.7327011690586617,High,59.34879469375159,1
3138-BKYAV,6,Month-to-month,85.35,489.45,0.7325748691639213,High,62.52526508314068,1
1579-KLYDT,7,Month-to-month,90.45,593.45,0.7323052699756285,High,66.2370116692956,1
0004-TLHLJ,4,Month-to-month,73.9,280.85,0.7320304810450232,High,54.09705254922722,1
7943-RQCHR,9,Month-to-month,94.75,889.9,0.7317657534551686,High,69.33480513987722,1
0187-QSXOE,7,Month-to-month,89.0,605.45,0.7317592559347755,High,65.12657377819502,0
6786-OBWQR,5,Month-to-month,80.85,356.1,0.7317034748810247,High,59.15822594413084,0
8083-YTZES,4,Month-to-month,74.35,265.35,0.7315392900214344,High,54.389946213093644,1
6688-UZPWD,11,Month-to-month,102.0,1145.35,0.7314066038320248,High,74.60347359086653,1
7145-FEJWU,12,Month-to-month,105.3,1275.65,0.7310978383454918,High,76.98460237778029,0
2027-FECZV,12,Month-to-month,106.7,1253.9,0.7310549714867407,High,78.00356545763523,1
4145-UQXUQ,8,Month-to-month,92.1,729.95,0.7309564045370963,High,67.32108485786657,1
0196-VULGZ,6,Month-to-month,84.35,474.9,0.7309171815629469,High,61.65286426483457,1
9451-LPGOO,7,Month-to-month,86.8,620.35,0.7307435104083622,High,63.428536703445836,1
7209-JCUDS,10,Month-to-month,94.9,1048.85,0.730413122003268,High,69.31620527811015,1
8972-HJWNV,7,Month-to-month,84.55,646.85,0.730336669723779,High,61.74996542514551,1
4115-NZRKS,7,Month-to-month,89.15,574.35,0.730137218428048,High,65.09173302286048,0
0644-OQMDK,4,Month-to-month,70.65,293.85,0.7300226288920111,High,51.57609873122059,0
4078-SAYYN,11,Month-to-month,100.75,1129.75,0.729473768761813,High,73.49448220275266,1
1960-UYCNN,10,Month-to-month,95.25,1021.55,0.7291699206438507,High,69.45343494132678,0
0564-JJHGS,9,Month-to-month,95.5,829.1,0.7289758847015885,High,69.6171969890017,1
7044-YAACC,4,Month-to-month,70.2,280.35,0.7288804040505477,High,51.16740436434845,0
3727-RJMEO,6,Month-to-month,82.85,460.25,0.7288240872423278,High,60.38307562802686,1
2012-NWRPA,11,Month-to-month,99.55,1131.2,0.7285397083677031,High,72.52612796800484,1
6979-ZNSFF,8,Month-to-month,87.05,762.1,0.7285007795649058,High,63.41599286112505,1
4285-GYRQC,7,Month-to-month,86.25,587.1,0.7284031357620155,High,62.82477045947384,1
1925-TIBLE,7,Month-to-month,86.5,582.5,0.7283549331626532,High,63.002701718569504,1
6229-LSCKB,6,Month-to-month,79.7,497.6,0.7282659943312789,High,58.04279974820293,0
9408-SSNVZ,4,Month-to-month,70.15,268.35,0.728159550565808,High,51.080392472191434,1
2123-AGEEN,7,Month-to-month,84.35,609.65,0.728067479773521,High,61.41249191889649,0
5399-ZIMKF,5,Month-to-month,74.65,383.65,0.7280176731720924,High,54.346519302296706,0
3606-TWKGI,13,Month-to-month,106.9,1364.3,0.7269964077734354,High,77.71591599098025,1
9957-YODKZ,6,Month-to-month,80.8,457.1,0.7269055578582908,High,58.7339690749499,0
8382-SHQEH,8,Month-to-month,84.9,764.95,0.7268363612702178,High,61.70840707184149,1
8087-LGYHQ,9,Month-to-month,94.05,811.65,0.7267569457178771,High,68.35149074476634,0
2568-BRGYX,4,Month-to-month,70.2,237.95,0.7264784905874844,High,50.998790039241406,1
4884-ZTHVF,8,Month-to-month,87.1,713.6,0.7257924642446071,High,63.21652363570527,0
5956-VKDTT,5,Month-to-month,74.35,334.8,0.7249874655043153,High,53.902818060245835,1
3045-XETSH,10,Month-to-month,94.85,953.45,0.7249665980891183,High,68.76308182875287,1
2205-YMZZJ,7,Month-to-month,84.8,546.95,0.7248890277797495,High,61.47058955572275,1
3902-FOIGH,12,Month-to-month,101.35,1218.55,0.7245108745597215,High,73.42917713662777,1
0897-FEGMU,11,Month-to-month,99.5,1056.95,0.724278744566751,High,72.06573508439172,1
9221-OTIVJ,14,Month-to-month,104.85,1531.4,0.724213282706932,High,75.93376269182181,1
0094-OIFMO,11,Month-to-month,95.0,1120.3,0.7240440966743132,High,68.78418918405976,1
6969-MVBAI,9,Month-to-month,90.1,816.8,0.7236770437628827,High,65.20330164303573,0
5445-UTODQ,7,Month-to-month,81.1,576.65,0.723417648237159,High,58.669171272033594,1
6437-UKHMV,7,Month-to-month,79.7,586.05,0.7227543789798181,High,57.6035240046915,1
4229-CZMLL,6,Month-to-month,74.9,469.8,0.7225859098886762,High,54.121684650661855,1
2660-EMUBI,10,Month-to-month,95.35,898.35,0.7222448379954127,High,68.8660453028626,1
7450-NWRTR,12,Month-to-month,99.45,1200.15,0.7218277682288375,High,71.7857715503579,1
5229-PRWKT,8,Month-to-month,86.55,649.65,0.7216659322840947,High,62.4601864391884,1
0018-NYROU,5,Month-to-month,68.95,351.5,0.7213102241695435,High,49.734339956490025,0
8185-UPYBR,6,Month-to-month,75.5,438.0,0.7212771534664535,High,54.45642508671724,1
2799-ARNLO,5,Month-to-month,69.35,341.6,0.7210858400386524,High,50.00730300668054,0
5949-XIKAE,8,Month-to-month,83.55,680.05,0.7208283672572948,High,60.22521008434698,1
2982-VPSGI,11,Month-to-month,94.0,1078.9,0.7208115187245192,High,67.75628276010481,1
2058-DCJBE,5,Month-to-month,69.75,324.6,0.7204527457121922,High,50.251579013425406,1
6047-YHPVI,5,Month-to-month,69.7,316.9,0.7199660042311162,High,50.1816304949088,1
2026-TGDHM,7,Month-to-month,79.3,523.15,0.7187905002583279,High,57.0000866704854,1
7638-QVMVY,7,Month-to-month,79.0,522.95,0.7185189944027837,High,56.76300055781991,1
2657-VPXTA,10,Month-to-month,88.85,929.45,0.7184243125445802,High,63.832000169585946,0
8337-UPOAQ,10,Month-to-month,89.8,914.3,0.7183717644491899,High,64.50978444753726,1
2215-ZAFGX,9,Month-to-month,85.5,791.7,0.7182679391727186,High,61.41190879926744,0
0840-DFEZH,7,Month-to-month,75.35,564.65,0.7177657776032571,High,54.08365134240542,0
5383-MMTWC,8,Month-to-month,84.0,613.4,0.7173692320682609,High,60.25901549373391,1
8931-GJJIQ,9,Month-to-month,83.3,803.3,0.7170294771862812,High,59.72855544961722,1
9965-YOKZB,9,Month-to-month,83.85,790.15,0.716744885832909,High,60.09905867708941,1
2691-NZETQ,9,Month-to-month,85.35,758.6,0.7162185528737247,High,61.1292534877724,1
6711-FLDFB,7,Month-to-month,74.9,541.15,0.7160108949190364,High,53.629216029435824,1
2077-MPJQO,7,Month-to-month,75.4,533.05,0.7159757523089689,High,53.98457172409626,0
7526-BEZQB,12,Month-to-month,96.05,1148.1,0.7158758994699282,High,68.75988014408661,1
8058-JMEQO,9,Month-to-month,84.45,762.5,0.7156609030683313,High,60.43756326412058,1
3453-RTHJQ,6,Month-to-month,69.1,435.0,0.715555444560655,High,49.44488121914126,0
8325-QRPZR,7,Month-to-month,75.15,525.0,0.7152894090001835,High,53.75399908636379,0
2642-DTVCO,9,Month-to-month,85.05,746.5,0.7152532035436024,High,60.83228496138339,1
4112-LUEIZ,10,Month-to-month,89.5,863.1,0.7151392832736772,High,64.0049658529941,1
6615-NGGZJ,14,Month-to-month,100.55,1415.55,0.7138000311818034,High,71.77259313533033,1
8808-ELEHO,8,Month-to-month,81.25,585.95,0.7133718326470497,High,57.96146140257279,1
0122-OAHPZ,7,Month-to-month,73.85,511.25,0.7133503897399015,High,52.68092628229172,1
1475-VWVDO,7,Month-to-month,74.9,490.55,0.713060388974518,High,53.4082231341914,0
7326-RIGQZ,6,Month-to-month,69.8,377.85,0.7128329389608802,High,49.75573913946943,0
9334-GWGOW,7,Month-to-month,74.85,485.25,0.7127064138942177,High,53.34607507998219,0
2454-RPBRZ,12,Month-to-month,98.1,1060.2,0.7125400860189419,High,69.9001824384582,1
3793-MMFUH,13,Month-to-month,95.05,1290.0,0.7124704989088104,High,67.72032092128242,1
7779-LGOVN,10,Month-to-month,86.65,856.65,0.7122669070409694,High,61.7179274951,1
0011-IGKFF,13,Month-to-month,98.0,1237.85,0.7120060608863524,High,69.77659396686254,1
7363-QTBIW,9,Month-to-month,79.75,769.1,0.711931589442362,High,56.77654425802837,0
1704-NRWYE,9,Month-to-month,80.85,751.65,0.7118753040412663,High,57.555118331736374,1
1173-XZPYF,11,Month-to-month,89.2,990.3,0.7114818317667208,High,63.46417939359149,0
0195-IESCP,10,Month-to-month,85.25,855.3,0.7109564467411488,High,60.60903708468293,1
9290-SHCMB,13,Month-to-month,96.85,1235.55,0.7108593115439749,High,68.84672432303397,0
3621-CEOVK,14,Month-to-month,100.2,1369.8,0.7108125137162122,High,71.22341387436447,1
2180-DXNEG,12,Month-to-month,96.0,1062.1,0.7108048826012945,High,68.23726872972426,1
0727-IWKVK,9,Month-to-month,79.9,741.7,0.7104547647819192,High,56.76533570607535,1
4291-SHSBH,7,Month-to-month,69.55,521.35,0.7101621705290554,High,49.3917789602958,0
7130-VTEWQ,8,Month-to-month,75.75,606.25,0.7097252358371468,High,53.761686614663866,1
6000-APYLU,9,Month-to-month,80.8,713.1,0.7095654980610295,High,57.33289224333119,1
9061-TIHDA,13,Month-to-month,95.25,1233.65,0.7093359660776599,High,67.56425076889711,1
8541-QVFKM,8,Month-to-month,73.5,632.2,0.7092668499177768,High,52.13111346895659,0
0872-NXJYS,9,Month-to-month,79.55,723.4,0.7090680972344214,High,56.40636713499822,1
7249-WBIYX,10,Month-to-month,85.6,813.85,0.7088250149829316,High,60.67542128253894,1
2575-GFSOE,7,Month-to-month,69.0,506.9,0.7088249374090826,High,48.9089206812267,1
2688-BHGOG,9,Month-to-month,79.55,718.55,0.7087819958254582,High,56.3836077679152,0
3488-PGMQJ,8,Month-to-month,74.5,606.55,0.7086381063405908,High,52.79353892237401,1
1077-HUUJM,7,Month-to-month,71.05,472.65,0.7086172893216961,High,50.34725840630651,0
0680-DFNNY,15,Month-to-month,101.1,1504.05,0.7086024848251822,High,71.63971121582591,1
3398-FSHON,12,Month-to-month,91.3,1094.5,0.7085633457969023,High,64.69183347125717,1
5519-NPHVG,12,Month-to-month,94.2,1046.1,0.7082724442884147,High,66.71926425196867,1
3199-XGZCY,8,Month-to-month,75.25,576.7,0.7075386362036898,High,53.24228237432766,0
3030-YDNRM,8,Month-to-month,74.85,572.45,0.7069321434722721,High,52.913870938899564,0
1184-PJVDB,10,Month-to-month,79.95,857.2,0.7063793519733215,High,56.47502919026705,1
3663-MITLP,15,Month-to-month,101.25,1457.25,0.7059657157886439,High,71.4790287236002,1
7354-OIJLX,9,Month-to-month,75.85,724.65,0.7058604684924954,High,53.53951653515577,0
5027-QPKTE,7,Month-to-month,69.35,451.1,0.7058332253200855,High,48.949534175947925,1
0916-QOFDP,14,Month-to-month,95.8,1346.3,0.7055273202204808,High,67.58951727712206,0
5429-LWCMV,12,Month-to-month,89.15,1057.55,0.704462622751252,High,62.80284281827412,0
5928-QLDHB,9,Month-to-month,76.25,684.85,0.7038501255054087,High,53.668572069787416,0
4282-YMKNA,9,Month-to-month,74.75,706.6,0.7038062431810161,High,52.60951667778096,1
7156-MHUGY,13,Month-to-month,90.5,1201.15,0.7031856741945018,High,63.63830351460242,1
1219-NNDDO,9,Month-to-month,76.85,663.55,0.7031163329511065,High,54.03449018729253,0
6339-YPSAH,9,Month-to-month,73.8,704.3,0.7028195280654466,High,51.86808117122995,0
7858-GTZSP,12,Month-to-month,86.55,1066.9,0.7026962898927295,High,60.818363890215736,0
5348-CAGXB,12,Month-to-month,89.55,1021.75,0.702685705328212,High,62.92550491214138,0
9094-AZPHK,15,Month-to-month,100.15,1415.0,0.7024680106178569,High,70.35217126337837,0
6986-IXNDM,14,Month-to-month,92.9,1337.45,0.7024101584960112,High,65.25390372427944,0
1016-DJTSV,8,Month-to-month,69.7,572.85,0.7023627468803533,High,48.95468345756063,0
0365-BZUWY,17,Month-to-month,102.55,1742.5,0.7020463782619002,High,71.99485609075786,0
3629-ZNKXA,17,Month-to-month,101.8,1752.45,0.7019690419336908,High,71.46044846884972,0
8225-BTJAU,10,Month-to-month,79.25,793.55,0.7019640617619495,High,55.6306518946345,1
3999-QGRJH,8,Month-to-month,69.7,560.85,0.7016451107497853,High,48.904664219260034,1
6860-YRJZP,9,Month-to-month,74.05,678.45,0.7014981425786961,High,51.945937457952446,0
3320-VEOYC,14,Month-to-month,95.6,1273.3,0.7009935280362521,High,67.0149812802657,0
1075-BGWOH,16,Month-to-month,98.75,1587.55,0.7004503388725932,High,69.16947096366859,1
7613-LLQFO,12,Month-to-month,84.45,1059.55,0.7003719862277071,High,59.14641423692987,1
2876-GZYZC,13,Month-to-month,85.95,1215.65,0.6999711172663833,High,60.162517529045644,0
1195-OIYEJ,13,Month-to-month,91.1,1135.7,0.6998061864846952,High,63.75234358875573,1
0709-TVGUR,9,Month-to-month,74.55,622.9,0.6986135925625825,High,52.081643325540526,1
3473-XIIIT,16,Month-to-month,100.0,1534.75,0.6984032997119587,High,69.84032997119587,1
8065-YKXKD,10,Month-to-month,74.75,799.65,0.6982813633132736,High,52.1965319076672,1
0236-HFWSV,15,Month-to-month,93.35,1444.65,0.6981308381951051,High,65.17051374551306,1
7517-LDMPS,12,Month-to-month,84.6,1017.35,0.6979698028322265,High,59.04824531960636,0
8245-UMPYT,16,Month-to-month,96.4,1581.2,0.6979504494905823,High,67.28242333089213,1
1379-FRVEB,15,Month-to-month,91.0,1430.05,0.6951204111869301,High,63.255957418010645,0
5288-AHOUP,11,Month-to-month,78.5,874.2,0.694988774686076,High,54.55661881285697,0
5565-FILXA,16,Month-to-month,96.15,1529.2,0.6945801684351152,High,66.78388319503632,1
8800-JOOCF,12,Month-to-month,84.05,966.55,0.6943996513587363,High,58.36429069670178,0
1875-QIVME,2,Month-to-month,104.4,242.8,0.6939905784949291,High,72.4526163948706,1
9402-ORRAH,15,Month-to-month,91.5,1400.3,0.6937704599698645,High,63.4799970872426,0
8270-RKSAP,9,Month-to-month,70.5,597.9,0.6934294296485508,High,48.88677479022283,0
5889-LFOLL,13,Month-to-month,84.6,1115.2,0.6926758228622913,High,58.60037461414984,1
2845-HSJCY,14,Month-to-month,87.25,1258.6,0.6925455730034855,High,60.42460124455411,1
5520-FVEWJ,12,Month-to-month,84.5,916.9,0.6917906975940328,High,58.45631394669577,1
1564-NTYXF,13,Month-to-month,82.0,1127.2,0.6910317253271344,High,56.66460147682502,1
7625-XCQRH,11,Month-to-month,76.5,837.95,0.6909604270902416,High,52.85847267240349,1
5956-YHHRX,21,Month-to-month,104.35,2271.85,0.6908833319796905,High,72.09367569208071,0
2081-VEYEH,3,Month-to-month,107.95,318.6,0.6905651272122236,High,74.54650548255954,0
5976-JCJRH,10,Month-to-month,70.3,738.2,0.6905068282112153,High,48.542630023248435,1
2482-CZGBB,10,Month-to-month,70.0,740.0,0.6903420189663201,High,48.32394132764241,1
9391-EOYLI,12,Month-to-month,80.45,950.2,0.6901172772415093,High,55.519934954079424,1
7508-MYBOG,14,Month-to-month,86.1,1235.55,0.6900877297582143,High,59.41655353218225,1
1907-UBQFC,10,Month-to-month,72.85,688.65,0.6898146360891096,High,50.25299623909164,1
6583-KQJLK,15,Month-to-month,94.65,1285.05,0.6896232751034845,High,65.27284298854481,0
4822-NGOCH,13,Month-to-month,84.45,1058.6,0.689082997967617,High,58.19305917836525,1
1024-VRZHF,11,Month-to-month,74.95,825.7,0.688790050858472,High,51.62481431184248,1
1867-BDVFH,11,Month-to-month,74.35,834.2,0.6887597441006048,High,51.20928697387996,1
5883-GTGVD,19,Month-to-month,99.95,1931.75,0.68871007727743,High,68.83657222387913,1
1508-DFXCU,12,Month-to-month,81.45,912.0,0.6886965922310673,High,56.09433743722043,0
1393-IMKZG,1,Month-to-month,95.85,95.85,0.6885083637065088,High,65.99352666126886,0
1428-GTBJJ,11,Month-to-month,74.55,824.75,0.688364222998183,High,51.31755282451454,1
0689-NKYLF,13,Month-to-month,83.2,1060.6,0.68805686886378,High,57.2463314894665,1
1918-ZBFQJ,13,Month-to-month,79.25,1111.65,0.687555711109438,High,54.488790105422964,1
9314-IJWSQ,14,Month-to-month,84.8,1203.9,0.6869525500233313,High,58.25357624197849,0
8337-MSSXB,14,Month-to-month,86.3,1180.95,0.6869240479534786,High,59.2815453383852,1
5935-FCCNB,17,Month-to-month,94.2,1608.15,0.6862984767580048,High,64.64931651060405,0
6379-RXJRQ,10,Month-to-month,70.1,659.65,0.6855027994878666,High,48.05374624409945,1
7668-XCFYV,17,Month-to-month,92.55,1614.7,0.6851781710597491,High,63.41323973157978,0
7206-PQBBZ,11,Month-to-month,70.2,834.7,0.6849653189553514,High,48.084565390665674,0
7392-YYPYJ,22,Month-to-month,100.65,2415.95,0.6849528287957388,High,68.94050221829112,0
1658-BYGOY,18,Month-to-month,95.45,1752.55,0.6849350150197001,High,65.37704718363038,1
9223-UCPVT,1,Month-to-month,94.4,94.4,0.6844257576187074,High,64.60979151920598,1
5052-PNLOS,3,Month-to-month,105.35,323.25,0.6843188099277806,High,72.09298662589168,1
7225-CBZPL,17,Month-to-month,94.8,1563.9,0.6841245669684873,High,64.85500894861259,0
4559-UWIHT,14,Month-to-month,82.65,1185.0,0.6838006631388086,High,56.51612480842253,0
9185-TQCVP,14,Month-to-month,85.15,1139.2,0.6832860072025062,High,58.18180351329341,1
1689-YQBYY,12,Month-to-month,76.6,893.0,0.6830483752849628,High,52.32150554682814,0
8118-LSUEL,23,Month-to-month,106.4,2483.5,0.6830052631467631,High,72.6717599988156,1
5228-EXCET,13,Month-to-month,80.85,1008.7,0.6826859266935712,High,55.195157173175225,1
0928-XUTSN,13,Month-to-month,80.5,1011.8,0.6825529644114501,High,54.945513635121735,0
7861-UVUFT,15,Month-to-month,84.3,1308.4,0.6815011064008427,High,57.45054326959104,1
0329-GTIAJ,3,Month-to-month,97.9,315.3,0.6810822802210561,High,66.6779552336414,1
6087-MVHJH,16,Month-to-month,88.45,1422.1,0.6809204216426589,High,60.22741129429318,1
5797-APWZC,1,Month-to-month,90.6,90.6,0.6806618338246365,High,61.66796214451207,1
7294-TMAOP,1,Month-to-month,90.55,90.55,0.6806121497886529,High,61.62943016336252,1
3096-GKWEB,18,Month-to-month,94.75,1691.9,0.6805296663050556,High,64.48018588240402,0
7938-OUHIO,3,Month-to-month,98.7,293.65,0.6804823203723122,High,67.16360502074721,1
5955-ERIHD,18,Month-to-month,94.7,1687.95,0.6802375122415215,High,64.41849240927209,1
7218-HKQFK,2,Month-to-month,94.2,167.5,0.679963518335672,High,64.0525634272203,1
9124-LHCJQ,1,Month-to-month,85.45,85.45,0.6798678324827577,High,58.09470628565165,1
5364-EVNIB,13,Month-to-month,79.8,973.45,0.6795198401475422,High,54.225683243773865,1
9625-QSTYE,13,Month-to-month,81.15,952.3,0.6794630449744483,High,55.13842609967649,1
5299-SJCZT,3,Month-to-month,101.55,298.35,0.6792414396536005,High,68.97696819682314,1
7503-ZGUZJ,1,Month-to-month,84.65,84.65,0.6790713508113062,High,57.483389846177076,1
6100-QQHEB,17,Month-to-month,92.55,1515.1,0.6790041624223202,High,62.84183523218573,1
5349-IECLD,2,Month-to-month,94.95,178.1,0.6786355173957583,High,64.43644237672726,1
8413-VONUO,2,Month-to-month,95.65,167.3,0.6786164172737882,High,64.90966031223785,1
3178-FESZO,1,Month-to-month,100.25,100.25,0.67795595091823,High,67.96508407955255,1
6877-TJMBR,1,Month-to-month,84.8,84.8,0.6775731657598738,High,57.458204456437294,1
7181-BQYBV,1,Month-to-month,102.45,102.45,0.6774625198046994,High,69.40603515399145,1
3006-XIMLN,2,Month-to-month,94.2,193.8,0.6774033387591082,High,63.81139451110799,1
6734-GMPVK,5,Month-to-month,105.3,550.6,0.6768784669169347,High,71.27530256635322,0
3317-VLGQT,14,Month-to-month,78.1,1122.4,0.6756602849387756,High,52.76906825371837,0
5275-SQEIZ,1,Month-to-month,80.85,80.85,0.6752738637467338,High,54.59589188392343,1
1965-AKTSX,14,Month-to-month,78.95,1101.85,0.6751709618841996,High,53.30474744075756,1
7969-AULMZ,21,Month-to-month,97.35,2119.5,0.6749590711277434,High,65.70726557428583,1
6127-ISGTU,16,Month-to-month,84.95,1378.25,0.674908430486042,High,57.33347116978927,1
6275-YDUVO,2,Month-to-month,86.2,178.7,0.6748214484205545,High,58.1696088538518,1
9921-ZVRHG,14,Month-to-month,80.45,1072.0,0.6747091206578042,High,54.28034875692035,1
1792-UXAFY,17,Month-to-month,89.15,1496.9,0.6746791924078649,High,60.14765000316116,1
2984-AFWNC,3,Month-to-month,95.4,293.15,0.6746656616774362,High,64.36310412402742,0
0137-OCGAB,1,Month-to-month,80.2,80.2,0.6746219604603745,High,54.10468122892203,1
7120-RFMVS,1,Month-to-month,84.5,84.5,0.6745703385500597,High,57.00119360748004,1
8821-XNHVZ,1,Month-to-month,80.05,80.05,0.6744714250521844,High,53.991437575427355,1
2013-SGDXK,1,Month-to-month,84.3,84.3,0.6743696001923506,High,56.84935729621515,1
0880-TKATG,4,Month-to-month,101.15,385.9,0.674269090121839,High,68.20231846582402,1
0480-BIXDE,19,Month-to-month,96.8,1743.05,0.6740701758818427,High,65.24999302536237,0
3097-NQYSN,2,Month-to-month,86.85,156.35,0.6740301670492472,High,58.53952000822712,1
6618-RYATB,1,Month-to-month,79.55,79.55,0.673969380316635,High,53.61426420418831,1
5989-PGKJB,16,Month-to-month,86.25,1340.1,0.6737368245127582,High,58.10980111422539,0
2254-DLXRI,1,Month-to-month,79.15,79.15,0.6735674569025683,High,53.31286421383828,0
8625-AZYZY,24,Month-to-month,104.65,2542.45,0.6734888698936088,High,70.48061023436617,1
3452-GWUIN,19,Month-to-month,94.95,1760.25,0.6734082787804008,High,63.94011607019905,0
4514-GFCFI,16,Month-to-month,84.75,1350.15,0.6729548482370384,High,57.03292338808901,1
7398-SKNQZ,3,Month-to-month,94.9,273.2,0.6729411921310001,High,63.862119133231914,0
2074-GKOWZ,2,Month-to-month,89.55,185.55,0.6725140882166127,High,60.22363659979767,1
5644-PDMZC,2,Month-to-month,89.5,161.5,0.672476373056751,High,60.18663538857921,1
4441-NIHPT,13,Month-to-month,74.3,940.35,0.6722839826470437,High,49.95069991067535,1
8010-EZLOU,15,Month-to-month,80.2,1217.25,0.6719572965045035,High,53.89097517966118,1
3296-SILRA,1,Month-to-month,76.4,76.4,0.6707973478800203,High,51.24891737803355,1
6356-ELRKD,1,Month-to-month,95.6,95.6,0.670582539755888,High,64.1076908006629,1
2867-UIMSS,1,Month-to-month,80.5,80.5,0.6705434699082377,High,53.97874932761313,1
2272-QAGFO,14,Month-to-month,74.3,1096.25,0.6704317541876346,High,49.81307933614124,1
3372-KWFBM,16,Month-to-month,86.6,1281.0,0.6703437190225542,High,58.05176606735319,1
6683-VLCTZ,20,Month-to-month,98.55,1842.8,0.6703359804941847,High,66.06161087770191,1
1389-CXMLU,3,Month-to-month,91.05,289.1,0.6703048462987297,High,61.031256255499336,1
1626-ERCMM,20,Month-to-month,94.55,1899.65,0.6701392464073104,High,63.361665747811195,1
5318-IXUZF,2,Month-to-month,87.15,183.75,0.6701311417645467,High,58.40192900478025,1
1448-PWKYE,1,Month-to-month,80.0,80.0,0.6700383309056568,High,53.60306647245254,1
8313-NDOIA,24,Month-to-month,104.15,2494.65,0.6700032933788056,High,69.7808430054026,0
0684-AOSIH,1,Month-to-month,95.0,95.0,0.6699763622967722,High,63.64775441819336,1
1285-OKIPP,1,Month-to-month,79.9,79.9,0.6699372559413769,High,53.527986749716014,1
5393-RXQSZ,1,Month-to-month,79.6,79.6,0.6696339368451428,High,53.302861372873366,1
9019-QVLZD,1,Month-to-month,79.55,79.55,0.6695833699335105,High,53.26535707821076,1
3276-HDUEG,1,Month-to-month,75.05,75.05,0.6694331047810506,High,50.24095451381784,1
5442-UTCVD,3,Month-to-month,91.85,257.05,0.6690364564302999,High,61.45099852312304,1
2024-BASKD,1,Month-to-month,74.6,74.6,0.6689777215790552,High,49.90573802979752,1
2982-IHMFT,1,Month-to-month,74.45,74.45,0.6688258567695661,High,49.794085036494195,1
6372-RFVNS,1,Month-to-month,78.8,78.8,0.6688243963147653,High,52.7033624296035,1
8945-GRKHX,1,Month-to-month,78.65,78.65,0.6686724960019513,High,52.59109181055348,1
3707-GNWHM,1,Month-to-month,74.25,74.25,0.6686233156593978,High,49.64528118771029,1
0231-LXVAP,1,Month-to-month,75.9,75.9,0.6686213167934405,High,50.748357944622136,1
5167-ZFFMM,1,Month-to-month,90.85,90.85,0.6685032098576266,High,60.73351661556537,1
9885-CSMWE,1,Month-to-month,78.45,78.45,0.6684699075909409,High,52.44146425050932,1
0258-NOKBL,3,Month-to-month,90.4,268.45,0.6683818088511991,High,60.4217155201484,0
9102-IAYHT,17,Month-to-month,85.45,1451.6,0.668325023255423,High,57.1083732371759,1
1731-TVIUK,4,Month-to-month,93.5,362.2,0.6682628566751606,High,62.48257709912752,1
2777-PHDEI,1,Month-to-month,78.05,78.05,0.668064543570525,High,52.14243762567948,1
3254-YRILK,19,Month-to-month,88.2,1775.8,0.6680013219855518,High,58.917716599125676,1
9507-EXLTT,1,Month-to-month,79.35,79.35,0.6678481882471138,High,52.993753737408476,1
9506-UXUSK,13,Month-to-month,70.15,931.75,0.6678085512821221,High,46.84676987244087,0
4631-OACRM,15,Month-to-month,79.4,1156.1,0.6673317306528371,High,52.986139413835275,1
9685-WKZGT,14,Month-to-month,74.95,1036.75,0.6672813636421319,High,50.012738204977786,1
9560-ARGQJ,16,Month-to-month,81.0,1312.15,0.6669996980347976,High,54.02697554081861,1
8943-URTMR,2,Month-to-month,79.65,152.7,0.6669829932159971,High,53.12519540965417,1
4929-XIHVW,2,Month-to-month,95.5,181.65,0.6669328771828836,High,63.69208977096539,0
2398-YPMUR,13,Month-to-month,70.15,916.75,0.6668565955205648,High,46.77999017576762,1
3957-LXOLK,28,Month-to-month,106.15,3152.5,0.6666300268591921,High,70.76277735110325,1
5380-AFSSK,5,Month-to-month,93.9,486.85,0.6664730835981103,High,62.58182254986256,1
6910-HADCM,1,Month-to-month,76.35,76.35,0.6663389715027008,High,50.8749804742312,1
6892-XPFPU,24,Month-to-month,104.25,2433.9,0.666247543662313,High,69.45630642679613,1
9444-JTXHZ,1,Month-to-month,76.2,76.2,0.6661865001745304,High,50.763411313299216,1
6960-HVYXR,1,Month-to-month,76.0,76.0,0.6659831510130974,High,50.6147194769954,1
8107-KNCIM,14,Month-to-month,75.1,1013.35,0.6659375601852376,High,50.011910769911346,0
6140-QNRQQ,1,Month-to-month,71.55,71.55,0.6658829202305818,High,47.64392294249813,1
7595-EUIVN,1,Month-to-month,75.8,75.8,0.6657797401241247,High,50.46610430140865,1
8042-JVNFH,1,Month-to-month,71.35,71.35,0.6656794789439429,High,47.49623082265032,1
6407-UTSLV,2,Month-to-month,83.8,163.7,0.6656754631727635,High,55.783603813877576,0
5043-TRZWM,1,Month-to-month,75.55,75.55,0.6655253897953138,High,50.28044319903596,0
5712-PTIWW,2,Month-to-month,79.85,152.45,0.6654784229552357,High,53.13845207297557,1
4566-NECEV,5,Month-to-month,96.55,500.1,0.6654169058123186,High,64.24600225617937,0
2737-YNGYW,2,Month-to-month,80.55,184.1,0.665413293259159,High,53.599040772025255,1
9940-RHLFB,1,Month-to-month,75.3,75.3,0.6652709432176089,High,50.09490202428595,1
0968-GSIKN,1,Month-to-month,70.8,70.8,0.6651196977332356,High,47.09047459951308,1
5032-MIYKT,1,Month-to-month,70.7,70.7,0.6650178693395783,High,47.01676336230819,0
1122-JWTJW,1,Month-to-month,70.65,70.65,0.6649669493807351,High,46.97991497374894,1
8266-VBFQL,4,Month-to-month,90.4,356.65,0.6649577873491196,High,60.11218397636041,0
8309-IEYJD,1,Month-to-month,70.6,70.6,0.6649160255817431,High,46.94307140607106,0
9617-INGJY,1,Month-to-month,70.6,70.6,0.6649160255817431,High,46.94307140607106,0
2154-KVJFF,15,Month-to-month,79.75,1111.85,0.664851838532242,High,53.0219341229463,1
0390-DCFDQ,1,Month-to-month,70.45,70.45,0.6647632311528346,High,46.8325696347172,1
0515-YPMCW,1,Month-to-month,70.45,70.45,0.6647632311528346,High,46.8325696347172,1
0306-JAELE,5,Month-to-month,96.1,453.4,0.6647623767024786,High,63.88366440110819,1
2619-WFQWU,1,Month-to-month,70.15,70.15,0.6644575387320555,High,46.6116963420537,1
9985-MWVIX,1,Month-to-month,70.15,70.15,0.6644575387320555,High,46.6116963420537,1
9840-EFJQB,1,Month-to-month,74.35,74.35,0.6643031704030339,High,49.39094071946557,0
3066-RRJIO,1,Month-to-month,69.95,69.95,0.6642536671494091,High,46.46454401710117,1
8775-ERLNB,1,Month-to-month,74.3,74.3,0.6642521966533323,High,49.353938211342594,0
1062-LHZOD,1,Month-to-month,69.9,69.9,0.6642026896825592,High,46.427768008810894,1
5419-CONWX,4,Month-to-month,99.8,442.85,0.6640774031447615,High,66.2749248338472,1
8183-ONMXC,2,Month-to-month,80.75,159.45,0.6640338269911622,High,53.62073152953635,1
5382-SOYZL,22,Month-to-month,95.1,2162.6,0.6638317934978055,High,63.1304035616413,0
4597-NUCQV,24,Month-to-month,101.25,2440.15,0.6637815314818949,High,67.20788006254186,1
5564-NEMQO,1,Month-to-month,75.3,75.3,0.6637285853387676,High,49.978762476009194,1
7908-QCBCA,1,Month-to-month,69.4,69.4,0.6636927046957369,High,46.06027370588415,1
5561-NWEVX,2,Month-to-month,79.2,172.85,0.6634062391409314,High,52.541774139961774,1
1086-LXKFY,1,Month-to-month,69.1,69.1,0.6633865303986957,High,45.84000925054987,1
2516-VQRRV,2,Month-to-month,75.45,158.4,0.6633371418986997,High,50.048787356256895,1
0235-KGSLC,1,Month-to-month,85.55,85.55,0.6631123167224188,High,56.72925869560292,1
3746-EUBYR,1,Month-to-month,74.6,74.6,0.6630140027263419,High,49.460844603385105,1
7831-QGOXH,18,Month-to-month,85.2,1553.9,0.6628073611970332,High,56.47118717398723,1
4094-NSEDU,21,Month-to-month,94.25,1973.75,0.6627894608942214,High,62.46790668928037,1
7235-NXZCP,2,Month-to-month,74.85,156.4,0.662634873779931,High,49.59822030242783,1
3420-YJLQT,2,Month-to-month,79.55,151.75,0.6623935036579728,High,52.69340321599173,0
5995-SNNEW,23,Month-to-month,104.45,2184.85,0.6623724619546204,High,69.18480365116011,0
5609-CEBID,20,Month-to-month,94.1,1782.4,0.6622568622639555,High,62.31837073903821,1
0722-SVSFK,7,Month-to-month,100.4,715.0,0.6619233175008616,High,66.4571010770865,0
2985-FMWYF,23,Month-to-month,93.5,2341.55,0.6618959694980827,High,61.88727314807073,0
9317-WZPGV,2,Month-to-month,79.75,159.4,0.6615265670683153,High,52.75674372369814,1
6856-RAURS,2,Month-to-month,74.9,136.05,0.661381130734846,High,49.537446692039964,0
7198-GLXTC,2,Month-to-month,79.0,143.65,0.6613477870246143,High,52.24647517494453,1
3177-LASXD,1,Month-to-month,71.35,71.35,0.6612380016424992,High,47.179331417192316,1
3198-VELRD,3,Month-to-month,84.75,264.85,0.6612153218121923,High,56.0379985235833,1
9919-KNPOO,21,Month-to-month,94.3,1948.35,0.6612126795552131,High,62.3523556820566,0
0923-PNFUB,3,Month-to-month,83.75,247.25,0.6606778078353029,High,55.33176640620662,1
2430-USGXP,24,Month-to-month,101.05,2391.8,0.6604976875586294,High,66.7432913277995,1
0225-ZORZP,3,Month-to-month,84.3,235.05,0.6604242952552709,High,55.67376809001934,0
1915-IOFGU,1,Month-to-month,70.5,70.5,0.6603670586027219,High,46.555877631491896,1
3295-YVUSR,2,Month-to-month,72.6,154.3,0.6603413165371146,High,47.940779580594516,0
9809-IMGCQ,22,Month-to-month,96.7,2082.95,0.6602714589827509,High,63.84825008363201,1
4759-TRPLW,1,Month-to-month,70.4,70.4,0.6602645232230739,High,46.48262243490441,1
8017-LXHFA,23,Month-to-month,94.75,2293.6,0.6600246421348716,High,62.53733484227908,1
2262-SLNVK,1,Month-to-month,70.1,70.1,0.6599568269627207,High,46.26297357008672,0
3387-VATUS,5,Month-to-month,94.85,462.8,0.6598580747728907,High,62.58753839220868,1
5583-SXDAG,1,Month-to-month,70.0,70.0,0.6598542315268666,High,46.189796206880665,1
7153-OANIO,1,Month-to-month,69.95,69.95,0.659802928185167,High,46.15321482655243,1
9643-AVVWI,3,Month-to-month,80.0,241.3,0.6594591462154893,High,52.75673169723915,0
7598-UAASY,2,Month-to-month,76.4,151.8,0.6593712955214625,High,50.37596697783974,1
7079-QRCBC,24,Month-to-month,98.75,2407.3,0.659279986528687,High,65.10389866970785,1
5091-HFAZW,2,Month-to-month,91.15,168.5,0.6591768389154992,High,60.08396886714775,0
3427-GGZZI,19,Month-to-month,89.1,1620.8,0.6589696049696782,High,58.71419180279832,0
3871-IKPYH,1,Month-to-month,69.1,69.1,0.6589301987006414,High,45.532076730214314,1
1226-IENZN,16,Month-to-month,78.75,1218.25,0.6588470147797404,High,51.88420241390455,0
8481-YYXWG,5,Month-to-month,89.35,461.7,0.6588189893122529,High,58.86547669504979,1
3365-SAIGS,17,Month-to-month,83.55,1329.15,0.6586921707341131,High,55.03373086483515,0
2856-HYAPG,1,Month-to-month,68.65,68.65,0.658467728498125,High,45.203809561396284,1
6319-IEJWJ,20,Month-to-month,90.2,1776.55,0.6581322701531656,High,59.36353076781553,1
2080-GKCWQ,2,Month-to-month,74.95,151.75,0.6579710359200243,High,49.31492914220582,0
5186-SAMNZ,1,Month-to-month,69.5,69.5,0.6577854032461751,High,45.71608552560917,1
6110-OHIHY,3,Month-to-month,79.25,267.6,0.6576521857311896,High,52.11893571919677,1
9947-OTFQU,15,Month-to-month,74.4,1074.3,0.6573100113903417,High,48.903864847441426,1
6137-NICCO,6,Month-to-month,94.05,518.75,0.6568021678170041,High,61.77224388318923,0
6772-KSATR,1,Month-to-month,81.7,81.7,0.6563970034544989,High,53.62763518223257,1
0219-YTZUE,4,Month-to-month,84.8,371.9,0.6562369306181686,High,55.64889171642069,1
0302-JOIVN,8,Month-to-month,101.15,842.9,0.6561877943052564,High,66.3733953939767,1
4439-JMPMT,5,Month-to-month,85.75,470.95,0.6559397574442095,High,56.246834200840965,1
2800-VEQXM,3,Month-to-month,74.75,238.1,0.6558880413540855,High,49.02763109121789,0
5366-IJEQJ,20,Month-to-month,88.7,1761.45,0.6557106313692259,High,58.16153300245034,1
9208-OLGAQ,18,Month-to-month,84.95,1443.65,0.6554857530975295,High,55.683514725635135,0
0655-RBDUG,7,Month-to-month,98.05,713.0,0.6551999431438582,High,64.2423544252553,1
5095-AESKG,3,Month-to-month,91.5,242.95,0.655152293951101,High,59.94643489652574,1
8868-WOZGU,28,Month-to-month,105.7,2979.5,0.6551145568136001,High,69.24560865519753,1
2265-CYWIV,4,Month-to-month,99.6,347.65,0.6550087673692495,High,65.23887322997724,1
3292-PBZEJ,11,Month-to-month,111.4,1183.05,0.6549727283861414,High,72.96396194221616,0
7903-CMPEY,1,Month-to-month,80.3,80.3,0.654952123704197,High,52.592655533447015,1
2038-OEQZH,4,Month-to-month,86.05,308.1,0.6548903643343965,High,56.353315850974816,0
2674-MIAHT,4,Month-to-month,80.3,324.2,0.6548571392496443,High,52.58502828174643,0
2983-ZANRP,2,Month-to-month,73.55,145.4,0.6546477095348245,High,48.14933903628634,1
6326-MTTXK,8,Month-to-month,100.85,819.55,0.6543895721740698,High,65.99518835375494,1
0685-MLYYM,2,Month-to-month,70.75,154.85,0.6541095169209631,High,46.27824832215814,1
4598-XLKNJ,25,Month-to-month,98.5,2514.5,0.6540068629416179,High,64.41967599974936,1
3370-HXOPH,3,Month-to-month,76.1,257.6,0.6539597983110726,High,49.766340651472625,0
2135-DQWAQ,5,Month-to-month,85.3,420.45,0.6539480288396693,High,55.78176686002379,0
4301-VVZKA,16,Month-to-month,75.4,1189.4,0.6537483081746733,High,49.29262243637037,0
4629-NRXKX,2,Month-to-month,70.4,147.15,0.6532716544686532,High,45.99032447459319,1
6060-DRTNL,5,Month-to-month,84.85,415.55,0.6531942332495607,High,55.423530691225224,1
0168-XZKBB,19,Month-to-month,86.85,1564.4,0.6531558419437475,High,56.72658487281447,0
5442-BHQNG,2,Month-to-month,70.35,139.25,0.6527113629906607,High,45.91824438639298,0
5119-NZPTV,2,Month-to-month,70.1,141.65,0.6526240228887744,High,45.74894400450308,0
7538-GWHML,2,Month-to-month,69.65,145.15,0.6524136282184394,High,45.440609205414304,1
7234-FECYN,8,Month-to-month,101.35,780.5,0.6523466093469451,High,66.11532885731289,1
0925-VYDLG,3,Month-to-month,75.25,242.0,0.6521239984990789,High,49.072330887055685,1
3855-ONCAR,4,Month-to-month,78.9,299.75,0.6519154324052316,High,51.43612761677278,0
8854-CCVSQ,18,Month-to-month,80.65,1451.9,0.651847928250532,High,52.57153541340541,1
4183-MYFRB,21,Month-to-month,90.05,1862.9,0.6515959475334173,High,58.67621507538423,0
9894-EZEWG,1,Month-to-month,74.3,74.3,0.6515289874999307,High,48.40860377124485,1
0345-HKJVM,6,Month-to-month,89.3,577.6,0.651502740757866,High,58.17919474967743,1
8118-TJAFG,9,Month-to-month,101.5,906.85,0.6514708222406452,High,66.1242884574255,0
9025-AOMKI,6,Month-to-month,93.55,536.4,0.6513930987876886,High,60.937824391588265,1
6432-TWQLB,5,Month-to-month,85.4,401.1,0.6510786776545624,High,55.60211907169963,1
1092-GANHU,17,Month-to-month,76.65,1313.55,0.6510009593189933,High,49.899223531800835,1
6331-EWIEB,20,Month-to-month,85.25,1734.5,0.6506159620077083,High,55.46501076115713,1
8875-AKBYH,20,Month-to-month,84.35,1745.2,0.6504345180963944,High,54.86415160143086,0
4029-HPFVY,3,Month-to-month,70.3,220.4,0.6504215317705392,High,45.7246336834689,0
4060-LDNLU,7,Month-to-month,96.2,639.7,0.6502211310392852,High,62.551272805979245,0
6993-OHLXR,2,Month-to-month,68.95,119.75,0.6500831105508182,High,44.82323047247892,1
7823-JSOAG,3,Month-to-month,74.5,217.45,0.6497991161860255,High,48.410034155858895,0
3411-WLRSQ,3,Month-to-month,74.6,239.05,0.6497274604022583,High,48.469668546008464,0
6435-SRWBJ,5,Month-to-month,82.75,417.75,0.6495785604970431,High,53.752625881130314,0
5729-KLZAR,4,Month-to-month,80.85,302.75,0.6494885116018867,High,52.51114616301253,1
2260-USTRB,2,Month-to-month,70.2,115.95,0.649480581044218,High,45.59353678930411,1
9360-OMDZZ,24,Month-to-month,94.1,2322.85,0.6493122941711051,High,61.10028688150099,0
3249-ZPQRG,4,Month-to-month,78.45,330.05,0.6489235247465196,High,50.90805051636446,1
4983-CCWMC,3,Month-to-month,69.6,207.4,0.6488929084011956,High,45.16294642472321,0
8132-YPVBX,6,Month-to-month,85.95,514.6,0.6486651504712699,High,55.75276968300565,0
8035-PWSEV,6,Month-to-month,89.25,487.05,0.6483721451139091,High,57.86721395141638,0
3643-AHCFP,7,Month-to-month,95.6,644.35,0.6483629438603447,High,61.983497433048946,1
8361-LTMKD,4,Month-to-month,74.4,306.6,0.6479733910166386,High,48.20922029163792,1
1902-XBTFB,22,Month-to-month,89.4,2001.5,0.6479261235682735,High,57.924595447003654,1
4854-CIDCF,3,Month-to-month,73.85,196.4,0.6477932253665258,High,47.83952969331793,0
3393-FMZPV,25,Month-to-month,100.25,2387.75,0.6474762527458615,High,64.90949433777261,1
9696-RMYBA,5,Month-to-month,80.1,398.55,0.6474601749705992,High,51.86156001514499,0
8393-DLHGA,25,Month-to-month,95.9,2448.75,0.6472014643616837,High,62.06662043228547,1
2920-RNCEZ,1,Month-to-month,69.95,69.95,0.6470007144058553,High,45.25769997268958,0
6923-JHPMP,2,Month-to-month,80.45,137.1,0.6467529751846067,High,52.03127685360161,0
1602-IJQQE,4,Month-to-month,75.35,338.1,0.6464171071211724,High,48.707529021580335,1
1450-GALXR,10,Month-to-month,98.5,1058.25,0.6463361365647455,High,63.66410945162743,1
6376-GAHQE,4,Month-to-month,77.85,299.2,0.6463241435415165,High,50.31633457470705,1
2919-HBCJO,4,Month-to-month,76.65,333.6,0.6458149441914625,High,49.5017154722756,1
2528-HFYZX,17,Month-to-month,76.45,1233.4,0.645581289315338,High,49.35468956815759,1
4009-ALQFH,25,Month-to-month,99.5,2369.05,0.645519979990213,High,64.2292380090262,1
8433-WXGNA,2,Month-to-month,75.7,189.2,0.6455040762027907,High,48.864658568551256,1
4919-MOAVT,3,Month-to-month,69.65,220.1,0.6452281814047922,High,44.94014283484378,1
9189-JWSHV,24,Month-to-month,93.55,2264.05,0.6449356116346028,High,60.33372646841709,1
1522-VVDMG,7,Month-to-month,89.75,608.8,0.6447123903876906,High,57.862937037295225,1
2057-ZBLPD,21,Month-to-month,86.5,1808.7,0.6445926425560656,High,55.75726358109968,1
6507-ZJSUR,23,Month-to-month,90.45,2117.25,0.6444113498404103,High,58.28700659306511,0
9274-CNFMO,4,Month-to-month,74.95,308.7,0.6441009066595014,High,48.275362954129626,1
9576-ANLXO,3,Month-to-month,69.55,222.3,0.6436888972341466,High,44.76856280263489,1
5940-NFXKV,19,Month-to-month,83.65,1465.75,0.6436003435051629,High,53.837168734206884,1
3744-ZRRDZ,21,Month-to-month,82.35,1852.85,0.6434088319155828,High,52.98471730824824,1
2371-JQHZZ,24,Month-to-month,93.0,2248.05,0.6433468684798289,High,59.83125876862409,0
8443-WVPSS,10,Month-to-month,99.85,990.9,0.6432514835395589,High,64.22866063142494,1
2984-MIIZL,4,Month-to-month,74.8,321.9,0.6432321878045969,High,48.113767647783845,1
4612-SSVHJ,20,Month-to-month,81.45,1671.6,0.6427870815638203,High,52.35500779337316,0
0581-BXBUB,4,Month-to-month,72.75,317.75,0.6425311805651268,High,46.744143386112974,0
2840-XANRC,24,Month-to-month,93.15,2231.05,0.6423786833119234,High,59.83757435050567,1
6221-AVQYL,2,Month-to-month,73.25,131.05,0.642108588070035,High,47.03445407613007,1
6918-UMQCG,5,Month-to-month,80.2,384.25,0.6420659308163815,High,51.4936876514738,0
4450-DLLMH,2,Month-to-month,71.3,157.75,0.6419422110920086,High,45.77047965086021,0
4813-HQMGZ,8,Month-to-month,90.25,743.75,0.6419034920307155,High,57.93179015577208,0
4735-ASGMA,26,Month-to-month,98.35,2515.3,0.6418314925388079,High,63.124127291191755,1
8120-JDCAM,4,Month-to-month,69.55,284.9,0.6417929894953599,High,44.636702419402276,0
3834-XUIFC,7,Month-to-month,85.2,602.55,0.6415603006647108,High,54.66093761663336,1
3908-BLSYF,6,Month-to-month,83.9,497.55,0.6409812067844023,High,53.778323249211354,1
0388-EOPEX,2,Month-to-month,74.4,139.4,0.6409585737394831,High,47.68731788621754,1
2276-YDAVZ,3,Month-to-month,75.1,270.7,0.6409329243848015,High,48.13406262129859,1
2905-KFQUV,2,Month-to-month,70.4,154.8,0.6408611221077991,High,45.11662299638906,0
4636-QRJKY,6,Month-to-month,80.5,502.85,0.6408165835700188,High,51.585734977386515,1
4587-NUKOX,3,Month-to-month,79.1,246.5,0.6404512775411898,High,50.65969605350811,1
6689-TCZHQ,5,Month-to-month,78.95,378.4,0.6404488836082085,High,50.56343936086807,1
3001-UNBTL,29,Month-to-month,103.95,2964.8,0.6403614527401694,High,66.56557301234061,0
4283-FUTGF,19,Month-to-month,79.85,1471.75,0.6402514220191965,High,51.12407604823284,1
4873-ILOLJ,24,Month-to-month,90.35,2238.5,0.6401081736955443,High,57.83377349339242,1
4013-TLDHQ,19,Month-to-month,78.25,1490.95,0.639936261729788,High,50.07501248035591,1
1980-KXVPM,3,Month-to-month,75.05,256.25,0.6399323318359493,High,48.026921504288,1
9054-FOWNV,22,Month-to-month,88.75,1885.15,0.6396600000567031,High,56.7698250050324,0
8714-CTZJW,4,Month-to-month,82.85,319.6,0.6396037831344326,High,52.99117343268773,0
8111-RKSPX,4,Month-to-month,72.2,305.55,0.6395944206119417,High,46.178717168182196,1
9250-WYPLL,5,Month-to-month,75.55,413.65,0.6394134539907934,High,48.30768644900444,1
5832-XKAES,2,Month-to-month,69.8,134.7,0.6389445825044205,High,44.59833185880855,1
0650-BWOZN,18,Month-to-month,73.55,1359.45,0.6388360670256998,High,46.986392729740224,0
3496-LFSZU,4,Month-to-month,70.5,294.2,0.6387614493184607,High,45.032682176951475,0
6198-ZFIOJ,5,Month-to-month,75.6,402.5,0.638727655636787,High,48.28781076614109,0
2107-FBPTK,30,Month-to-month,104.1,3121.1,0.6386006041404564,High,66.4783228910215,0
7801-KICAO,18,Month-to-month,74.15,1345.75,0.6385256477382266,High,47.346676779789505,0
5698-BQJOH,9,Month-to-month,94.4,857.25,0.6384317654764778,High,60.26795866097951,1
9432-VOFYX,17,Month-to-month,70.8,1207.0,0.6382812399377512,High,45.19031178759278,0
6424-ELEYH,3,Month-to-month,74.75,229.5,0.6378714941034721,High,47.68089418423454,1
4763-PGDPO,4,Month-to-month,70.4,281.0,0.6377912764983075,High,44.90050586548085,1
4021-RQSNY,29,Month-to-month,98.5,3004.15,0.6375685435359105,High,62.800501538287186,1
5628-FCGYG,21,Month-to-month,84.1,1737.45,0.6375393967161171,High,53.61706326382545,0
0495-ZBNGW,5,Month-to-month,79.9,343.95,0.6375202841992041,High,50.93787070751642,1
5570-PTWEH,3,Month-to-month,75.15,216.75,0.637425404819669,High,47.90251917219813,1
3420-ZDBMA,5,Month-to-month,71.45,371.6,0.6371741020894667,High,45.526089594292394,0
9850-OWRHQ,3,Month-to-month,74.1,228.0,0.6371286701331439,High,47.21123445686596,1
4853-OITSN,5,Month-to-month,89.15,413.25,0.6369468231875425,High,56.78380928716942,0
8617-ENBDS,3,Month-to-month,73.6,232.5,0.6369306689573858,High,46.878097235263596,0
9547-ITEFG,9,Month-to-month,102.6,897.75,0.6361628546910736,High,65.27030889130414,0
3376-BMGFE,4,Month-to-month,70.9,273.0,0.6361581577955219,High,45.1036133877025,1
6015-VVHHE,5,Month-to-month,83.15,446.05,0.6360166478397309,High,52.88478426787363,1
1307-ATKGB,24,Month-to-month,89.55,2187.15,0.6359261482746041,High,56.9471865779908,0
0439-IFYUN,18,Month-to-month,74.7,1294.6,0.6356898852603902,High,47.48603442895115,0
3223-DWFIO,4,Month-to-month,69.35,261.65,0.6354706947472525,High,44.069892680721956,0
9992-RRAMN,22,Month-to-month,85.1,1873.7,0.635288693781157,High,54.06306784077646,1
2685-SREOM,25,Month-to-month,89.1,2368.4,0.6352135567087764,High,56.59752790275198,1
3904-UKFRE,4,Month-to-month,80.1,336.15,0.6351268115365878,High,50.87365760408068,0
2325-NBPZG,3,Month-to-month,74.55,233.65,0.6350980843933851,High,47.34656219152686,0
4919-IKATY,5,Month-to-month,84.5,453.75,0.6350137880597403,High,53.65866509104806,1
5923-GXUOC,10,Month-to-month,104.4,1081.45,0.6349932045670745,High,66.29329055680259,1
9903-LYSAB,18,Month-to-month,73.15,1305.95,0.6349026168841022,High,46.44312642507208,0
1465-VINDH,10,Month-to-month,102.1,1068.85,0.6347283518005993,High,64.80576471884119,1
6210-KBBPI,9,Month-to-month,99.45,919.4,0.6344691653410734,High,63.097958493169756,1
3074-GQWYX,5,Month-to-month,75.9,357.75,0.6344651237612656,High,48.15590289348007,1
4445-ZJNMU,9,Month-to-month,99.3,918.75,0.6342769667842595,High,62.98370280167696,0
0793-TWELN,4,Month-to-month,80.15,319.85,0.6340960010318075,High,50.82279448269938,0
2815-CPTUL,5,Month-to-month,70.25,331.9,0.6333529257096172,High,44.49304303110061,1
3884-HCSWG,17,Month-to-month,70.0,1144.5,0.6333502455461856,High,44.334517188232994,1
7394-FKDNK,9,Month-to-month,89.45,853.1,0.6332452512820936,High,56.64378772718328,1
1251-STYSZ,4,Month-to-month,80.25,303.7,0.6331236945680486,High,50.8081764890859,0
6818-DJXAA,10,Month-to-month,91.1,964.35,0.6328392325698609,High,57.65165408711432,0
9824-BEMCV,17,Month-to-month,69.0,1149.65,0.6326967132636163,High,43.65607321518952,1
4633-MKHYU,9,Month-to-month,88.4,788.6,0.6325374244047162,High,55.91630831737691,0
8168-UQWWF,11,Month-to-month,97.85,1105.4,0.6321484993032946,High,61.855730656827376,1
2754-VDLTR,10,Month-to-month,95.2,930.4,0.6317988057561976,High,60.14724630799002,1
0947-IDHRQ,7,Month-to-month,80.3,526.7,0.6316868647989649,High,50.72445524335688,1
8485-GJCDN,5,Month-to-month,69.05,318.5,0.6312666908113954,High,43.588965000526855,1
5934-RMPOV,22,Month-to-month,84.75,1816.75,0.6311592061901261,High,53.490742724613185,0
1200-TUZHR,8,Month-to-month,85.2,695.75,0.630865470121168,High,53.749738054323515,0
9095-HFAFX,5,Month-to-month,81.0,389.6,0.6301278317494248,High,51.04035437170341,1
9846-GKXAS,9,Month-to-month,90.8,809.75,0.630098400933136,High,57.21293480472875,1
3217-FZDMN,8,Month-to-month,94.45,742.95,0.630073189016634,High,59.51041270262108,1
6595-YGXIT,25,Month-to-month,88.95,2291.2,0.6299347582590828,High,56.03269674714542,1
7479-NITWS,7,Month-to-month,89.35,631.85,0.6299207427680313,High,56.283418366323595,1
7402-EYFXX,26,Month-to-month,93.6,2404.1,0.6297575926378501,High,58.94531067090277,0
5299-RULOA,10,Month-to-month,100.25,1064.65,0.6297421588484329,High,63.13165142455539,1
9647-ERGBE,30,Month-to-month,100.05,3046.15,0.6296027675993582,High,62.991756898315785,1
8873-GLDMH,6,Month-to-month,73.85,401.3,0.6292341969041245,High,46.46894544136959,0
1769-GRUIK,18,Month-to-month,71.1,1247.75,0.6289895521293083,High,44.721157156393815,0
9912-GVSEQ,26,Month-to-month,93.85,2381.55,0.6285034558166535,High,58.985049328392925,1
0330-IVZHA,5,Month-to-month,69.95,330.15,0.6283045302336143,High,43.94990188984132,1
4505-EXZHB,6,Month-to-month,74.4,434.1,0.6273288538718447,High,46.67326672806525,1
7994-UYIVZ,8,Month-to-month,85.65,659.45,0.6272797530511182,High,53.726510848828276,0
6705-LXORM,5,Month-to-month,70.05,302.6,0.626563659162764,High,43.89078432435162,0
1254-IZEYF,31,Month-to-month,99.95,3186.65,0.6265131853479718,High,62.61999287552979,1
0576-WNXXC,27,Month-to-month,95.55,2510.2,0.6264231419272671,High,59.85473121115037,1
8417-FMLZI,6,Month-to-month,83.55,477.55,0.6261822908964276,High,52.31753040439653,1
2612-RANWT,12,Month-to-month,100.15,1164.3,0.6260193045843705,High,62.69583335412471,1
9093-FPDLG,11,Month-to-month,94.2,999.9,0.6259548869565681,High,58.964950351308715,0
8630-FJLIB,18,Month-to-month,69.8,1221.65,0.6259432028880834,High,43.690835561588216,0
8699-ASUFO,7,Month-to-month,74.4,527.9,0.6258652139508897,High,46.5643719179462,1
2079-FBMZK,6,Month-to-month,69.25,418.4,0.6257690002450155,High,43.334503266967324,1
4817-VYYWS,30,Month-to-month,100.2,2983.8,0.6255871787966109,High,62.68383531542041,1
2809-ZMYOQ,32,Month-to-month,101.35,3334.9,0.6254403614104221,High,63.38838062894628,0
2603-HVKCG,31,Month-to-month,101.4,3143.65,0.6250897453036683,High,63.38410017379197,0
9779-DPNEJ,22,Month-to-month,80.15,1790.65,0.6248108003342882,High,50.0785856467932,0
8739-WWKDU,25,Month-to-month,89.5,2196.15,0.6241314997117511,High,55.85976922420172,1
9172-JITSM,26,Month-to-month,90.8,2361.8,0.6241229283406334,High,56.67036189332951,1
6543-XRMYR,30,Month-to-month,99.7,2967.35,0.6239824312244205,High,62.21104839307473,1
6712-OAWRH,26,Month-to-month,91.25,2351.8,0.623904671450173,High,56.93130126982829,1
8922-LIEGH,25,Month-to-month,89.7,2187.55,0.6237557486861325,High,55.95089065714608,1
3644-QXEHN,13,Month-to-month,97.0,1334.45,0.6234633796164049,High,60.47594782279127,0
4059-IIEBK,7,Month-to-month,78.55,522.95,0.6234172718697208,High,48.96942670536657,0
2608-BHKFN,4,Month-to-month,70.05,266.9,0.6233343091237834,High,43.66456835412102,1
4277-PVRAN,8,Month-to-month,80.1,679.3,0.6230359834390203,High,49.90518227346553,1
3338-CVVEH,12,Month-to-month,94.55,1173.55,0.6226334133070186,High,58.8699892281786,0
6328-ZPBGN,11,Month-to-month,95.15,997.65,0.6222410682130307,High,59.20623764046987,1
9840-DVNDC,6,Month-to-month,80.5,463.05,0.6221437454124585,High,50.082571505702916,1
9172-ANCRX,10,Month-to-month,98.7,973.25,0.6220690319712338,High,61.39821345556077,1
0506-LVNGN,5,Month-to-month,75.55,349.65,0.6219865396983723,High,46.99108307421202,1
7912-SYRQT,7,Month-to-month,75.1,552.95,0.6219585331773788,High,46.709085841621146,1
4298-OYIFC,15,Month-to-month,103.45,1539.8,0.6217623870121396,High,64.32131893640585,0
7703-ZEKEF,23,Month-to-month,81.0,1917.1,0.6217181305173315,High,50.35916857190385,1
0947-MUGVO,20,Month-to-month,73.65,1463.5,0.6211811088204521,High,45.7499886646263,1
5219-YIPTK,33,Month-to-month,104.4,3409.6,0.6210877859150348,High,64.84156484952963,1
5569-KGJHX,9,Month-to-month,85.35,754.65,0.6209379858574513,High,52.99705709293347,1
7928-VJYAB,11,Month-to-month,90.6,1020.2,0.6207980768972317,High,56.244305766889184,0
0125-LZQXK,15,Month-to-month,101.35,1553.95,0.6205965290670412,High,62.89745822094462,1
5947-SGKCL,15,Month-to-month,105.35,1559.25,0.6204549080812053,High,65.36492456635497,0
7278-CKDNC,24,Month-to-month,80.5,2088.45,0.6202775050844801,High,49.932339159300646,0
5380-WJKOV,34,Month-to-month,106.35,3549.25,0.6199849205167,High,65.93539629695104,1
0027-KWYKW,23,Month-to-month,83.75,1849.95,0.6199735533240004,High,51.922785090885036,0
6298-QDFNH,22,Month-to-month,79.35,1730.35,0.619953747361087,High,49.19332985310225,1
1196-AMORA,7,Month-to-month,73.6,520.0,0.6198567026234465,High,45.62145331308566,1
5760-FXFVO,6,Month-to-month,78.95,494.95,0.6198279497945155,High,48.935416636277,0
0958-YHXGP,7,Month-to-month,69.9,497.3,0.6192783802171795,High,43.28755877718085,0
6496-JDSSB,8,Month-to-month,80.0,624.6,0.619255342754039,High,49.54042742032313,0
6017-PPLPX,20,Month-to-month,70.45,1470.95,0.6184514528581223,High,43.569904853854716,1
9191-MYQKX,7,Month-to-month,75.15,496.9,0.6182343436739739,High,46.460310927099144,1
8734-DKSTZ,10,Month-to-month,85.95,858.6,0.6176947252956938,High,53.090861639164885,0
1771-OADNZ,29,Month-to-month,95.9,2745.2,0.6176669495710821,High,59.23426046386678,1
5931-FLJJF,7,Month-to-month,70.1,467.55,0.6174736426328877,High,43.284902348565424,1
0871-URUWO,13,Month-to-month,102.25,1359.0,0.6170999518390871,High,63.09847007554665,1
3247-ZVOUO,10,Month-to-month,85.55,851.75,0.6168271143995073,High,52.76955963687785,1
6005-OBZPH,26,Month-to-month,89.15,2277.65,0.6167929405361323,High,54.9870906487962,1
1641-RQDAY,32,Month-to-month,100.4,3217.65,0.6165937169186737,High,61.90600917863485,0
8861-HGGKB,10,Month-to-month,86.45,830.85,0.6163264468242206,High,53.28142132795387,1
8844-TONUD,13,Month-to-month,96.65,1162.85,0.6162380888694681,High,59.55941128923409,1
8182-BJDSI,28,Month-to-month,89.95,2625.55,0.6160738023249055,High,55.41583851912525,1
6400-BWQKW,6,Month-to-month,79.05,434.5,0.6158488707714265,High,48.68285323448126,1
3799-ISUZQ,7,Month-to-month,69.95,529.5,0.6151696473036511,High,43.0311168288904,1
0491-KAPQG,21,Month-to-month,73.7,1558.7,0.6151544486076317,High,45.33688286238246,0
1513-XNPPH,12,Month-to-month,89.4,1095.65,0.6150857903614694,High,54.98866965831537,1
1342-JPNKI,10,Month-to-month,86.05,834.1,0.6145032151311117,High,52.87800166203216,1
5605-IYGFG,7,Month-to-month,69.85,515.45,0.6141168032122103,High,42.896058704372884,0
3106-ULWFW,8,Month-to-month,85.2,627.4,0.6129803241292003,High,52.22592361580787,1
0023-XUOPT,13,Month-to-month,94.1,1215.6,0.6125089411387823,High,57.63709136115941,1
5673-FSSMF,1,Month-to-month,60.15,60.15,0.612373393059242,High,36.834259592513405,1
9330-IJWIO,13,Month-to-month,100.35,1358.85,0.6122442255525987,High,61.43870803420328,1
4123-DVHPH,9,Month-to-month,88.05,801.3,0.6121848862788867,High,53.90287923685597,0
3877-JRJIP,1,Month-to-month,59.85,59.85,0.6120478078118811,High,36.63106129754108,1
1658-TJVOA,6,Month-to-month,74.1,450.9,0.6119320140888855,High,45.34416224398642,0
4480-QQRHC,8,Month-to-month,74.05,600.15,0.6115661911416383,High,45.286476454038315,0
2959-FENLU,9,Month-to-month,85.3,781.4,0.6109596247506485,High,52.114855991230314,0
0570-BFQHT,9,Month-to-month,80.55,653.9,0.6108954054080635,High,49.20762490561952,0
5044-LRQAQ,7,Month-to-month,69.2,477.55,0.6108841588181303,High,42.27318379021462,0
8709-KRDVL,33,Month-to-month,100.0,3320.6,0.6106080829158858,High,61.06080829158857,0
9540-JYROE,8,Month-to-month,70.1,551.35,0.6105993924689423,High,42.803017412072855,1
8584-KMVXD,8,Month-to-month,75.6,535.55,0.610399979846541,High,46.1462384763985,0
2754-XBHTB,9,Month-to-month,77.65,714.15,0.610390791799218,High,47.39684498320928,1
9253-QXKBE,29,Month-to-month,94.45,2653.65,0.6099903509536864,High,57.61358864757568,1
3223-WZWJM,26,Month-to-month,83.95,2254.2,0.6099184843683643,High,51.20265676272418,1
4572-DVCGN,10,Month-to-month,80.25,846.0,0.6094086752527684,High,48.905046189034664,1
8510-AWCXC,13,Month-to-month,100.8,1308.1,0.6092536347128441,High,61.41276637905469,1
4822-YCXMX,25,Month-to-month,84.8,2043.45,0.6090515201168653,High,51.64756890591017,1
8397-MVTAZ,34,Month-to-month,100.05,3480.0,0.6088995462360525,High,60.92039960091705,1
7495-OOKFY,8,Month-to-month,80.65,633.3,0.6087461879916314,High,49.09538006152508,1
5022-JNQEQ,9,Month-to-month,75.85,647.5,0.6086036276082372,High,46.16258515408479,0
4910-AQFFX,9,Month-to-month,79.35,661.25,0.6085253615254322,High,48.28648743704304,1
4547-KQRTM,10,Month-to-month,80.05,830.7,0.6081628417729158,High,48.683435483921905,1
5909-ECHUI,1,Month-to-month,56.25,56.25,0.6081330535481001,High,34.207484262080634,1
0135-NMXAP,12,Month-to-month,89.75,1052.4,0.607929830212284,High,54.56170226155248,1
3797-FKOGQ,11,Month-to-month,86.2,893.2,0.6077287200340553,High,52.38621566693557,0
2082-OJVTK,29,Month-to-month,89.2,2698.35,0.6076754011169045,High,54.20464577962789,1
9773-PEQBZ,10,Month-to-month,79.85,797.25,0.6073281704362278,High,48.495154409332784,0
9822-OAOVB,1,Month-to-month,55.45,55.45,0.6072611966129342,High,33.672633352187205,0
6347-DCUIK,10,Month-to-month,74.15,811.8,0.6072385380191446,High,45.02673759411958,1
3063-QFSZL,1,Month-to-month,55.4,55.4,0.6072066827825771,High,33.639250226154765,1
3143-JQEGI,13,Month-to-month,88.35,1222.8,0.6071355469292126,High,53.64042557119593,1
5501-TVMGM,1,Month-to-month,55.25,55.25,0.6070431252662828,High,33.539132670962125,0
0115-TFERT,21,Month-to-month,111.2,2317.1,0.6069910861098913,High,67.49740877541991,1
5899-OUVKV,31,Month-to-month,94.5,2979.2,0.6069779598763644,High,57.35941720831644,0
3583-EKAPL,1,Month-to-month,55.0,55.0,0.6067704760620803,High,33.37237618341442,1
5357-TZHPP,9,Month-to-month,84.4,732.5,0.6067118950110745,High,51.20648393893469,1
5652-MSDEY,10,Month-to-month,75.75,777.3,0.6065214202557262,High,45.94399758437126,0
5701-YVSVF,11,Month-to-month,82.9,880.05,0.6064021927123184,High,50.2707417758512,0
0674-EYYZV,1,Month-to-month,54.65,54.65,0.6063886554125593,High,33.13914001829636,0
8111-SLLHI,39,Month-to-month,105.65,4284.8,0.6063381412119352,High,64.05962461904096,1
6088-BXMRG,32,Month-to-month,98.85,3089.6,0.6063192939095893,High,59.9346622029629,0
6692-UDPJC,14,Month-to-month,91.65,1301.0,0.6061512462038919,High,55.5537617145867,1
0315-LVCRK,11,Month-to-month,84.8,888.75,0.6059938028150336,High,51.38827447871485,0
0940-OUQEC,10,Month-to-month,80.7,788.8,0.6059700961662231,High,48.90178676061421,1
7855-DIWPO,21,Month-to-month,68.65,1493.2,0.6055547959828382,High,41.571336744221846,0
2397-BRLOM,8,Month-to-month,80.45,583.45,0.6051420296280268,High,48.683676283574755,1
6116-RFVHN,34,Month-to-month,100.45,3414.65,0.6048514841840376,High,60.757331586286575,0
3398-ZOUAA,21,Month-to-month,69.1,1474.75,0.6047553231968914,High,41.788592832905195,1
8714-EUHJO,31,Month-to-month,91.15,2995.45,0.6046589566783781,High,55.11466390123417,1
2359-KMGLI,24,Month-to-month,80.25,1861.5,0.6046255395742584,High,48.52119955083423,1
1262-OPMFY,9,Month-to-month,75.75,655.9,0.6044784233895597,High,45.789240571759144,1
5226-NOZFC,26,Month-to-month,85.75,2146.5,0.604414903836233,High,51.82857800395698,0
2249-YPRNG,20,Month-to-month,105.85,2239.65,0.6042768280287,High,63.962702246837885,1
4299-SIMNS,9,Month-to-month,81.15,784.45,0.6039901273121007,High,49.013798831376974,0
4816-LXZYW,23,Month-to-month,79.15,1676.95,0.6035470537852266,High,47.77074930710069,1
0875-CABNR,10,Month-to-month,84.6,865.55,0.6033496120239488,High,51.04337717722606,1
6103-BOCOU,26,Month-to-month,80.7,2193.0,0.6024170242871998,High,48.615053859977024,0
3627-FCRDW,9,Month-to-month,71.0,672.55,0.602401765300775,High,42.77052533635503,1
6778-YSNIH,2,Month-to-month,59.0,114.15,0.6022492778864192,High,35.532707395298736,0
4317-VTEOA,1,Month-to-month,50.75,50.75,0.6021253839678228,High,30.557863236367005,1
6608-QQLVK,1,Month-to-month,50.5,50.5,0.6018515605885137,High,30.393503809719945,1
7767-UXAGJ,1,Month-to-month,50.45,50.45,0.6017967882571966,High,30.36064796757557,1
8992-JQYUN,1,Month-to-month,50.35,50.35,0.6016872359491274,High,30.294952330038566,1
9494-MRNYX,10,Month-to-month,75.05,786.3,0.6016618605362187,High,45.15472263324321,0
3858-VOBET,23,Month-to-month,74.95,1710.45,0.6015300218739554,High,45.08467513945296,1
2740-TVLFN,1,Month-to-month,50.15,50.15,0.6014681007863418,High,30.163625254435043,0
0248-IPDFW,1,Month-to-month,50.1,50.1,0.6014133106390744,High,30.13080686301763,0
8445-DNBAE,1,Month-to-month,50.05,50.05,0.6013585179516872,High,30.09799382348194,0
8981-FJGLA,11,Month-to-month,78.0,851.8,0.6012535032067333,High,46.8977732501252,0
1406-PUQVY,1,Month-to-month,49.9,49.9,0.6011941246613556,High,29.999586820601643,0
8064-RAVOH,1,Month-to-month,49.85,49.85,0.601139321826039,High,29.966795193028045,0
8063-GBATB,27,Month-to-month,85.25,2287.25,0.6008543780786373,High,51.22283573120383,1
6821-BUXUX,13,Month-to-month,96.65,1244.5,0.6006585069089213,High,58.05364469274725,1
6330-JKLPC,11,Month-to-month,80.5,896.9,0.6004851690846393,High,48.33905611131347,1
6215-NQCPY,15,Month-to-month,99.7,1566.75,0.6004829706933015,High,59.86815217812216,0
2696-NARTR,11,Month-to-month,73.85,926.25,0.6002813191598412,High,44.330775419954264,1
5035-BVCXS,11,Month-to-month,75.9,866.4,0.60009596397748,High,45.54728366589074,0
6032-KRXXO,30,Month-to-month,90.25,2755.35,0.599980363765343,Medium,54.14822782982221,1
9752-ZNQUT,1,Month-to-month,48.6,48.6,0.5997684307132067,Medium,29.148745732661848,0
0939-YAPAF,35,Month-to-month,100.25,3527.6,0.599694167652925,Medium,60.11934030720574,1
8990-ZXLSU,9,Month-to-month,69.05,651.5,0.5989538926362865,Medium,41.35776628653558,0
4958-XCBDQ,35,Month-to-month,101.4,3496.3,0.5987288568681569,Medium,60.711106086431116,1
8903-XEBGX,2,Month-to-month,55.3,108.65,0.5980669823884656,Medium,33.07310412608214,0
4385-GZQXV,16,Month-to-month,94.45,1511.2,0.598045365486094,Medium,56.48538477016158,1
3235-ETOOB,8,Month-to-month,74.5,609.9,0.5978905873002177,Medium,44.54284875386622,1
4373-MAVJG,14,Month-to-month,90.9,1259.0,0.597890508774765,Medium,54.34824724762614,1
4704-ERYFC,22,Month-to-month,69.25,1554.0,0.5976431978607767,Medium,41.386791451858784,1
5442-XSDCW,11,Month-to-month,79.5,868.5,0.5975056696216897,Medium,47.501700734924334,1
2187-PKZAY,12,Month-to-month,79.95,1043.4,0.5972567616893567,Medium,47.75067809706407,0
1309-BXVOQ,21,Month-to-month,106.1,2249.95,0.5971560945497942,Medium,63.358261631733164,1
8436-BJUMM,26,Month-to-month,83.75,2070.6,0.5971553281874208,Medium,50.01175873569649,1
1112-CUNAO,15,Month-to-month,89.85,1424.95,0.5971441656973421,Medium,53.65340328790618,1
4583-PARNH,16,Month-to-month,91.55,1540.05,0.5970400128284664,Medium,54.6590131744461,0
2439-LYPMQ,38,Month-to-month,102.6,4009.2,0.5970168723769128,Medium,61.25393110587125,0
5405-ZMYXQ,8,Month-to-month,74.6,548.9,0.59676165186733,Medium,44.518419229302815,0
9828-AOQLM,1,Month-to-month,45.7,45.7,0.5965819736667568,Medium,27.263796196570787,1
6128-CZOMY,1,Month-to-month,45.65,45.65,0.5965269623903872,Medium,27.231455833121174,1
2135-RXIHG,1,Month-to-month,45.65,45.65,0.5965269623903872,Medium,27.231455833121174,1
2082-CEFLT,1,Month-to-month,45.6,45.6,0.5964719486865319,Medium,27.199120860105854,1
4817-QRJSX,10,Month-to-month,81.0,818.05,0.5963873616840059,Medium,48.30737629640448,1
5879-SESNB,11,Month-to-month,75.25,888.65,0.5961738858678702,Medium,44.86208491155723,0
5077-DXTCG,1,Month-to-month,45.3,45.3,0.5961418155577041,Medium,27.005224244763994,1
9436-ZBZCT,14,Month-to-month,89.95,1178.4,0.5960008199548922,Medium,53.610273754942554,1
8356-WUAOJ,1,Month-to-month,45.0,45.0,0.5958115953612749,Medium,26.811521791257373,0
5022-KVDQT,27,Month-to-month,81.3,2272.8,0.5957933680460343,Medium,48.43800082214259,0
8705-WZCYL,1,Month-to-month,44.8,44.8,0.5955914003291524,Medium,26.682494734746026,0
4373-VVHQL,1,Month-to-month,44.75,44.75,0.5955363455535388,Medium,26.650251463520863,0
4361-JEIVL,1,Month-to-month,44.4,44.4,0.5951508948707543,Medium,26.42469973226149,1
5760-IFJOZ,3,Month-to-month,107.95,313.6,0.5950020800112732,Medium,64.23047453721695,0
4855-SNKMY,1,Month-to-month,44.1,44.1,0.5948204151300039,Medium,26.231580307233173,1
0411-EZJZE,3,Month-to-month,60.25,170.5,0.5946806416927317,Medium,35.829508661987084,0
2114-MGINA,14,Month-to-month,89.8,1129.1,0.5942697036323579,Medium,53.365419386185735,1
6851-WEFYX,35,Month-to-month,100.8,3437.5,0.5940638291602037,Medium,59.881633979348535,0
6702-OHFWR,1,Month-to-month,43.3,43.3,0.5939387163216162,Medium,25.71754641672598,1
5692-ICXLW,31,Month-to-month,90.7,2845.15,0.5938780742811951,Medium,53.864741337304395,0
4706-AXVKM,11,Month-to-month,84.8,906.85,0.5936663073326774,Medium,50.34290286181105,1
6959-UWKHF,1,Month-to-month,42.9,42.9,0.5934976393336885,Medium,25.461048727415236,1
1666-JXLKU,37,Month-to-month,100.05,3810.55,0.5934621819726262,Medium,59.375891306361254,0
6833-JMZYP,15,Month-to-month,94.0,1505.45,0.5933526700688697,Medium,55.775150986473754,0
3753-TSEMP,15,Month-to-month,88.15,1390.6,0.5930225659923715,Medium,52.27493919222755,1
9796-BPKIW,8,Month-to-month,69.95,562.7,0.5929097859757502,Medium,41.474039529003726,0
6857-VWJDT,1,Month-to-month,95.65,95.65,0.5928091207775118,Medium,56.70219240236901,1
0674-DGMAQ,32,Month-to-month,93.5,2970.8,0.5926611453948825,Medium,55.41381709442151,0
0337-CNPZE,41,Month-to-month,106.3,4443.45,0.5924637326898705,Medium,62.97889478493323,1
8778-LMWTJ,9,Month-to-month,74.85,708.2,0.5922615045377259,Medium,44.33077361464878,0
0620-DLSLK,13,Month-to-month,81.9,1028.9,0.5919680636107039,Medium,48.48218440971665,0
6907-NZZIJ,36,Month-to-month,99.15,3615.6,0.5918627356632415,Medium,58.6831902410104,1
9734-UYXQI,2,Month-to-month,49.4,106.55,0.5918292373980831,Medium,29.236364327465306,1
9874-QLCLH,17,Month-to-month,104.2,1743.5,0.5917889135871697,Medium,61.664404795783085,1
6715-OFDBP,5,Month-to-month,70.05,346.4,0.5913882004522371,Medium,41.42674344167921,1
4484-CGXFK,3,Month-to-month,55.3,196.15,0.5913305779054827,Medium,32.70058095817319,1
3318-OSATS,35,Month-to-month,95.45,3474.05,0.5910510516187091,Medium,56.41582287700578,1
6267-DCFFZ,30,Month-to-month,90.05,2627.2,0.5909494086329172,Medium,53.214994247394195,0
4503-BDXBD,11,Month-to-month,74.95,815.5,0.5908186702668018,Medium,44.281859336496794,1
1766-GKNMI,29,Month-to-month,84.9,2516.2,0.5907464186634781,Medium,50.1543709445293,0
8348-HFYIV,2,Month-to-month,49.25,90.35,0.590554604460737,Medium,29.0848142696913,1
0196-JTUQI,9,Month-to-month,75.2,633.85,0.5904639453013089,Medium,44.40288868665843,0
3640-PHQXK,31,Month-to-month,89.9,2806.9,0.590409278917816,Medium,53.07779417471166,1
5244-IRFIH,33,Month-to-month,94.5,3105.55,0.5902071388702486,Medium,55.774574623238486,1
0848-ZGQIJ,16,Month-to-month,94.65,1461.15,0.5901578548015552,Medium,55.85844095696721,0
7534-BFESC,24,Month-to-month,76.1,1712.7,0.5901180181075224,Medium,44.90798117798245,1
6029-WTIPC,37,Month-to-month,101.1,3744.05,0.5899565487515629,Medium,59.644607078783004,1
8779-QRDMV,1,Month-to-month,39.65,39.65,0.5899083552912696,Medium,23.38986628729884,1
1216-JWVUX,25,Month-to-month,75.5,1901.05,0.5897092603942332,Medium,44.52304915976461,0
8290-YWKHZ,32,Month-to-month,93.2,2931.0,0.5896004751059996,Medium,54.95076427987916,1
2568-OIADY,37,Month-to-month,99.5,3762.0,0.5895391010107912,Medium,58.659140550573724,1
7028-DVOIQ,35,Month-to-month,99.05,3395.8,0.5893721064380927,Medium,58.37730714269308,1
1391-UBDAR,11,Month-to-month,72.9,818.45,0.5888973123182866,Medium,42.930614068003095,0
7422-WNBTY,33,Month-to-month,93.35,3092.0,0.5880766088275388,Medium,54.89695143405074,0
6393-WRYZE,34,Month-to-month,97.65,3207.55,0.5877126464216231,Medium,57.3901399230715,1
9355-NPPFS,26,Month-to-month,78.8,2006.1,0.5875809712693925,Medium,46.30138053602813,0
4536-PLEQY,12,Month-to-month,85.05,999.8,0.5875444317092513,Medium,49.970653916871825,0
2962-XPMCQ,2,Month-to-month,45.15,98.5,0.5868643868994122,Medium,26.496927068508462,1
2041-JIJCI,5,Month-to-month,64.0,370.25,0.5867625577513754,Medium,37.55280369608803,0
3186-BAXNB,1,Month-to-month,91.7,91.7,0.5866131364910977,Medium,53.79242461623366,1
9885-AIBVB,29,Month-to-month,85.8,2440.25,0.5864227873914689,Medium,50.31507515818803,0
3776-EKTKM,1,Month-to-month,36.45,36.45,0.5863649081111606,Medium,21.373000900651807,1
0988-JRWWP,3,Month-to-month,54.2,140.4,0.5863307174246631,Medium,31.779124884416746,0
9588-OZDMQ,2,Month-to-month,45.0,89.75,0.586101850243347,Medium,26.374583260950615,0
2737-WFVYW,2,Month-to-month,45.25,85.5,0.5860670180114568,Medium,26.51953256501842,1
4816-JBHOV,2,Month-to-month,44.7,93.7,0.586063896635237,Medium,26.197056179595094,1
0654-HMSHN,21,Month-to-month,104.4,2157.95,0.5860605590407792,Medium,61.184722363857354,1
6519-CFDBX,2,Month-to-month,45.4,80.95,0.5859074081124834,Medium,26.600196328306748,0
0637-YLETY,16,Month-to-month,95.6,1555.65,0.5856685411618092,Medium,55.98991253506896,1
3801-HMYNL,1,Month-to-month,89.15,89.15,0.5856172767861182,Medium,52.20778022548244,1
7729-JTEEC,2,Month-to-month,44.5,90.05,0.5856027644810166,Medium,26.059323019405237,0
5378-IKEEG,1,Month-to-month,35.75,35.75,0.5855885720463337,Medium,20.93479145065643,1
8519-IMDHU,15,Month-to-month,85.6,1345.55,0.5855865456345354,Medium,50.12620830631622,1
0818-OCPZO,27,Month-to-month,81.45,2122.05,0.5855295980458187,Medium,47.691385760831935,1
0524-IAVZO,30,Month-to-month,85.0,2624.25,0.5855032170470165,Medium,49.7677734489964,1
3754-DXMRT,2,Month-to-month,44.15,92.65,0.5854191333922009,Medium,25.846254739265667,1
0841-NULXI,1,Month-to-month,35.55,35.55,0.5853666834557378,Medium,20.80978559685148,1
0224-RLWWD,2,Month-to-month,44.3,89.3,0.5853427162515565,Medium,25.930682329943952,0
3091-FYHKI,1,Month-to-month,35.45,35.45,0.5852557261655668,Medium,20.747315492569342,1
5937-EORGB,15,Month-to-month,96.5,1392.25,0.5851325795852262,Medium,56.46529392997433,0
6198-RTPMF,17,Month-to-month,92.6,1579.7,0.5850838393646892,Medium,54.17876352517022,0
8621-MNIHH,34,Month-to-month,94.25,3217.55,0.5848718738178189,Medium,55.12417410732943,1
0112-QAWRZ,16,Month-to-month,90.8,1442.2,0.5848466018317109,Medium,53.104071446319345,0
7562-GSUHK,16,Month-to-month,93.2,1573.7,0.5844243134711494,Medium,54.46834601551113,1
0375-HVGXO,1,Month-to-month,34.7,34.7,0.5844232715292101,Medium,20.279487522063594,1
9851-QXEEQ,41,Month-to-month,104.7,4346.4,0.5840833844754396,Medium,61.15353035457853,1
4658-HCOHW,21,Month-to-month,102.8,2110.15,0.5840744531552579,Medium,60.0428537843605,1
9801-GDWGV,39,Month-to-month,103.45,3994.45,0.5840725067459238,Medium,60.42230082286582,1
5896-NPFWW,3,Month-to-month,50.15,168.15,0.5840432799082778,Medium,29.28977048740013,1
7072-MBHEV,11,Month-to-month,78.1,864.85,0.583807435282395,Medium,45.595360695555044,0
4132-KALRO,4,Month-to-month,100.85,399.25,0.5837334530587533,Medium,58.86951874097527,0
3329-WDIOK,3,Month-to-month,50.6,155.35,0.5836227684784291,Medium,29.531312085008512,1
0420-HLGXF,39,Month-to-month,99.75,4036.0,0.5831057219855297,Medium,58.164795768056585,0
8878-HMWBV,3,Month-to-month,49.15,169.05,0.5830643485011795,Medium,28.657612728832973,1
4412-YLTKF,27,Month-to-month,78.05,2135.5,0.5829242674165271,Medium,45.497239071859944,1
5899-MQZZL,13,Month-to-month,75.0,999.45,0.58276109053927,Medium,43.70708179044525,1
7029-RPUAV,17,Month-to-month,100.45,1622.45,0.5824906429572326,Medium,58.51118508505402,1
5271-DBYSJ,11,Month-to-month,79.15,827.7,0.5823195630204592,Medium,46.09059341306935,0
5543-QDCRY,4,Month-to-month,56.4,234.85,0.5823148667034426,Medium,32.84255848207416,0
6994-KERXL,4,Month-to-month,55.9,238.5,0.5820474627386917,Medium,32.536453167092866,0
2501-XWWTZ,11,Month-to-month,70.2,760.05,0.582037450674932,Medium,40.859029037380225,0
3049-NDXFL,1,Month-to-month,85.8,85.8,0.5818962025565707,Medium,49.92669417935377,1
7978-DKUQH,25,Month-to-month,74.6,1797.75,0.5816075345781297,Medium,43.38792207952847,0
2774-LVQUS,15,Month-to-month,83.05,1258.3,0.581549610582139,Medium,48.29769515884664,1
1319-YLZJG,12,Month-to-month,84.6,959.9,0.5813146409658547,Medium,49.17921862571131,0
2369-UAPKZ,5,Month-to-month,104.1,541.9,0.5811566843144311,Medium,60.498410837132276,1
2189-WWOEW,15,Month-to-month,85.9,1269.55,0.5806175806494923,Medium,49.875050177791394,1
3956-MGXOG,28,Month-to-month,80.6,2244.95,0.5803094238431726,Medium,46.77293956175971,0
6551-GNYDG,14,Month-to-month,80.9,1152.8,0.5801693205383129,Medium,46.93569803154952,0
1472-TNCWL,36,Month-to-month,94.7,3512.5,0.5800861875269856,Medium,54.93416195880554,0
0256-LTHVJ,28,Month-to-month,81.05,2227.1,0.5795361112775135,Medium,46.97140181904246,1
8104-OSKWT,12,Month-to-month,79.8,1001.2,0.5791801187425362,Medium,46.21857347565438,0
5117-IFGPS,29,Month-to-month,84.3,2357.75,0.5791253764165034,Medium,48.82026923191123,0
7590-VHVEG,1,Month-to-month,29.85,29.85,0.5790286249373132,Medium,17.2840044543788,0
6030-REHUX,28,Month-to-month,110.85,3204.4,0.5783732919998713,Medium,64.11267941818573,0
6719-OXYBR,15,Month-to-month,85.3,1219.85,0.5782145505023035,Medium,49.32170115784649,0
0396-YCHWO,36,Month-to-month,95.4,3474.2,0.5781486767950412,Medium,55.155383766246935,0
2523-EWWZL,27,Month-to-month,76.1,2093.4,0.5779582714191124,Medium,43.98262445499445,0
4289-DTDKW,40,Month-to-month,101.3,4113.1,0.5771919620246299,Medium,58.469545753095005,1
1589-AGTLK,3,Month-to-month,45.35,141.5,0.5771793497734568,Medium,26.175083512226266,1
7924-GJZFI,25,Month-to-month,69.3,1813.1,0.5771417713017133,Medium,39.995924751208726,0
4039-HEUNW,36,Month-to-month,96.5,3436.1,0.5766412548306967,Medium,55.64588109116223,1
8063-RJYNF,16,Month-to-month,94.25,1483.25,0.5762233919364395,Medium,54.30905469000942,1
2626-URJFX,4,Month-to-month,50.9,225.6,0.575925423770478,Medium,29.314604069917326,1
5519-YLDGW,21,Month-to-month,103.9,2254.2,0.5754750483418897,Medium,59.79185752272234,1
6311-UEUME,29,Month-to-month,78.9,2384.15,0.5753197291267909,Medium,45.3927266281038,1
9415-DPEWS,18,Month-to-month,88.35,1639.3,0.5749022929098576,Medium,50.79261757858592,1
9524-EGPJC,18,Month-to-month,90.1,1612.75,0.5748802238662944,Medium,51.79670817035313,1
7901-HXJVA,14,Month-to-month,76.45,1117.55,0.5747454425494376,Medium,43.93928908290451,0
2460-NGXBJ,11,Month-to-month,75.2,775.3,0.5745391403586761,Medium,43.20534335497245,0
7952-OBOYL,3,Month-to-month,89.85,244.45,0.5743661399566042,Medium,51.606797675100886,0
2485-ITVKB,2,Month-to-month,35.1,68.75,0.5743065591618222,Medium,20.15816022657996,1
7295-JOMMD,4,Month-to-month,98.1,396.3,0.5741197686136331,Medium,56.321149300997405,1
0772-GYEQQ,3,Month-to-month,88.35,262.05,0.5740246082458982,Medium,50.715074138525104,1
7242-QZLXF,1,Month-to-month,25.3,25.3,0.5739504285897757,Medium,14.520945843321327,1
7780-OTDSO,18,Month-to-month,99.4,1742.95,0.573874154724631,Medium,57.043090979628325,1
1768-ZAIFU,1,Month-to-month,25.2,25.2,0.5738386404070108,Medium,14.460733738256673,1
6899-PPEEA,37,Month-to-month,96.55,3580.3,0.5738251501073595,Medium,55.40281824286556,1
7587-RZNME,3,Month-to-month,43.3,123.65,0.5737864669639932,Medium,24.844954019540904,1
2672-DZUOY,1,Month-to-month,25.15,25.15,0.5737827434848433,Medium,14.430635998643806,1
0023-HGHWL,1,Month-to-month,25.1,25.1,0.5737268446773052,Medium,14.40054380140036,1
4236-XPXAV,5,Month-to-month,99.15,465.05,0.5736310119259775,Medium,56.875514832460674,1
4647-MUZON,18,Month-to-month,95.95,1745.5,0.5734486254513057,Medium,55.02239561205278,0
0822-GAVAP,2,Month-to-month,34.7,62.25,0.5734329592722424,Medium,19.89812368674681,1
7932-WPTDS,1,Month-to-month,24.8,24.8,0.5733914123157402,Medium,14.220107025430357,1
1024-GUALD,1,Month-to-month,24.8,24.8,0.5733914123157402,Medium,14.220107025430357,1
2862-PFNIK,1,Month-to-month,24.7,24.7,0.5732795865074832,Medium,14.160005786734835,0
8637-XJIVR,12,Month-to-month,78.95,927.35,0.5731351774954848,Medium,45.24902226326853,1
5216-WASFJ,31,Month-to-month,84.85,2633.4,0.5730771000558014,Medium,48.62559193973474,0
5599-HVLTW,14,Month-to-month,80.35,1058.1,0.5729847339104326,Medium,46.039323369703254,0
7365-BVCJH,1,Month-to-month,24.4,24.4,0.5729440641725311,Medium,13.979835165809757,0
2845-AFFTX,41,Month-to-month,99.8,4259.3,0.5728920388808317,Medium,57.17462548030701,1
9658-WYUFB,17,Month-to-month,94.4,1617.5,0.5728155059194043,Medium,54.07378375879177,1
1334-FJSVR,1,Month-to-month,24.25,24.25,0.5727762778107489,Medium,13.889824736910661,1
4521-YEEHE,18,Month-to-month,88.85,1594.75,0.5723114684701782,Medium,50.849873973575335,0
0378-NHQXU,17,Month-to-month,88.25,1460.65,0.5722418052235796,Medium,50.5003393109809,1
7273-TEFQD,3,Month-to-month,41.15,132.2,0.5721300996960921,Medium,23.54315360249419,1
2468-SJFLM,1,Month-to-month,74.3,74.3,0.5720773733950665,Medium,42.50534884325344,0
3797-VTIDR,1,Month-to-month,23.45,23.45,0.5718811352786133,Medium,13.41061262228348,1
8563-OYMQY,17,Month-to-month,90.95,1612.2,0.5718403521505439,Medium,52.008880028091966,0
0432-CAJZV,3,Month-to-month,90.7,237.65,0.5717625699588612,Medium,51.85886509526871,0
2636-OHFMN,4,Month-to-month,48.55,201.0,0.5717428393226316,Medium,27.758114849113763,1
7682-AZNDK,34,Month-to-month,89.85,3091.75,0.5715031404336227,Medium,51.349557167960995,0
6178-KFNHS,12,Month-to-month,78.3,909.25,0.57118665976304,Medium,44.723915459446026,1
5108-ADXWO,11,Month-to-month,73.5,791.75,0.5708932228686636,Medium,41.960651880846775,1
7351-KYHQH,7,Month-to-month,64.95,493.65,0.5705316857145499,Medium,37.056032987160016,0
2311-QYMUQ,16,Month-to-month,89.45,1430.25,0.5704980378750966,Medium,51.03104948792739,1
1891-UAWWU,20,Month-to-month,90.8,1951.0,0.5703359058458667,Medium,51.78650025080469,1
7379-FNIUJ,2,Month-to-month,100.2,198.5,0.5702291067030685,Medium,57.13695649164746,0
9692-TUSXH,18,Month-to-month,96.05,1740.7,0.5702021033059143,Medium,54.76791202253306,1
3677-IYRBF,2,Month-to-month,30.4,78.65,0.5700688723207902,Medium,17.33009371855202,1
8160-HOWOX,7,Month-to-month,66.85,458.1,0.5700365824400084,Medium,38.10694553611456,0
7018-WBJNK,13,Month-to-month,78.3,1033.95,0.5699620380119907,Medium,44.62802757633887,0
9050-IKDZA,2,Month-to-month,81.5,162.55,0.5698190489102687,Medium,46.4402524861869,0
7562-UXTPG,13,Month-to-month,70.15,886.7,0.5698162432141555,Medium,39.97260946147301,0
0013-EXCHZ,3,Month-to-month,83.9,267.4,0.5697299964911399,Medium,47.800346705606636,1
5650-YLIBA,31,Month-to-month,81.15,2640.55,0.5696944111076763,Medium,46.23070146138793,0
5649-ANRML,2,Month-to-month,95.1,180.25,0.5696367182775289,Medium,54.172451908193,1
2027-CWDNU,18,Month-to-month,85.6,1601.5,0.569372133207563,Medium,48.73825460256739,0
5982-FPVQN,37,Month-to-month,95.15,3532.85,0.5690339180374114,Medium,54.143577301259704,0
2080-CAZNM,41,Month-to-month,104.4,4133.95,0.5689429187720124,Medium,59.3976407197981,0
2831-EBWRN,4,Month-to-month,45.9,199.75,0.5688722723097143,Medium,26.111237299015883,0
2868-SNELZ,2,Month-to-month,80.6,155.8,0.5684000391878572,Medium,45.813043158541284,1
9274-UARKJ,15,Month-to-month,83.2,1130.0,0.5680365298330096,Medium,47.260639282106396,0
5651-YLPRD,32,Month-to-month,86.1,2723.75,0.5677408518194054,Medium,48.8824873416508,0
2424-WVHPL,1,Month-to-month,74.7,74.7,0.5676496920256467,Medium,42.40343199431582,0
3992-YWPKO,6,Month-to-month,109.9,669.45,0.5675331306275362,Medium,62.37189105596623,1
9961-JBNMK,21,Month-to-month,96.8,2030.3,0.5675160148743547,Medium,54.93555023983753,1
9600-NAXZN,43,Month-to-month,101.4,4528.0,0.567438102982657,Medium,57.538223642441416,1
3440-JPSCL,6,Month-to-month,99.95,547.65,0.5672795168418859,Medium,56.6995877083465,1
0378-TOVMS,3,Month-to-month,85.8,272.2,0.5671842783638973,Medium,48.66441108362238,1
8519-QJGJD,14,Month-to-month,75.35,1025.95,0.5671761931653457,Medium,42.736726155008796,1
1384-RCUXW,16,Month-to-month,80.55,1248.9,0.5671729910701705,Medium,45.685784430702235,0
3315-TOTBP,15,Month-to-month,76.0,1130.85,0.567103324019776,Medium,43.099852625502976,1
8687-BAFGU,1,Month-to-month,74.0,74.0,0.5668641768530641,Medium,41.947949087126744,0
7603-USHJS,12,Month-to-month,73.75,871.4,0.5667715528615969,Medium,41.79940202354277,1
9565-DJPIB,4,Month-to-month,89.6,365.65,0.5665923084026282,Medium,50.766670832875484,1
2656-FMOKZ,15,Month-to-month,74.45,1145.7,0.5665146964040331,Medium,42.17701914728026,1
1866-RZZQS,41,Month-to-month,98.4,4187.75,0.5664069899973326,Medium,55.73444781573753,1
5482-VXSXJ,22,Month-to-month,93.2,2157.3,0.5662210650085637,Medium,52.771803258798144,0
5404-GGUKR,5,Month-to-month,51.35,262.3,0.5659942945267573,Medium,29.06380702394899,0
6645-MXQJT,2,Month-to-month,97.1,184.15,0.5659629290485937,Medium,54.955000410618446,0
9279-CJEOJ,21,Month-to-month,95.4,2025.1,0.5656776595873744,Medium,53.96564872463552,0
2495-INZWQ,4,Month-to-month,44.55,174.3,0.5656661634650624,Medium,25.200427582368526,1
0511-JTEOY,1,Month-to-month,71.1,71.1,0.5654628541434874,Medium,40.204408929601954,1
8040-MNRTF,1,Month-to-month,71.1,71.1,0.5654628541434874,Medium,40.204408929601954,0
9430-FRQOC,4,Month-to-month,87.1,341.45,0.5652924198529549,Medium,49.23696976919236,1
0151-ONTOV,1,Month-to-month,70.9,70.9,0.5652381900579218,Medium,40.075387675106654,1
0812-WUPTB,1,Month-to-month,70.85,70.85,0.565182019845228,Medium,40.0431461060344,1
0519-XUZJU,1,Month-to-month,70.75,70.75,0.5650696744000241,Medium,39.978679463801704,1
5940-AHUHD,1,Month-to-month,70.6,70.6,0.5649011437035677,Medium,39.88202074547188,1
0611-DFXKO,20,Month-to-month,89.0,1820.45,0.5641640622890961,Medium,50.21060154372955,1
4110-PFEUZ,1,Month-to-month,69.55,69.55,0.5637210109099571,Medium,39.20679630878751,1
8937-RDTHP,1,Month-to-month,84.6,84.6,0.5637082936697257,Medium,47.68972164445879,1
5884-GCYMI,1,Month-to-month,69.4,69.4,0.563552361260253,Medium,39.11053387146156,1
7384-GHBPI,3,Month-to-month,35.15,99.75,0.5635439526283849,Medium,19.80856993488773,1
1989-PRJHP,27,Month-to-month,75.5,1893.95,0.5633597570189115,Medium,42.53366165492782,1
8224-DWCKX,12,Month-to-month,73.3,828.05,0.5632518295914573,Medium,41.28635910905381,0
7296-PIXQY,14,Month-to-month,70.2,1046.5,0.5631961257150201,Medium,39.53636802519441,0
1010-DIAUQ,5,Month-to-month,96.5,492.55,0.5631695284332437,Medium,54.34585949380802,1
9121-PHQSR,16,Month-to-month,85.05,1391.15,0.5631237868128653,Medium,47.8936780684342,0
0529-ONKER,15,Month-to-month,75.65,1146.65,0.562955912565147,Medium,42.58761478555337,1
1723-HKXJQ,42,Month-to-month,101.75,4273.45,0.5629393067021516,Medium,57.27907445694393,1
0746-JTRFU,2,Month-to-month,25.05,56.35,0.5628728780672216,Medium,14.099965595583903,1
8938-UMKPI,47,Month-to-month,106.4,5127.95,0.5627900302722902,Medium,59.880859220971686,1
9190-MFJLN,19,Month-to-month,95.9,1777.9,0.5626738744200795,Medium,53.960424556885634,1
2373-NTKOD,8,Month-to-month,66.25,546.45,0.5626006522461006,Medium,37.27229321130416,0
5914-DVBWJ,18,Month-to-month,85.45,1505.85,0.5624972754778165,Medium,48.06539218957942,1
1268-ASBGA,16,Month-to-month,85.35,1375.15,0.5623146428269195,Medium,47.99355476527757,1
6599-SFQVE,6,Month-to-month,55.0,340.4,0.5623075693279718,Medium,30.926916313038447,0
6413-XKKPU,17,Month-to-month,89.4,1539.45,0.5620799661769686,Medium,50.249948976221,1
3990-QYKBE,37,Month-to-month,92.5,3473.4,0.5620679344932921,Medium,51.991283940629515,1
2037-SGXHH,38,Month-to-month,94.65,3624.3,0.5619176585408965,Medium,53.18550638089585,1
1583-IHQZE,12,Month-to-month,112.95,1384.75,0.5616843358287184,Medium,63.44224573185374,1
9365-SRSZE,27,Month-to-month,70.55,1943.9,0.5616533820704916,Medium,39.62464610507318,0
9747-DDZOS,1,Month-to-month,73.5,73.5,0.5615670098498923,Medium,41.27517522396708,1
8642-GVWRF,2,Month-to-month,79.7,165.0,0.561509133221003,Medium,44.75227791771395,1
6900-PXRMS,26,Month-to-month,105.75,2710.25,0.5613305491117684,Medium,59.36070556856951,1
7142-HVGBG,43,Month-to-month,103.0,4414.3,0.5611324425956934,Medium,57.79664158735642,1
7892-POOKP,28,Month-to-month,104.8,3046.05,0.5609217780636063,Medium,58.78460234106594,1
3384-CTMSF,47,Month-to-month,104.1,5135.15,0.5608702543101747,Medium,58.38659347368918,0
9606-PBKBQ,32,Month-to-month,85.0,2642.05,0.5608395214142304,Medium,47.67135932020959,1
6101-IMRMM,6,Month-to-month,94.5,575.45,0.5604555743244863,Medium,52.963051773663956,1
2955-BJZHG,17,Month-to-month,80.85,1400.85,0.5602546638696955,Medium,45.29658957386488,1
4659-NZRUF,19,Month-to-month,95.15,1789.25,0.5596484439258027,Medium,53.25054943954013,1
0139-IVFJG,2,Month-to-month,90.35,190.5,0.5592914143437155,Medium,50.5319792859547,0
2252-ISRNH,9,One year,90.35,767.9,0.5587626734453424,Medium,50.48420754578668,0
1104-TNLZA,28,Month-to-month,105.8,2998.0,0.5585928562291641,Medium,59.09912418904556,0
7483-IQWIB,37,Month-to-month,92.95,3415.25,0.5584475492925054,Medium,51.90769970673838,0
0447-RXSGD,24,Month-to-month,99.65,2404.85,0.5577716891454103,Medium,55.58194882334014,0
1078-TDCRN,3,Month-to-month,30.75,82.85,0.5577092251256996,Medium,17.149558672615264,0
6906-ANDWJ,15,Month-to-month,74.9,1107.25,0.5576848646511398,Medium,41.77059636237037,1
4290-BSXUX,3,Month-to-month,79.65,251.75,0.5575567279653998,Medium,44.409393382444094,1
9050-QLROH,18,Month-to-month,90.7,1597.25,0.557508374851716,Medium,50.566009599050645,1
0133-BMFZO,2,Month-to-month,86.25,181.65,0.5573777624836611,Medium,48.07383201421577,1
1084-UQCHV,1,Month-to-month,69.75,69.75,0.5573419706389704,Medium,38.87460245206819,1
4501-EQDRN,1,Month-to-month,69.7,69.7,0.557285579288601,Medium,38.84280487641549,1
8374-XGEJJ,43,Month-to-month,101.0,4388.4,0.5571946045841747,Medium,56.27665506300164,1
3671-SHRSP,4,Month-to-month,80.6,319.15,0.5568626511345993,Medium,44.8831296814487,1
6086-ESGRL,1,Month-to-month,80.15,80.15,0.5568301812771049,Medium,44.62993902935996,1
1730-ZMAME,32,Month-to-month,79.5,2665.0,0.5566458755041668,Medium,44.25334710258126,0
2018-PZKMU,9,Month-to-month,103.1,970.45,0.556346360827402,Medium,57.35930980130514,0
5600-KTXFM,2,Month-to-month,69.95,143.9,0.5563308029837984,Medium,38.915339668716705,0
3538-WZPHD,3,Month-to-month,29.6,79.45,0.5562533102447106,Medium,16.465097983243435,1
9283-LZQOH,13,Month-to-month,74.4,896.75,0.5562017556357451,Medium,41.381410619299444,1
3717-OEAUQ,2,Month-to-month,70.7,129.2,0.5560868732609114,Medium,39.31534193954644,0
4652-NNHNY,16,Month-to-month,73.85,1284.2,0.5559878072976553,Medium,41.05969956893184,1
4686-UXDML,21,Month-to-month,99.85,1992.55,0.5558623768201985,Medium,55.50285832549681,0
2034-CGRHZ,24,Month-to-month,102.95,2496.7,0.5554970326524181,Medium,57.188419511566444,1
8818-DOPVL,46,Month-to-month,104.45,4863.85,0.5551743539294374,Medium,57.987961267929734,0
3703-KBKZP,16,Month-to-month,74.45,1261.35,0.5550097832599502,Medium,41.320478363703295,0
5233-AOZUF,29,Month-to-month,74.95,2149.05,0.5546440946997269,Medium,41.57057489774453,0
3550-SAHFP,33,Month-to-month,83.35,2757.85,0.5541963339622816,Medium,46.19226443575617,1
8819-IMISP,31,Month-to-month,80.45,2429.1,0.5540768514211554,Medium,44.57548269683195,0
2824-MYYBN,37,Month-to-month,95.25,3314.15,0.5537462413858566,Medium,52.74432949200284,0
5453-AXEPF,17,Month-to-month,80.5,1336.9,0.5536664476051665,Medium,44.5701490322159,0
3874-EQOEP,7,Month-to-month,95.0,655.5,0.5535625661772847,Medium,52.58844378684205,1
8676-TRMJS,3,Month-to-month,75.0,209.1,0.5531983856438021,Medium,41.489878923285154,1
2739-CACDQ,17,Month-to-month,82.65,1470.05,0.5530884447301541,Medium,45.71275995694724,0
3966-HRMZA,3,Month-to-month,75.05,202.9,0.5528132290496923,Medium,41.488632840179406,0
9239-ZBZZV,6,Month-to-month,47.95,305.1,0.5523643916003349,Medium,26.48587257723606,1
1565-RHDJD,4,Month-to-month,84.05,333.55,0.551860264872623,Medium,46.38385526254396,1
9492-TOKRI,18,Month-to-month,90.0,1527.35,0.5518315362428805,Medium,49.664838261859245,1
4741-WWJQZ,2,Month-to-month,80.15,194.55,0.5518313244623122,Medium,44.22928065565433,0
8800-ZKRFW,30,Month-to-month,107.5,3242.5,0.5514941202280181,Medium,59.285617924511946,0
1746-TGTWV,1,Month-to-month,75.35,75.35,0.5514088575395477,Medium,41.548657415604914,0
6390-DSAZX,1,Month-to-month,73.6,73.6,0.5513039866127603,Medium,40.57597341469915,1
7718-RXDGG,15,Month-to-month,68.6,1108.6,0.5511105339319986,Medium,37.806182627735105,0
1866-OBPNR,1,Month-to-month,74.6,74.6,0.55056063749933,Medium,41.07182355745002,0
6352-TWCAU,35,Month-to-month,86.45,3029.1,0.5504634447716531,Medium,47.58756480050941,1
1212-GLHMD,3,Month-to-month,86.05,244.85,0.5504096196234799,Medium,47.36274776860044,0
4512-ZUIYL,2,Month-to-month,70.0,153.05,0.5504040908721182,Medium,38.52828636104827,1
4547-LYTDD,16,Month-to-month,72.65,1194.3,0.550074086157726,Medium,39.9628823593588,1
3071-VBYPO,3,Month-to-month,89.85,248.4,0.5497680442583996,Medium,49.39665877661721,0
6166-ILMNY,2,Month-to-month,69.75,144.55,0.5495375102292523,Medium,38.33024133849035,1
7270-BDIOA,22,Month-to-month,90.0,1993.8,0.5494488106102667,Medium,49.450392954924006,1
4828-FAZPK,16,Month-to-month,79.95,1267.95,0.549035375924107,Medium,43.895378305132354,0
3916-NRPAP,3,Month-to-month,85.7,256.75,0.5490051440721312,Medium,47.04974084698164,0
8708-XPXHZ,42,Month-to-month,94.2,4186.3,0.5488017360620364,Medium,51.69712353704383,1
2672-TGEFF,37,Month-to-month,88.8,3340.55,0.5487754783758788,Medium,48.73126247977804,0
8020-BWHYL,15,Month-to-month,75.3,1147.45,0.5486855676590701,Medium,41.31602324472797,1
2357-COQEK,28,Month-to-month,103.3,2890.65,0.5483610814103623,Medium,56.645699709690426,1
6956-SMUCM,3,Month-to-month,99.0,287.4,0.5482395245017616,Medium,54.2757129256744,1
1302-UHBDD,20,Month-to-month,89.95,1648.45,0.548122634446256,Medium,49.30363096844073,0
2754-SDJRD,8,Month-to-month,100.15,908.55,0.5479613106220664,Medium,54.878325258799954,0
5590-BYNII,22,Month-to-month,100.75,2095.0,0.5479155651642241,Medium,55.202493190295584,1
7318-EIVKO,8,Month-to-month,59.25,436.6,0.5474373419211129,Medium,32.43566250882594,0
9866-QEVEE,19,Month-to-month,86.0,1532.45,0.5471206265260843,Medium,47.05237388124325,1
5480-TBGPH,24,Month-to-month,99.3,2431.35,0.5470064383222007,Medium,54.317739325394534,1
2344-JMOGN,9,Month-to-month,94.85,890.6,0.5468760865109206,Medium,51.871196805560814,1
9133-AYJZG,23,Month-to-month,98.7,2249.1,0.5465829048343832,Medium,53.94773270715363,0
5908-QMGOE,15,Month-to-month,74.2,1133.9,0.5465581389982536,Medium,40.554613913670416,1
6680-WKXRZ,3,Month-to-month,74.4,215.8,0.5464000364352181,Medium,40.652162710780225,1
6175-IRFIT,5,Month-to-month,78.75,426.35,0.5463300768795073,Medium,43.0234935542612,0
7714-YXSMB,26,Month-to-month,100.5,2599.95,0.5462709361124981,Medium,54.90022907930606,0
6877-LGWXO,18,Month-to-month,78.55,1422.65,0.5462693652119339,Medium,42.90945863739741,1
0928-JMXNP,4,Month-to-month,29.9,118.25,0.5462139398923589,Medium,16.33179680278153,0
9741-YLNTD,6,Month-to-month,87.95,522.35,0.5461907290037673,Medium,48.03747461588134,0
0682-USIXD,21,Month-to-month,86.05,1818.9,0.545989532523577,Medium,46.9823992736538,0
8650-RHRKE,4,Month-to-month,29.65,118.5,0.545966087270507,Medium,16.18789448757053,1
5339-PXDVH,4,Month-to-month,90.65,367.95,0.545963742808588,Medium,49.491613285598504,0
4325-NFSKC,19,Month-to-month,90.6,1660.0,0.5456939747571291,Medium,49.439874112995895,1
2235-DWLJU,6,Month-to-month,44.4,263.05,0.545621248122001,Medium,24.225583416616843,0
3755-JBMNH,16,Month-to-month,71.8,1167.8,0.5455814579948068,Medium,39.17274868402713,1
4124-MMETB,22,Month-to-month,94.65,2104.55,0.5451657690629588,Medium,51.59994004180905,1
6242-MBHPK,23,Month-to-month,95.1,2326.05,0.545158497104652,Medium,51.8445730746524,0
0277-BKSQP,8,Month-to-month,54.4,475.1,0.5450135998630801,Medium,29.648739832551556,0
6559-PDZLR,26,Month-to-month,98.65,2537.0,0.544618372663437,Medium,53.72660246324807,0
3336-JORSO,33,Month-to-month,110.45,3655.45,0.5445106627458101,Medium,60.141202700274725,1
3771-PZOBW,20,Month-to-month,90.7,1781.35,0.5443233749211941,Medium,49.3701301053523,0
6034-YMTOB,5,Month-to-month,75.65,399.45,0.5441890793242985,Medium,41.167903850883185,0
3003-CMDUU,25,Month-to-month,95.15,2395.7,0.5440155072224724,Medium,51.76307551221825,0
7786-WBJYI,4,Month-to-month,77.95,305.55,0.5434014437056329,Medium,42.35814253685409,1
3585-ISXZP,8,Month-to-month,95.65,778.1,0.5431762556049249,Medium,51.954808848611066,1
5630-IXDXV,47,Month-to-month,106.35,4849.1,0.5430340369357572,Medium,57.75166982811778,0
7571-YXDAD,2,Month-to-month,74.9,147.15,0.542894139980634,Medium,40.66277108454948,1
3002-WQZWT,29,Month-to-month,74.2,1993.25,0.54281979232142,Medium,40.277228590249365,0
4971-PUYQO,27,Month-to-month,94.55,2724.6,0.5422981534988601,Medium,51.274290413317225,1
8212-DJRCH,5,Month-to-month,90.35,434.5,0.542160706386111,Medium,48.98421982198513,0
5842-POCOP,5,Month-to-month,88.9,454.15,0.5420126202327585,Medium,48.184921938692234,1
5666-CYCYZ,24,Month-to-month,89.55,2259.35,0.5415300761177592,Medium,48.49401831634533,0
5293-WXJAK,11,Month-to-month,104.05,1133.65,0.5409652692271213,Medium,56.28743626308197,1
4465-VDKIQ,18,Month-to-month,77.8,1358.6,0.5409292608264503,Medium,42.08429649229783,0
3677-TNKIO,14,Month-to-month,71.0,914.0,0.5406995274048944,Medium,38.3896664457475,1
9465-RWMXL,32,Month-to-month,78.9,2447.95,0.5406452148150566,Medium,42.656907448907965,1
1580-BMCMR,19,Month-to-month,87.3,1637.3,0.5405745402044609,Medium,47.19215735984944,0
1754-GKYPY,22,Month-to-month,89.75,1938.9,0.5405158596191726,Medium,48.51129840082074,0
4815-GBTCD,4,Month-to-month,25.15,99.95,0.5398645255020906,Medium,13.577592816377578,0
3934-HXCFZ,23,Month-to-month,99.25,2186.4,0.5396640391045233,Medium,53.56165588112394,1
2811-POVEX,23,Month-to-month,88.45,2130.55,0.5395853337030638,Medium,47.726322766036,0
1894-IGFSG,22,Month-to-month,89.25,1907.85,0.5394972165266504,Medium,48.15012657500355,1
4360-PNRQB,18,Month-to-month,75.6,1395.05,0.5394572584999365,Medium,40.7829687425952,0
2916-BQZLN,19,Month-to-month,84.75,1651.95,0.5389001879209879,Medium,45.67179092630373,0
9851-KIELU,10,Month-to-month,110.1,1043.3,0.5387615207670423,Medium,59.317643436451355,1
6365-MTGZX,24,Month-to-month,96.0,2122.45,0.5386749361489053,Medium,51.7127938702949,1
5439-WIKXB,41,Month-to-month,94.55,3851.45,0.5385653215898584,Medium,50.92135115632111,0
4433-JCGCG,46,Month-to-month,101.0,4680.05,0.538491535850875,Medium,54.38764512093837,1
0362-ZBZWJ,36,Month-to-month,84.9,3067.2,0.5383818572166498,Medium,45.70861967769357,1
1399-UBQIU,11,Month-to-month,69.35,712.25,0.5383044459239857,Medium,37.33141332482841,0
5261-QSHQM,4,Month-to-month,24.45,86.6,0.5381708404011761,Medium,13.158277047808756,1
5028-GZLDO,2,Month-to-month,70.7,140.7,0.5379658705332976,Medium,38.03418704670414,1
8634-MPHTR,47,Month-to-month,100.05,4871.05,0.5378870745998006,Medium,53.815601813710046,1
9722-UJOJR,29,Month-to-month,70.75,1974.8,0.5378376261471617,Medium,38.05201204991169,1
0114-PEGZZ,33,Month-to-month,107.55,3645.5,0.5376542105729608,Medium,57.824710347121936,0
0876-WDUUZ,5,Month-to-month,85.4,425.9,0.5374638601227373,Medium,45.89941365448177,1
2665-NPTGL,26,Month-to-month,98.1,2510.7,0.5373839692129209,Medium,52.71736737978753,0
7743-EXURX,8,Month-to-month,51.05,415.05,0.5371862391612029,Medium,27.423357509179407,1
6637-KYRCV,5,Month-to-month,30.5,167.2,0.5371780325571969,Medium,16.383929992994503,0
5980-NOPLP,44,Month-to-month,96.1,4364.1,0.5371503979022605,Medium,51.62015323840723,1
8565-CLBZW,24,Month-to-month,89.85,2165.05,0.5370279680554021,Medium,48.251962929777875,1
2362-IBOOY,36,Month-to-month,84.75,3050.15,0.5370104578046127,Medium,45.51163629894092,1
7426-RHZGU,9,Month-to-month,95.9,827.45,0.5368563191894751,Medium,51.48452101027066,0
8456-QDAVC,19,Month-to-month,78.7,1495.1,0.5367043511829112,Medium,42.23863243809511,0
7503-QQRVF,16,Month-to-month,74.3,1178.25,0.5366635987171818,Medium,39.87410538468661,1
0148-DCDOS,25,Month-to-month,94.7,2362.1,0.5363673098763289,Medium,50.79398424528834,1
6557-BZXLQ,16,Month-to-month,69.65,1043.3,0.5361733686470855,Medium,37.34447512626951,0
0093-EXYQL,40,Month-to-month,91.55,3673.6,0.5358960941812771,Medium,49.06128742229592,0
3955-JBZZM,20,Month-to-month,78.8,1641.3,0.5357540947156144,Medium,42.21742266359041,0
5572-ZDXHY,22,Month-to-month,84.3,1855.65,0.5354591228956265,Medium,45.13920406010131,1
2860-RANUS,20,Month-to-month,85.8,1727.5,0.53528298337074,Medium,45.92727997320949,1
8486-AYEQH,31,Month-to-month,76.05,2227.8,0.5351306036601252,Medium,40.69668240835252,0
4077-CROMM,31,Month-to-month,104.2,3243.45,0.5349121622537462,Medium,55.73784730684035,1
9398-MMQTO,3,Month-to-month,74.45,221.1,0.5345072133368378,Medium,39.79406203292758,0
5747-PMBSQ,10,Month-to-month,92.5,934.1,0.5343106464039711,Medium,49.42373479236733,1
3672-YITQD,36,Month-to-month,84.1,3021.6,0.5342875647286208,Medium,44.93358419367701,1
3211-ILJTT,17,Month-to-month,70.4,1214.05,0.5342196282302404,Medium,37.60906182740893,1
6692-YQHXC,16,Month-to-month,69.95,1205.5,0.5339641664819063,Medium,37.350793445409344,0
6652-YFFJO,11,Month-to-month,64.9,716.1,0.5338353894133455,Medium,34.64591677292613,0
4546-FOKWR,16,Month-to-month,74.75,1129.35,0.5336658307936948,Medium,39.89152085182869,0
8490-BXHEO,18,Month-to-month,80.55,1411.65,0.5335744334959236,Medium,42.97942061809665,0
7137-RYLPP,37,Month-to-month,85.7,3171.15,0.533453051409838,Medium,45.71692650582312,1
0376-YMCJC,23,Month-to-month,90.6,1943.2,0.5333472959344925,Medium,48.32126501166501,1
2911-WDXMV,18,Month-to-month,80.55,1406.65,0.533218686484956,Medium,42.9507651963632,0
2692-BUCFV,29,Month-to-month,101.45,2948.6,0.5325708179730074,Medium,54.02930948336161,0
3951-NJCVI,42,Month-to-month,95.05,3944.5,0.5325411811272729,Medium,50.618039266147285,0
4690-PKDQG,42,Month-to-month,95.55,3930.6,0.5320853717869132,Medium,50.84075727423955,0
2091-RFFBA,31,Month-to-month,73.9,2217.15,0.5320798635093305,Medium,39.320701913339526,1
3647-GMGDH,22,Month-to-month,94.7,1914.9,0.5317460749326126,Medium,50.356353296118414,1
0428-IKYCP,22,Month-to-month,87.0,1850.65,0.5313105102504259,Medium,46.22401439178705,0
1767-TGTKO,8,Month-to-month,45.45,411.75,0.5309797489163929,Medium,24.133029588250057,0
4484-GLZOU,52,Month-to-month,105.05,5624.85,0.5309466846034663,Medium,55.77594921759413,1
9734-YWGEX,9,Month-to-month,98.3,923.5,0.5308307630570208,Medium,52.18066400850515,1
4998-IKFSE,30,Month-to-month,100.45,3096.9,0.5305950339453456,Medium,53.298271159809964,0
3565-UNOCC,29,Month-to-month,99.05,2952.85,0.530312228212086,Medium,52.52742620440712,1
3001-CBHLQ,32,Month-to-month,104.9,3351.55,0.5301674228211332,Medium,55.61456265393687,1
1571-SAVHK,12,Month-to-month,99.95,1132.75,0.5300261191881841,Medium,52.976110612859,1
0886-QGENL,27,Month-to-month,101.25,2754.45,0.5294910251681001,Medium,53.610966298270135,1
0817-HSUSE,1,Month-to-month,75.5,75.5,0.5288699672210714,Medium,39.92968252519089,0
0578-SKVMF,22,Month-to-month,83.3,1845.9,0.5287458073571697,Medium,44.04452575285224,1
2504-DSHIH,23,Month-to-month,86.8,1975.85,0.5285429498239704,Medium,45.877528044720634,0
6467-CHFZW,47,Month-to-month,99.35,4749.15,0.528467077140665,Medium,52.503204113925065,1
9058-MJLZC,24,Month-to-month,94.6,2283.15,0.5284089473063617,Medium,49.98748641518181,0
1452-KIOVK,22,Month-to-month,89.1,1949.4,0.528224753818924,Medium,47.064825565266126,0
1751-NCDLI,46,Month-to-month,98.85,4564.9,0.5280054789956296,Medium,52.19334159871798,0
8344-WFMFH,9,Month-to-month,50.1,484.05,0.5278988878093032,Medium,26.447734279246088,0
2025-JKFWI,13,Month-to-month,99.0,1301.7,0.527849554674868,Medium,52.25710591281194,1
3597-MVHJT,27,Month-to-month,95.6,2595.25,0.527549500875336,Medium,50.43373228368212,0
9971-ZWPBF,34,Month-to-month,108.9,3625.2,0.5275377268723599,Medium,57.448858456399996,0
7979-CORPM,24,Month-to-month,90.55,2282.55,0.5271100441703573,Medium,47.72981449962585,1
2960-NKRSO,24,Month-to-month,85.95,2107.15,0.5268656616993864,Medium,45.284103623062265,0
0434-CSFON,47,Month-to-month,100.5,4707.1,0.5266993168790151,Medium,52.93328134634101,0
3174-RKMOW,35,Month-to-month,109.95,3782.4,0.5266594297539986,Medium,57.90620430145215,0
7802-EFKNY,5,Month-to-month,24.95,100.4,0.5265017072402878,Medium,13.13621759564518,1
9167-APMXZ,22,Month-to-month,84.15,1821.95,0.5262228936177,Medium,44.28165649792946,0
0265-EDXBD,32,Month-to-month,74.9,2303.35,0.5260915700740837,Medium,39.40425859854887,1
7748-UMTRK,30,Month-to-month,101.3,2974.5,0.5258582397492313,Medium,53.26943968659713,0
7315-WYOAW,13,Month-to-month,100.75,1313.25,0.525583394897885,Medium,52.952527035961914,0
5016-IBERQ,23,Month-to-month,84.25,1968.1,0.5252665904044187,Medium,44.25371024157228,0
0921-OHLVP,22,Month-to-month,83.05,1799.3,0.5251580140319674,Medium,43.61437306535489,0
4879-GZLFH,42,Month-to-month,92.15,3875.4,0.5245221097715317,Medium,48.334712415446646,0
3914-FDRHP,9,Month-to-month,86.25,770.5,0.5242249923291591,Medium,45.21440558838997,0
2874-YXVVA,34,Month-to-month,105.1,3634.8,0.5241616574515799,Medium,55.08939019816105,0
0927-LCSMG,7,Month-to-month,74.65,544.55,0.5240184934775364,Medium,39.117980538098095,1
6022-UGGSO,32,Month-to-month,74.4,2276.95,0.5236751252643606,Medium,38.961429319668426,1
7240-ETPTR,9,Month-to-month,48.75,442.2,0.5234733249927279,Medium,25.519324593395485,1
3070-DVEYC,7,Month-to-month,73.75,545.15,0.5230991825590195,Medium,38.578564713727694,1
9367-WXLCH,8,Month-to-month,84.5,662.65,0.5230708208068908,Medium,44.199484358182275,1
5419-KLXBN,25,Month-to-month,89.15,2257.75,0.523011534463192,Medium,46.626478297393575,1
0221-WMXNQ,4,Month-to-month,75.35,273.4,0.5229284237584377,Medium,39.40265673019828,0
2122-YWVYA,18,Month-to-month,75.4,1380.4,0.5227792579114872,Medium,39.41755604652614,0
6458-CYIDZ,5,Month-to-month,80.7,374.8,0.5226670682293602,Medium,42.179232406109364,0
0771-WLCLA,16,Month-to-month,112.95,1882.55,0.5224137429434034,Medium,59.00663226545741,0
1028-FFNJK,30,Month-to-month,101.5,2917.65,0.5220183858295891,Medium,52.9848661617033,0
4369-HTUIF,6,Month-to-month,85.15,503.6,0.5216715521520766,Medium,44.42033266574933,1
5138-WVKYJ,10,Month-to-month,98.55,1008.55,0.520884319734833,Medium,51.33314970986778,1
8059-UDZFY,33,Month-to-month,105.35,3465.05,0.5207307056233993,Medium,54.85897983742511,0
7410-YTJIK,7,Month-to-month,75.45,480.75,0.5203232162899635,Medium,39.258386669077744,1
7892-QVYKW,23,Month-to-month,85.6,1868.4,0.5195990552498166,Medium,44.4776791293843,0
6502-HCJTI,7,Month-to-month,94.7,673.1,0.5183775992536248,Medium,49.09035864931827,1
2322-VCZHZ,23,Month-to-month,90.0,2024.1,0.518229955026013,Medium,46.64069595234117,0
7511-YMXVQ,9,Month-to-month,45.4,418.8,0.5182210566874119,Medium,23.5272359736085,1
9053-EJUNL,41,Month-to-month,89.2,3645.75,0.5182011509758706,Medium,46.22354266704766,0
9526-JAWYF,26,Month-to-month,89.8,2335.3,0.5177480315224089,Medium,46.493773230712314,1
2697-NQBPF,34,Month-to-month,105.35,3540.65,0.5177121845386902,Medium,54.54097864115101,0
1597-LHYNC,26,Month-to-month,95.0,2497.2,0.517677260560995,Medium,49.17933975329452,1
7321-PKUYW,11,Month-to-month,90.15,987.95,0.5174747131835375,Medium,46.65034539349591,1
0599-XNYDO,20,Month-to-month,69.8,1540.35,0.5172217435939448,Medium,36.10207770285734,0
3737-XBQDD,24,Month-to-month,84.85,2048.8,0.51672199733161,Medium,43.843861473587104,0
8631-WUXGY,46,Month-to-month,99.8,4391.25,0.5166360229239528,Medium,51.56027508781049,0
8128-YVJRG,7,Month-to-month,79.65,604.7,0.5164739994736416,Medium,41.13715405807555,1
8999-BOHSE,11,Month-to-month,89.7,1047.7,0.5164493640936869,Medium,46.32550795920372,1
5712-AHQNN,43,Month-to-month,91.65,3954.1,0.5163841577727466,Medium,47.32660805987223,0
6260-ONULR,1,Month-to-month,62.8,62.8,0.5162702045053367,Medium,32.421768842935144,0
8949-JTMAY,29,Month-to-month,98.6,2933.2,0.5160533367584761,Medium,50.882859004385736,1
4570-QHXHL,9,Month-to-month,43.75,405.7,0.5155201387122371,Medium,22.554006068660374,0
2070-XYMFH,23,Month-to-month,79.35,1835.3,0.5155154430606713,Medium,40.90615040686426,0
3932-CMDTD,4,One year,105.65,443.9,0.5155045720578926,Medium,54.463058037916355,1
5122-CYFXA,3,Month-to-month,75.3,244.1,0.5142522499034787,Medium,38.723194417731946,0
8496-EJAUI,19,Month-to-month,73.85,1424.5,0.5141207929068563,Medium,37.96782055617133,1
5183-SNMJQ,10,Month-to-month,95.1,865.1,0.5131092085070332,Medium,48.796685729018854,0
3196-NVXLZ,25,Month-to-month,84.6,2088.05,0.5127247222832864,Medium,43.37651150516602,0
7517-SAWMO,19,Month-to-month,73.2,1441.1,0.5115334514941737,Medium,37.44424864937352,1
5175-WLYXL,22,Month-to-month,78.85,1600.25,0.5114247750452477,Medium,40.32584351231778,0
6651-AZVTJ,49,Month-to-month,99.8,4872.45,0.511308846030942,Medium,51.02862283388801,1
3545-CNWRG,49,Month-to-month,98.35,4889.2,0.5109526218954851,Medium,50.25219036342095,0
0311-UNPFF,26,Month-to-month,88.8,2274.35,0.5105969694948056,Medium,45.34101089113874,1
0581-MDMPW,24,Month-to-month,88.95,2072.75,0.5104269068058251,Medium,45.402473360378146,0
1818-ESQMW,27,Month-to-month,89.2,2383.6,0.5104075118410623,Medium,45.528350056222756,0
4818-QIUFN,20,Month-to-month,79.15,1520.9,0.5103712208459499,Medium,40.39588212995694,1
9389-ACWBI,5,Month-to-month,69.95,320.4,0.5103550099062807,Medium,35.69933294294434,0
1396-QWFBJ,21,Month-to-month,74.05,1565.7,0.5103515065785181,Medium,37.79152906213927,1
7783-YKGDV,12,Month-to-month,99.7,1238.45,0.5103467875704837,Medium,50.88157472077722,1
4062-HBMOS,52,Month-to-month,103.05,5364.8,0.5102567852004913,Medium,52.58196171491063,0
2203-GHNWN,24,Month-to-month,79.65,1928.7,0.5092752714326633,Medium,40.56377536961163,0
8695-ARGXZ,34,Month-to-month,75.55,2425.4,0.5090521217721965,Medium,38.458887799889446,0
7056-IMHCC,53,Month-to-month,101.9,5549.4,0.5089775792590358,Medium,51.864815326495744,1
0963-ZBDRN,32,Month-to-month,96.2,3183.4,0.5088648305636756,Medium,48.95279670022559,1
0899-LIIBW,34,Month-to-month,100.85,3527.3,0.5088583127899713,Medium,51.3183608448686,0
8837-VVWLQ,8,Month-to-month,84.95,668.4,0.5084963079154494,Medium,43.19676135741743,1
6629-CZTTH,1,Month-to-month,55.7,55.7,0.5081610381019874,Medium,28.3045698222807,1
3518-PZXZQ,1,Month-to-month,55.3,55.3,0.507704015846972,Medium,28.07603207633755,0
8993-IZEUX,7,Month-to-month,69.15,488.65,0.5074462181566072,Medium,35.08990598552939,0
2931-FSOHN,13,Month-to-month,59.9,788.35,0.5072121101646233,Medium,30.382005398860937,0
3891-PUQOD,1,Month-to-month,59.2,59.2,0.5071882024142927,Medium,30.02554158292613,1
4074-SJFFA,1,Month-to-month,54.75,54.75,0.5070755893772865,Medium,27.762388518406436,1
7586-ZATGZ,40,Month-to-month,84.9,3369.05,0.5070671863123583,Medium,43.050004117919215,0
5857-TYBCJ,44,Month-to-month,89.2,4040.2,0.5066775385806174,Medium,45.19563644139107,0
8012-SOUDQ,43,Month-to-month,90.25,3838.75,0.5066458467873419,Medium,45.72478767255761,0
8685-WHQPW,22,Month-to-month,74.4,1692.6,0.5065562747963913,Medium,37.687786844851516,1
6646-VRFOL,53,Month-to-month,103.85,5485.5,0.5065005383436347,Medium,52.60008090698646,1
9821-POOTN,35,Month-to-month,75.2,2576.2,0.5062145841462967,Medium,38.06733672780152,1
9620-ENEJV,6,Month-to-month,70.55,433.95,0.5058736278891852,Medium,35.689384447582015,0
4929-BSTRX,1,Month-to-month,53.55,53.55,0.5057044021826271,Medium,27.080470736879683,1
2386-LAHRK,1,Month-to-month,53.5,53.5,0.5056472673775126,Medium,27.052128804696927,1
0354-WYROK,31,Month-to-month,98.9,2911.3,0.505552371158645,Medium,49.99912950759,1
8802-UNOJF,12,Month-to-month,83.8,1029.75,0.5053981440683436,Medium,42.35236447292719,1
8903-WMRNW,15,Month-to-month,101.75,1669.4,0.505351278954198,Medium,51.41949263358964,0
0082-OQIQY,29,Month-to-month,94.2,2607.6,0.5052933061734246,Medium,47.5986294415366,0
8914-RBTSB,31,Month-to-month,93.8,3019.5,0.5047362389489787,Medium,47.3442592134142,1
9048-JVYVF,3,Month-to-month,69.35,191.35,0.5041113870704715,Medium,34.9601246933372,1
8640-SDGKB,4,Month-to-month,74.4,299.7,0.5040247845792101,Medium,37.499443972693236,1
0621-TWIEM,10,Month-to-month,45.55,402.6,0.503991327739421,Medium,22.956804978530627,1
0141-YEAYS,27,Month-to-month,86.45,2401.05,0.5038951360016558,Medium,43.56173450734315,0
2507-QZPQS,15,Month-to-month,95.7,1451.1,0.5035658747791311,Medium,48.19125421636284,0
5215-LNLDJ,7,Month-to-month,24.7,149.05,0.5032543327769038,Medium,12.430382019589523,0
9800-ONTFE,22,Month-to-month,75.8,1615.1,0.5025177652618932,Medium,38.0908466068515,0
4678-DVQEO,1,Month-to-month,52.2,52.2,0.5022738485312547,Medium,26.218694893331495,1
7159-FVYPK,3,Month-to-month,69.15,235.0,0.5022021396577283,Medium,34.727277957331914,0
8280-MQRQN,1,Month-to-month,50.45,50.45,0.5021618217779482,Medium,25.334063908697487,1
9552-TGUZV,8,Month-to-month,75.0,658.1,0.5020738255517196,Medium,37.65553691637897,0
4846-WHAFZ,37,Month-to-month,76.5,2868.15,0.5019915617982258,Medium,38.40235447756427,1
5047-LHVLY,1,Month-to-month,50.15,50.15,0.5018189742132466,Medium,25.166221556794316,1
1845-ZLLIG,1,Month-to-month,50.15,50.15,0.5018189742132466,Medium,25.166221556794316,0
4749-VFKVB,1,Month-to-month,50.1,50.1,0.5017618327774563,Medium,25.138267822150564,1
1932-UEDCX,33,Month-to-month,100.6,3270.25,0.5017315434459253,Medium,50.47419327066008,0
4349-GFQHK,1,Month-to-month,54.35,54.35,0.5016459014040199,Medium,27.26445474130848,1
6907-FLBER,1,Month-to-month,54.3,54.3,0.5015887598334229,Medium,27.23626965895486,0
1660-HSOOQ,1,Month-to-month,49.65,49.65,0.5012475579634784,Medium,24.886941252886704,1
8212-CRQXP,22,Month-to-month,80.0,1706.45,0.5011420646363214,Medium,40.09136517090571,0
4154-AQUGT,13,Month-to-month,89.05,1169.35,0.5010568150125109,Medium,44.61910937686409,1
4716-HHKQH,20,Month-to-month,107.05,2172.05,0.5010478884232545,Medium,53.637176455709394,0
2657-ALMWY,26,Month-to-month,84.95,2169.75,0.5007277528374372,Medium,42.536822603540294,1
5895-QSXOD,9,Month-to-month,70.05,657.5,0.5006997317946434,Medium,35.07401621221477,0
9637-EIHEQ,1,Month-to-month,50.8,50.8,0.5006738830798805,Medium,25.434233260457926,1
3374-LXDEV,13,Month-to-month,89.4,1132.35,0.5005170422547258,Medium,44.74622357757249,1
7967-HYCDE,8,Month-to-month,70.7,553.4,0.5004943317852004,Medium,35.38494925721367,0
8610-WFCJF,49,Month-to-month,95.6,4783.5,0.5004538987032485,Medium,47.84339271603056,1
5233-GEEAX,8,Month-to-month,29.4,221.9,0.5002556663865022,Medium,14.707516591763165,1
8696-JKZNU,37,Month-to-month,76.25,2841.55,0.4998226731591827,Medium,38.11147882838768,1
1536-HBSWP,1,Month-to-month,49.9,49.9,0.49964532451368765,Medium,24.93230169323301,0
3995-WFCSM,2,Month-to-month,60.85,111.4,0.4994464721534932,Medium,30.39131783054006,0
6518-LGAOV,38,Month-to-month,105.0,4026.4,0.4990977711392597,Medium,52.40526596962226,1
3716-UVSPD,1,Month-to-month,49.3,49.3,0.498959619933192,Medium,24.598709262706365,0
5449-FIBXJ,19,Month-to-month,103.3,2012.7,0.49888240705240355,Medium,51.534552648513284,1
6625-UTXEW,12,Month-to-month,51.25,612.1,0.49858957788774233,Medium,25.552715866746794,0
1624-WOIWJ,10,Month-to-month,84.7,832.05,0.4984168086322743,Medium,42.215903691153635,1
1251-KRREG,2,Month-to-month,54.4,114.1,0.4977020998799972,Medium,27.07499423347185,1
4522-AKYLR,13,Month-to-month,54.8,731.3,0.4976713505659461,Medium,27.272390011013844,0
6080-TCMYC,40,Month-to-month,81.2,3292.3,0.49761839901705657,Medium,40.406614000184994,0
2207-NHRJK,1,Month-to-month,50.8,50.8,0.49758883207349613,Medium,25.277512669333603,1
6689-KXGBO,1,Month-to-month,50.55,50.55,0.49730312869335885,Medium,25.13867315544929,1
7410-OIEDU,10,Month-to-month,79.85,887.35,0.4971728582424227,Medium,39.69925273065745,0
6127-IYJOZ,1,Month-to-month,45.85,45.85,0.4969047952816124,Medium,22.78308486366193,0
4237-RLAQD,1,Month-to-month,45.85,45.85,0.4969047952816124,Medium,22.78308486366193,1
3165-HDOEW,1,Month-to-month,45.85,45.85,0.4969047952816124,Medium,22.78308486366193,1
5133-POWUA,1,Month-to-month,45.8,45.8,0.4968476553435009,Medium,22.75562261473234,0
9117-SHLZX,1,Month-to-month,45.7,45.7,0.49673337571579546,Medium,22.700715270211855,1
0887-HJGAR,1,Month-to-month,45.7,45.7,0.49673337571579546,Medium,22.700715270211855,1
1471-GIQKQ,1,Month-to-month,49.95,49.95,0.4966174481216371,Medium,24.806041533675774,0
6789-HJBWG,12,Month-to-month,49.4,611.65,0.49657542300955965,Medium,24.530825896672244,0
3566-HJGPK,1,Month-to-month,45.55,45.55,0.4965619569179172,Medium,22.618397137611126,0
5655-JSMZM,49,Month-to-month,96.2,4718.25,0.496433481206622,Medium,47.75690089207704,1
2275-RBYQS,1,Month-to-month,45.4,45.4,0.4963905389282722,Medium,22.536130467343558,0
5692-FPTAH,1,Month-to-month,45.4,45.4,0.4963905389282722,Medium,22.536130467343558,1
7065-YUNRY,1,Month-to-month,45.3,45.3,0.49627626073742553,Medium,22.481314611405374,1
7568-PODML,1,Month-to-month,45.3,45.3,0.49627626073742553,Medium,22.481314611405374,1
4065-JJAVA,1,Month-to-month,49.5,49.5,0.49610319590129476,Medium,24.55710819711409,0
5696-QURRL,1,Month-to-month,45.05,45.05,0.49599056698856925,Medium,22.344375042835043,1
8950-MTZNV,1,Month-to-month,44.95,44.95,0.49587629021166946,Medium,22.289639245014545,0
8710-YGLWG,1,Month-to-month,44.9,44.9,0.49581915198404075,Medium,22.26227992408343,0
5649-RXQTV,51,Month-to-month,99.0,5038.15,0.4958147868180489,Medium,49.085663894986844,0
7567-ECMCM,24,Month-to-month,79.85,2001.0,0.49555117568291807,Medium,39.56976137828101,0
6876-ADESB,1,Month-to-month,48.95,48.95,0.49547467671558737,Medium,24.253485425228003,1
4398-HSCJH,3,Month-to-month,63.6,155.65,0.4953997861315898,Medium,31.507426397969112,1
3866-MDTUB,2,Month-to-month,70.75,146.9,0.49537762025508847,Medium,35.04796663304751,1
4947-DSMXK,34,Month-to-month,97.7,3410.0,0.4953717451006864,Medium,48.397819496337064,0
6595-COKXZ,1,Month-to-month,44.45,44.45,0.4953049130286143,Medium,22.01630338412191,1
7993-PYKOF,8,Month-to-month,75.0,632.95,0.4953035320854246,Medium,37.14776490640685,1
7279-BUYWN,41,Month-to-month,113.2,4689.5,0.49525408218151706,Medium,56.06276210294773,1
0082-LDZUE,1,Month-to-month,44.3,44.3,0.49513350219715546,Medium,21.934414147333985,0
7663-RGWBC,1,Month-to-month,44.15,44.15,0.49496209250968415,Medium,21.852576384302555,1
2832-KJCRD,38,Month-to-month,103.65,3988.5,0.49494293959189845,Medium,51.300835688700275,0
4566-QVRRW,11,Month-to-month,44.05,483.7,0.49493996023780196,Medium,21.802105248475176,1
3334-CTHOL,1,Month-to-month,49.95,49.95,0.49488800491000373,Medium,24.71965584525469,1
9214-EKVXR,1,Month-to-month,44.0,44.0,0.49479068400648635,Medium,21.7707900962854,0
5889-JTMUL,50,Month-to-month,95.05,4888.7,0.49414273288811184,Medium,46.96826676101503,1
3481-JHUZH,41,Month-to-month,80.25,3439.0,0.49384464034137304,Medium,39.63103238739519,0
2178-PMGCJ,22,Month-to-month,69.7,1490.4,0.493773216482757,Medium,34.41599318884816,0
8543-MSDMF,3,Month-to-month,77.4,206.15,0.4934963563760203,Medium,38.19661798350398,0
5998-VVEJY,26,Month-to-month,80.5,2088.8,0.49326025772110466,Medium,39.70745074654892,1
9600-UDOPK,30,Month-to-month,94.05,2866.45,0.4931733809015672,Medium,46.3829564737924,1
9272-LSVYH,10,Month-to-month,70.15,735.5,0.493141186104693,Medium,34.59385420524421,0
9490-DFPMD,42,Month-to-month,84.65,3541.35,0.4926330509751519,Medium,41.70138776504661,1
1226-UDFZR,2,Month-to-month,49.6,114.7,0.4926029037949374,Medium,24.433104028228893,1
6185-TASNN,1,Month-to-month,46.3,46.3,0.49244659289523113,Medium,22.8002772510492,0
1976-CFOCS,1,Month-to-month,46.0,46.0,0.4921038217329125,Medium,22.636775799713977,1
7825-GKXMW,1,Month-to-month,45.8,45.8,0.49187531172903887,Medium,22.527889277189978,1
7359-PTSXY,1,Month-to-month,45.75,45.75,0.49181818475478156,Medium,22.500681952531256,1
3312-UUMZW,32,Month-to-month,98.85,3145.9,0.4918068180770789,Medium,48.61510396691924,0
9992-UJOEL,2,Month-to-month,50.3,92.75,0.49178433810002675,Medium,24.736752206431344,0
5552-ZNFSJ,1,Month-to-month,45.3,45.3,0.4913040517803881,Medium,22.25607354565158,1
1963-SVUCV,1,Month-to-month,45.3,45.3,0.4913040517803881,Medium,22.25607354565158,1
4706-DGAHW,1,Month-to-month,45.2,45.2,0.49118980246797217,Medium,22.201779071552345,0
1612-EOHDH,1,Month-to-month,45.15,45.15,0.4911326781561191,Medium,22.174640418748776,1
8080-DDEMJ,1,Month-to-month,45.1,45.1,0.49107555407582393,Medium,22.14750748881966,1
2903-YYTBW,1,Month-to-month,44.55,44.55,0.4904472049017276,Medium,21.849422978371962,0
2141-RRYGO,4,Month-to-month,68.65,261.25,0.49030308658637045,Medium,33.659306894154334,1
8824-RWFXJ,3,Month-to-month,56.15,168.15,0.4902004667353146,Medium,27.524756207187913,1
8784-CGILN,18,Month-to-month,99.85,1776.95,0.48984998366257093,Medium,48.911520868707704,1
5522-JBWMO,1,Month-to-month,44.0,44.0,0.4898188859104812,Medium,21.552030980061176,0
1942-OQFRW,1,Month-to-month,44.0,44.0,0.4898188859104812,Medium,21.552030980061176,0
8720-RQSBJ,1,Month-to-month,44.0,44.0,0.4898188859104812,Medium,21.552030980061176,0
7480-QNVZJ,50,Month-to-month,95.7,4816.7,0.4896946045369399,Medium,46.86377365418515,1
1478-VPOAD,1,Month-to-month,43.8,43.8,0.4895904141481502,Medium,21.444060139688975,0
2884-GBPFB,35,Month-to-month,70.3,2416.55,0.4895567792849341,Medium,34.41584158373087,1
6543-CPZMK,9,Month-to-month,29.95,248.95,0.48953902831872315,Medium,14.661693898145758,1
3926-CUQZX,1,Month-to-month,45.1,45.1,0.489346648991146,Medium,22.069533869500685,1
4847-QNOKA,1,Month-to-month,44.9,44.9,0.48911818632273873,Medium,21.961406565890968,1
3853-LYGAM,17,Month-to-month,95.65,1640.0,0.4888037461794797,Medium,46.75407832206724,0
9512-UIBFX,18,Month-to-month,95.15,1779.95,0.488646999083326,Medium,46.49476196277847,1
6142-VSJQO,1,Month-to-month,44.35,44.35,0.4884899377111377,Medium,21.664528737488958,1
9574-RKJIF,30,Month-to-month,94.4,2838.7,0.48848769882134574,Medium,46.11323876873504,1
2969-QWUBZ,2,Month-to-month,51.4,96.8,0.4882806873798863,Medium,25.097627331326155,0
4351-QLCSU,1,Month-to-month,55.0,55.0,0.48825722561326845,Medium,26.854147408729766,1
3961-SXAXY,1,Month-to-month,44.05,44.05,0.4881472718493716,Medium,21.502887324964817,0
8404-GFGCZ,4,Month-to-month,65.6,250.1,0.48796919781792425,Medium,32.01077937685583,0
5365-LLFYV,2,Month-to-month,45.85,105.6,0.48793668777207416,Medium,22.371897134349602,0
6650-VJONK,1,Month-to-month,43.85,43.85,0.4879188341104854,Medium,21.395240875744786,0
9474-PHLYD,15,Month-to-month,59.45,892.65,0.48770583385776695,Medium,28.994111822844246,1
0585-EGDDA,40,Month-to-month,80.0,3168.75,0.4875054305605954,Medium,39.000434444847635,0
2408-WITXK,10,Month-to-month,34.7,329.8,0.4871669230327925,Medium,16.904692229237902,1
5019-GQVCR,43,Month-to-month,84.85,3645.6,0.48705961080985427,Medium,41.327007977216134,0
3211-AAPKX,20,Month-to-month,98.55,2031.95,0.4869045124997265,Medium,47.98443970684804,0
8313-KTIHG,4,Month-to-month,61.3,249.4,0.48639836117164303,Medium,29.816219539821716,0
4671-LXRDQ,2,Month-to-month,45.0,96.45,0.48637311834286706,Medium,21.88679032542902,1
7404-JLKQG,3,Month-to-month,57.55,161.45,0.48625074971855153,Medium,27.98373064630264,0
4201-JMNGR,1,Month-to-month,55.8,55.8,0.48609389756059396,Medium,27.12403948388114,1
7020-OZKXZ,9,Month-to-month,75.5,637.4,0.4859991692461824,Medium,36.692937278086774,0
8276-MQBYC,51,Month-to-month,97.8,4913.3,0.4856102029841046,Medium,47.49267785184543,1
5392-AKEMH,12,Month-to-month,45.05,523.1,0.4855903656070063,Medium,21.875845970595634,0
2640-PMGFL,27,Month-to-month,79.5,2180.55,0.4855091080699777,Medium,38.59797409156323,1
9514-JDSKI,1,Month-to-month,40.2,40.2,0.4854787584434346,Medium,19.516246089426073,1
0111-KLBQG,32,Month-to-month,93.95,2861.45,0.48533811472770527,Medium,45.59751587866791,0
3658-KIBGF,1,Month-to-month,54.9,54.9,0.485066194384196,Medium,26.63013407169236,1
9904-EHEVJ,32,Month-to-month,91.35,2896.55,0.48506131766272637,Medium,44.31035136849005,0
3278-FSIXX,2,Month-to-month,45.25,74.2,0.4850518740956379,Medium,21.948597302827615,0
3987-KQDDU,9,Month-to-month,75.6,661.55,0.4847543010647419,Medium,36.647425160494485,0
4391-RESHN,23,Month-to-month,104.05,2470.1,0.48439105472205324,Medium,50.40088924382964,1
3096-IZETN,12,Month-to-month,78.1,947.3,0.48361716826551776,Medium,37.770500841536936,1
9129-UXERG,18,Month-to-month,103.6,1806.35,0.48356921066129627,Medium,50.09777022451029,0
6212-ATMLK,50,Month-to-month,95.7,4729.75,0.48348499053145305,Medium,46.26951359386006,0
1785-BPHTP,28,Month-to-month,85.45,2289.9,0.48337520687158636,Medium,41.30441142717706,0
8364-TRMMK,3,Month-to-month,50.65,151.3,0.48310883860453807,Medium,24.469462675319853,1
9508-ILZDG,34,Month-to-month,96.35,3190.25,0.4830412564068541,Medium,46.541025054800386,0
5934-TSSAU,23,Month-to-month,75.3,1702.9,0.48261925980773507,Medium,36.34123026352245,0
6377-WHAOX,60,Month-to-month,106.15,6411.25,0.4824495503031264,Medium,51.212019764676874,0
7442-YGZFK,1,Month-to-month,49.8,49.8,0.482319654953032,Medium,24.01951881666099,0
0537-QYZZN,24,Month-to-month,79.85,1857.75,0.4822416741239684,Medium,38.506997678798875,0
5294-DMSFH,29,Month-to-month,87.8,2621.75,0.4822366980445555,Medium,42.34038208831197,0
7739-LAXOG,32,Month-to-month,91.05,2954.5,0.4821820041468771,Medium,43.90267147757316,1
3945-GFWQL,12,Month-to-month,44.55,480.6,0.4820210409855232,Medium,21.474037375905056,1
5647-FXOTP,60,Month-to-month,105.9,6401.25,0.4814683035307702,Medium,50.98749334390857,0
0322-CHQRU,2,Month-to-month,45.35,89.5,0.4812837519334453,Medium,21.826218150181745,1
6048-QBXKL,2,Month-to-month,56.55,118.25,0.481204287782224,Medium,27.212102474084766,0
4537-DKTAL,2,Month-to-month,45.55,84.4,0.4811337510615941,Medium,21.91564236085561,0
7752-XUSCI,60,Month-to-month,105.9,6396.45,0.4811257359478338,Medium,50.9512154368756,1
6402-EJMWF,4,Month-to-month,55.3,238.5,0.48108472811497344,Medium,26.60398546475803,0
7615-ESMYF,2,Month-to-month,44.6,97.1,0.4810237492002711,Medium,21.45365921433209,1
6304-IJFSQ,3,Month-to-month,49.9,130.1,0.48079320592609703,Medium,23.991580975712242,1
5968-VXZLG,2,Month-to-month,46.6,87.9,0.48077977829737933,Medium,22.404337668657877,0
1236-WFCDV,14,Month-to-month,90.45,1266.1,0.4807509855946231,Medium,43.48392664703366,1
7854-FOKSF,1,Month-to-month,35.9,35.9,0.48057023608384436,Medium,17.25247147541001,1
4013-UBXWQ,7,Month-to-month,74.65,521.1,0.48040391622045814,Medium,35.862152345857204,1
5868-CZJDR,1,Month-to-month,31.35,31.35,0.48034366246817795,Medium,15.058773818377379,1
0869-PAPRP,26,Month-to-month,85.7,2067.0,0.48006480597283613,Medium,41.141553871872055,0
1335-NTIUC,9,Month-to-month,24.95,190.25,0.4799961229239542,Medium,11.975903266952658,0
5959-BELXA,32,Month-to-month,96.15,3019.25,0.4798728002524102,Medium,46.139769744269245,1
1728-BQDMA,2,Month-to-month,44.45,82.7,0.47983572354914106,Medium,21.32869791175932,0
8189-XRIKE,32,Month-to-month,90.95,2897.95,0.4797664143436629,Medium,43.634755384556144,0
2372-HWUHI,2,Month-to-month,44.35,81.25,0.47962530345570226,Medium,21.271382208260395,1
7825-ECJRF,19,Month-to-month,106.6,1934.45,0.47962412349665073,Medium,51.127931564742966,1
3841-CONLJ,1,Month-to-month,35.0,35.0,0.4795433137782962,Medium,16.784015982240366,0
3798-EPWRR,2,Month-to-month,43.95,85.1,0.47947216279912513,Medium,21.072801555021552,0
3088-LHEFH,11,Month-to-month,79.0,929.3,0.4793288173032394,Medium,37.86697656695591,0
2722-JMONI,1,Month-to-month,49.55,49.55,0.4789599712408024,Medium,23.732466574981757,1
0895-DQHEW,54,Month-to-month,104.3,5278.15,0.47893591960956655,Medium,49.95301641527779,1
1670-SVOWZ,14,Month-to-month,89.65,1208.35,0.4788547656817953,Medium,42.92932974337295,1
9979-RGMZT,7,One year,94.05,633.45,0.4788071396490286,Medium,45.03181148399114,0
8008-HAWED,14,Month-to-month,50.75,712.75,0.4787786475962814,Medium,24.29801636551128,1
3588-WSTTJ,35,Month-to-month,99.05,3554.6,0.4784418644429243,Medium,47.38966667307165,0
1740-CSDJP,1,Month-to-month,35.25,35.25,0.47810204605121986,Medium,16.8530971233055,1
5222-IMUKT,32,Month-to-month,91.05,2871.5,0.47798640128682807,Medium,43.5206618371657,0
3352-ALMCK,40,Month-to-month,102.65,4108.15,0.47784375937715823,Medium,49.05066190006529,0
2823-LKABH,18,Month-to-month,95.05,1679.4,0.47774896726508054,Medium,45.41003933854591,0
7460-ITWWP,45,Month-to-month,86.1,3861.45,0.4773565849775687,Medium,41.10040196656866,0
6693-FRIRW,18,Month-to-month,101.3,1794.65,0.4771937169683264,Medium,48.33972352889146,0
2637-FKFSY,3,Month-to-month,46.1,130.15,0.47673291455496497,Medium,21.977387360983887,0
2694-CIUMO,12,Month-to-month,79.55,958.25,0.4766453301814675,Medium,37.91713601593574,0
0147-ESWWR,39,Month-to-month,101.25,3949.15,0.47633624589269463,Medium,48.22904489663533,0
8180-AKMJV,1,Month-to-month,44.55,44.55,0.4763300584518995,Medium,21.220504104032123,0
3312-ZWLGF,29,Month-to-month,79.3,2414.55,0.47555257951093594,Medium,37.711319555217216,0
9518-XXBXE,10,Month-to-month,75.3,720.45,0.47541684094894066,Medium,35.79888812345523,0
2956-GGUCQ,24,Month-to-month,78.85,1772.25,0.4750729734427406,Medium,37.459503955960095,1
5364-XYIRR,51,Month-to-month,94.65,4812.75,0.47506596392838024,Medium,44.96499348582119,1
8665-UTDHZ,1,Month-to-month,30.2,30.2,0.4740695247055458,Medium,14.316899646107483,1
0661-XEYAN,1,Month-to-month,25.8,25.8,0.4740141804927188,Medium,12.229565856712146,1
1496-GGSUK,1,Month-to-month,25.7,25.7,0.47390020619938816,Medium,12.179235299324276,1
0319-QZTCO,3,Month-to-month,58.7,168.6,0.4738804706389753,Medium,27.816783626507853,0
7537-RBWEA,1,Month-to-month,25.15,25.15,0.47327339651674116,Medium,11.90282592239604,0
6032-IGALN,1,Month-to-month,25.1,25.1,0.4732164179657184,Medium,11.877732090939533,1
4367-NHWMM,1,Month-to-month,24.9,24.9,0.4729885107526655,Medium,11.77741391774137,0
8378-LKJAF,38,Month-to-month,101.15,3956.7,0.4727997592989323,Medium,47.82369565308701,0
8155-IBNHG,24,Month-to-month,75.4,1747.85,0.47271837426664964,Medium,35.642965419705384,1
3370-GQEAL,30,Month-to-month,85.45,2509.95,0.4726417415707317,Medium,40.387236817219026,0
9136-ALYBR,1,Month-to-month,24.45,24.45,0.47247576082361803,Medium,11.552032352137461,1
4803-AXVYP,38,Month-to-month,99.55,3734.25,0.47240738862721326,Medium,47.028155537839076,1
1260-TTRXI,4,Month-to-month,54.3,195.3,0.47197328499577396,Medium,25.628149375270525,1
9445-SZLCH,36,Month-to-month,97.35,3457.9,0.4719681111164885,Medium,45.94609561719015,1
0637-UBJRP,13,Month-to-month,84.05,1095.3,0.4718692347824329,Medium,39.660609183463485,1
3969-GYXEL,11,Month-to-month,76.4,838.7,0.4718159068457558,Medium,36.04673528301575,0
8849-AYPTR,33,Month-to-month,91.25,2964.05,0.4715908158872679,Medium,43.0326619497132,0
3167-SNQPL,38,Month-to-month,101.15,3741.85,0.47158227425456994,Medium,47.700547040849756,0
7901-TBKJX,56,Month-to-month,101.05,5594.0,0.47156416452715394,Medium,47.6515588254689,0
3097-NNSPB,2,Month-to-month,49.05,91.1,0.4712514933568031,Medium,23.114885749151192,1
8648-PFRMP,14,Month-to-month,46.35,672.7,0.47122138026796867,Medium,21.84111097542035,0
9420-LOJKX,15,Month-to-month,99.1,1426.4,0.4710443004641675,Medium,46.680490175999,1
6338-AVWCY,3,Month-to-month,40.15,130.75,0.4704188829033354,Medium,18.887318148568916,1
7675-OZCZG,3,Month-to-month,45.0,127.1,0.47038130824509283,Medium,21.167158871029176,1
2519-FAKOD,38,Month-to-month,99.25,3777.15,0.4703441114753896,Medium,46.68165306393242,1
6416-YJTTB,11,Month-to-month,79.5,795.65,0.4703358624893825,Medium,37.391701067905906,0
5130-IEKQT,25,Month-to-month,105.95,2655.25,0.4701232299301603,Medium,49.809556211100485,1
2587-EKXTS,44,Month-to-month,111.5,4915.15,0.46987403529007105,Medium,52.390954934842924,0
0402-CQAJN,37,Month-to-month,101.9,3545.35,0.46985929271691673,Medium,47.87866192785382,1
9269-CQOOL,3,Month-to-month,54.7,169.45,0.46966920621426034,Medium,25.69090557992004,1
0374-IOEGQ,3,Month-to-month,44.6,122.7,0.4696409708934456,Medium,20.945987301847673,0
7339-POGZN,4,Month-to-month,50.7,214.55,0.46950060227843554,Medium,23.803680535516683,0
1965-DDBWU,16,Month-to-month,89.05,1448.6,0.46892838334379333,Medium,41.75807253676479,1
0564-MUUQK,20,Month-to-month,95.5,1916.2,0.46869976932827334,Medium,44.7608279708501,0
0612-RTZZA,1,Month-to-month,25.25,25.25,0.4684312139858629,Medium,11.827888153143038,1
4195-NZGTA,1,Month-to-month,25.25,25.25,0.4684312139858629,Medium,11.827888153143038,0
0067-DKWBL,2,Month-to-month,49.25,91.1,0.46839718027117777,Medium,23.068561128355505,1
7389-KBFIT,2,Month-to-month,30.25,63.75,0.4682726348138929,Medium,14.165247203120261,0
5922-ABDVO,19,Month-to-month,89.65,1761.05,0.46820406152974525,Medium,41.97449411614166,1
0616-ATFGB,1,Month-to-month,25.05,25.05,0.4682035630535673,Medium,11.728499254491862,1
5119-KEPFY,36,Month-to-month,95.0,3440.25,0.4682025107785936,Medium,44.479238523966394,0
7048-GXDAY,39,Month-to-month,106.4,4040.65,0.46812099322229384,Medium,49.80807367885207,0
3669-LVWZB,5,Month-to-month,51.0,305.95,0.4680921005147326,Medium,23.872697126251364,1
5175-AOBHI,4,Month-to-month,46.0,193.6,0.46794700054630467,Medium,21.525562025130014,1
4729-XKASR,1,Month-to-month,24.75,24.75,0.467862111501146,Medium,11.579587259653364,1
0410-IPFTY,31,Month-to-month,83.85,2674.15,0.4677100706138226,Medium,39.217489420969024,0
9227-LUNBG,1,Month-to-month,24.6,24.6,0.46769139699154333,Medium,11.505208365991967,1
4116-TZAQJ,9,Month-to-month,74.25,639.65,0.46764962825834244,Medium,34.72298489818193,1
7508-SMHXL,15,Month-to-month,89.0,1288.3,0.46757948219794665,Medium,41.61457391561725,0
5606-AMZBO,10,Month-to-month,78.15,765.15,0.4675570095659841,Medium,36.53958029758166,0
7841-TZDMQ,2,Month-to-month,46.0,84.5,0.46752614223299405,Medium,21.506202542717727,1
8229-TNIQA,4,Month-to-month,45.3,196.95,0.4674385881683964,Medium,21.174968044028354,1
2074-GUHPQ,17,Month-to-month,92.7,1556.85,0.46734117732457203,Medium,43.32252713798783,0
2719-BDAQO,17,Month-to-month,93.85,1625.65,0.4673262378646141,Medium,43.85856742359403,1
7377-DMMRI,2,Month-to-month,47.8,92.45,0.46694626051269394,Medium,22.32003125250677,1
4030-VPZBD,2,Month-to-month,30.9,59.05,0.46675163080992516,Medium,14.422625392026687,1
2979-SXESE,17,Month-to-month,94.4,1607.2,0.4666000892065755,Medium,44.047048421100726,1
0430-IHCDJ,15,Month-to-month,49.0,749.25,0.4663100625034457,Medium,22.84919306266884,0
7504-UWHNB,25,Month-to-month,69.75,1729.35,0.466260223929841,Medium,32.52165061910641,0
1101-SSWAG,15,Month-to-month,51.1,711.15,0.46583918784934847,Medium,23.804382499101706,0
1833-TCXKK,45,Month-to-month,107.75,4882.8,0.4658038264612705,Medium,50.190362301201894,0
4959-JOSRX,2,Month-to-month,44.6,80.55,0.4657518535392382,Medium,20.772532667850026,1
4423-YLHDV,21,Month-to-month,104.4,2200.25,0.4650134227363096,Medium,48.54740133367072,1
2683-BPJSO,29,Month-to-month,84.45,2467.1,0.4645680066635811,Medium,39.232768162739426,1
7982-VCELR,36,Month-to-month,94.8,3565.65,0.46456277882467073,Medium,44.04055143257878,0
3943-KDREE,26,Month-to-month,74.95,1834.95,0.46441711676524894,Medium,34.80806290155541,1
7890-VYYWG,3,Month-to-month,36.45,93.7,0.4638355736962505,Medium,16.906806661228334,1
3780-YVMFA,8,Month-to-month,68.55,564.35,0.46377244535951334,Medium,31.79160112939464,0
8601-QACRS,5,Month-to-month,50.6,249.95,0.46368198208728867,Medium,23.462308293616807,1
6599-RCLCJ,47,Month-to-month,109.55,5124.55,0.46335546980831444,Medium,50.760591717500844,1
2195-ZRVAX,47,Month-to-month,85.3,4045.65,0.4632336445560259,Medium,39.513829880629004,1
6218-KNUBD,6,Month-to-month,59.45,357.6,0.46264919053282216,Medium,27.50449437717628,0
6661-HBGWL,42,Month-to-month,104.75,4323.45,0.4623537617908117,Medium,48.431556547587526,1
2227-JRSJX,21,Month-to-month,99.15,1956.4,0.46227353143822436,Medium,45.83442064209995,0
2718-GAXQD,4,Month-to-month,46.0,181.6,0.4621449263640329,Medium,21.258666612745515,1
8544-GOQSH,14,Month-to-month,80.05,1112.3,0.4617671978628323,Medium,36.96446418891973,0
8614-VGMMV,15,Month-to-month,49.1,679.55,0.4614613306859455,Medium,22.657751336679926,1
4248-HCETZ,30,Month-to-month,79.65,2365.15,0.4611035784748088,Medium,36.726900025518525,1
4818-DRBQT,29,Month-to-month,80.15,2265.25,0.4610380382662218,Medium,36.95219876703768,1
8263-JQAIK,2,Month-to-month,24.45,47.5,0.4609343976810496,Medium,11.269846023301662,1
7551-DACSP,6,Month-to-month,55.3,324.25,0.46080341598625935,Medium,25.48242890404014,1
3540-RZJYU,15,Month-to-month,86.2,1270.2,0.4602455660341574,Medium,39.67316779214437,1
6522-YRBXD,35,Month-to-month,94.55,3365.4,0.460170081655128,Medium,43.509081220492355,0
2933-FILNV,2,Month-to-month,24.4,36.55,0.46010346519276935,Medium,11.226524550703571,1
2480-SQIOB,4,Month-to-month,44.8,169.65,0.4600181974732673,Medium,20.608815246802372,0
7881-EVUAD,2,Month-to-month,42.6,72.4,0.45997968779978665,Medium,19.59513470027091,1
4911-BANWH,31,Month-to-month,86.55,2697.4,0.4599015965725936,Medium,39.80448318335797,1
2792-LSHWX,1,Month-to-month,83.4,83.4,0.4598065079367687,Medium,38.347862761926514,0
5568-DMXZS,8,Month-to-month,65.45,554.45,0.45976722196463665,Medium,30.09176467758547,0
0475-RIJEP,43,Month-to-month,77.85,3365.85,0.45965177738547625,Medium,35.78389086945932,1
4446-BZKHU,61,Month-to-month,105.55,6281.45,0.45937206763438365,Medium,48.486721738809194,1
3703-VAVCL,2,Month-to-month,90.0,190.05,0.45936793231996653,Medium,41.34311390879699,1
0577-WHMEV,16,Month-to-month,90.7,1374.9,0.45931490375129114,Medium,41.65986177024211,0
8384-FZBJK,57,Month-to-month,100.6,5611.7,0.459166821823217,Medium,46.192182275415625,0
9601-BRXPO,25,Month-to-month,104.95,2566.5,0.4591471710668444,Medium,48.18749560346532,1
0064-YIJGF,27,Month-to-month,75.75,1929.0,0.45878862007303894,Medium,34.7532379705327,0
4226-KKDON,8,Month-to-month,66.65,520.95,0.45866606149668854,Medium,30.570092998754294,0
6862-CQUMB,37,Month-to-month,96.1,3646.8,0.4585504065944845,Medium,44.066694073729956,0
5144-TVGLP,38,Month-to-month,94.75,3653.0,0.4584409650112243,Medium,43.4372814348135,0
0946-CLJTI,58,Month-to-month,98.7,5812.6,0.4582548050307028,Medium,45.22974925653037,1
9529-OFXHY,15,Month-to-month,87.75,1242.2,0.4581892915607167,Medium,40.20611033445289,0
1264-BYWMS,55,Month-to-month,96.8,5283.95,0.45816008121982155,Medium,44.349895862078725,1
6633-MPWBS,5,Month-to-month,49.2,216.9,0.4579674460545966,Medium,22.531998345886155,1
4137-BTIKL,2,Month-to-month,90.75,174.75,0.4578970549309901,Medium,41.55415773498735,0
4391-LNRXK,22,Month-to-month,94.95,2142.8,0.4578829985328992,Medium,43.47599071069878,0
9332-GYWLO,6,Month-to-month,54.85,355.1,0.4575747413591691,Medium,25.097974563550427,0
9026-RNUJS,5,Month-to-month,50.35,237.25,0.4575716797487775,Medium,23.03873407535095,1
3748-FVMZZ,4,Month-to-month,40.05,162.45,0.4575167969830366,Medium,18.323547719170616,0
8429-XIBUM,22,Month-to-month,101.35,2317.1,0.45690607054828264,Medium,46.30743025006844,1
3536-IQCTX,32,Month-to-month,85.3,2661.1,0.45688219714581774,Medium,38.97205141653825,1
7207-RMRDB,65,Month-to-month,105.5,6985.65,0.45670283060814415,Medium,48.18214862915921,1
8066-POXGX,13,Month-to-month,35.1,446.1,0.45629432719462754,Medium,16.01593088453143,1
2675-DHUTR,58,Month-to-month,98.9,5780.7,0.456204360124612,Medium,45.11861121632413,0
4236-UJPWO,2,Month-to-month,24.5,46.4,0.45597088679164,Medium,11.17128672639518,0
9470-XCCEM,35,Month-to-month,89.65,3161.6,0.45586882921050503,Medium,40.86864053872178,0
9944-AEXBM,32,Month-to-month,85.65,2664.3,0.455764898715474,Medium,39.03626357498035,0
0093-XWZFY,40,Month-to-month,104.5,4036.85,0.45572515935524693,Medium,47.623279152623304,1
2495-KZNFB,33,Month-to-month,90.65,2989.6,0.45564753631918226,Medium,41.30444916733387,0
5482-PLVPE,2,Month-to-month,24.35,41.85,0.4554888090873219,Medium,11.091152501276289,1
9927-DSWDF,22,Month-to-month,104.6,2180.55,0.4554549232783872,Medium,47.6405849749193,0
6078-VESFR,13,Month-to-month,70.45,849.1,0.45527631420499426,Medium,32.074216335741845,0
2800-QQUSO,42,Month-to-month,100.3,4222.95,0.455266770588438,Medium,45.66325709002033,0
1636-NTNCO,4,Month-to-month,50.95,207.35,0.4552027184447046,Medium,23.1925785047577,0
5960-MVTUK,3,Month-to-month,29.75,96.85,0.4550529375800184,Medium,13.537824893005547,0
9572-WUKSB,3,Month-to-month,29.9,92.25,0.45488625293517937,Medium,13.601098962761862,0
1304-BCCFO,9,Month-to-month,70.05,564.4,0.4540964186845519,Medium,31.80945412885286,0
1343-EHPYB,63,Month-to-month,103.4,6603.0,0.45361196537019294,Medium,46.90347721927795,1
2604-IJPDU,20,Month-to-month,96.55,1901.65,0.4533963825662235,Medium,43.77542073676888,0
9469-WEJBT,37,Month-to-month,90.35,3419.3,0.4533901090335374,Medium,40.9637963511801,0
0224-HJAPT,5,Month-to-month,47.15,223.15,0.4531709485065167,Medium,21.36701022208226,1
5950-AAAGJ,18,Month-to-month,84.3,1537.9,0.4531569260948017,Medium,38.20112886979178,0
3587-PMCOY,10,One year,98.9,1064.95,0.4530601380566825,Medium,44.8076476538059,0
3733-LSYCE,15,Month-to-month,75.35,1114.55,0.45303502995049255,Medium,34.13618950676961,0
9661-ACXBS,42,Month-to-month,105.2,4400.75,0.4529455004237351,Medium,47.64986664457693,1
5129-JLPIS,25,Month-to-month,105.5,2686.05,0.4528465732849257,Medium,47.775313481559664,0
3161-GETRM,34,Month-to-month,90.05,3097.0,0.45254517529494764,Medium,40.75169303531003,0
9714-EDSUC,4,Month-to-month,94.9,360.55,0.45227168411752156,Medium,42.9205828227528,0
9793-WECQC,23,Month-to-month,95.3,2192.9,0.4522612404809001,Medium,43.10049621782978,0
4184-TJFAN,3,Month-to-month,88.3,273.75,0.4522381106006737,Medium,39.932625166039486,1
3269-ATYWD,39,Month-to-month,95.65,3759.05,0.4520657654254202,Medium,43.240090462941446,1
3192-LNKRK,34,Month-to-month,84.05,2909.95,0.45186179786409086,Medium,37.97898411047684,0
5816-SCGFC,7,Month-to-month,51.3,419.35,0.45015938626602847,Medium,23.093176515447258,0
6402-ZFPPI,25,Month-to-month,102.8,2660.2,0.45002127077533693,Medium,46.26218663570464,1
0096-BXERS,6,Month-to-month,50.35,314.55,0.44992172442584244,Medium,22.653558824841166,0
3317-HRTNN,5,Month-to-month,45.7,198.0,0.44985155509705854,Medium,20.558216067935575,1
4183-WCSEP,31,Month-to-month,78.45,2435.15,0.449783244751732,Medium,35.285495550773376,1
6583-QGCSI,50,Month-to-month,88.05,4367.35,0.44955507651679183,Medium,39.58332448730352,1
6646-JPPHA,14,Month-to-month,78.85,1043.8,0.4495196672182427,Medium,35.44462576015844,0
1320-REHCS,52,Month-to-month,110.75,5832.0,0.4491091592046131,Medium,49.7388393819109,0
8272-ONJLV,12,One year,95.7,1184.0,0.4489117538690162,Medium,42.960854845264855,0
5295-PCJOO,4,Month-to-month,49.4,184.4,0.4488816420686688,Medium,22.17475311819224,1
1346-UFHAX,13,Month-to-month,80.0,1029.35,0.44883314745642716,Medium,35.906651796514176,0
8725-JEDFD,27,Month-to-month,69.05,1793.25,0.4486986408974756,Medium,30.982641153970686,0
6339-DKLMK,13,Month-to-month,31.65,389.95,0.44865494606272666,Medium,14.199929042885298,0
3144-AUDBS,6,Month-to-month,49.15,270.8,0.44860807563871585,Medium,22.049086917642885,1
7395-IGJOS,17,Month-to-month,81.5,1329.2,0.4485275091561108,Medium,36.55499199622303,1
4468-KAZHE,20,Month-to-month,60.0,1259.35,0.44848033212894406,Medium,26.908819927736644,0
8019-ENHXU,42,Month-to-month,99.45,4138.05,0.4483533849847475,Medium,44.58874413673314,1
4607-CHPCA,25,One year,90.4,2178.6,0.44824515094920353,Medium,40.521361645808,1
7129-CAKJW,17,Month-to-month,80.05,1345.65,0.44815370129618143,Medium,35.87470378875932,0
5498-TXHLF,34,Month-to-month,87.45,2874.15,0.44801190029321286,Medium,39.178640680641465,1
0320-JDNQG,23,Month-to-month,99.85,2331.3,0.44796971073023883,Medium,44.729775616414344,1
3627-FHKBK,1,Month-to-month,75.3,75.3,0.4475709259292298,Medium,33.702090722471006,1
6075-SLNIL,38,Month-to-month,95.1,3691.2,0.44751034853836996,Medium,42.55823414599898,0
7129-ACFOG,5,Month-to-month,53.8,283.95,0.44748488429290256,Medium,24.074686774958156,0
5153-RTHKF,34,Month-to-month,85.35,2896.6,0.4473735384665964,Medium,38.183331508124,0
9763-PDTKK,4,Month-to-month,94.4,387.2,0.4469922147358783,Medium,42.19606507106691,1
1518-VOWAV,9,Month-to-month,74.65,703.55,0.4468556870975121,Medium,33.35777704182928,1
5146-CBVOE,16,Month-to-month,75.1,1212.85,0.44661725348062603,Medium,33.54095573639501,0
5609-IMCGG,15,Month-to-month,84.35,1302.65,0.44656966869350384,Medium,37.66815155429705,0
0365-GXEZS,18,Month-to-month,78.2,1468.75,0.44656125272943287,Medium,34.92108996344165,0
9348-YVOMK,4,Month-to-month,44.8,176.2,0.4464729805529938,Medium,20.00198952877412,0
7774-OJSXI,31,One year,103.45,3066.45,0.44625822198789405,Medium,46.165413064647645,1
0376-OIWME,36,Month-to-month,93.6,3366.05,0.4460839650265182,Medium,41.7534591264821,0
5480-HPRRX,3,Month-to-month,25.3,77.75,0.4459258524581081,Medium,11.281924067190136,1
9743-DQKQW,3,Month-to-month,25.1,79.8,0.445858880908536,Medium,11.191057910804254,0
8096-LOIST,19,Month-to-month,56.2,1093.4,0.445819657121929,Medium,25.05506473025241,0
8785-CJSHH,60,Month-to-month,99.8,5985.75,0.4454473887611197,Medium,44.455649398359746,0
5301-GAUUY,32,Month-to-month,80.35,2596.15,0.44531966100278314,Medium,35.78143476157362,1
4248-QPAVC,17,Month-to-month,85.35,1463.45,0.4450737570402879,Medium,37.98704516338857,1
8718-PTMEZ,13,Month-to-month,31.05,347.25,0.44500222455015154,Medium,13.817319072282206,1
1035-IPQPU,63,Month-to-month,103.5,6479.4,0.44497559926911084,Medium,46.05497452435297,0
2592-SEIFQ,3,Month-to-month,24.75,66.95,0.44458105795208813,Medium,11.00338118431418,1
3050-GBUSH,3,Month-to-month,34.8,113.95,0.4445737864153235,Medium,15.471167767253258,0
8993-PHFWD,3,Month-to-month,25.25,58.9,0.44454191333919096,Medium,11.224683311814571,1
1025-FALIX,26,Month-to-month,69.05,1815.65,0.4444821538617433,Medium,30.69149272415337,0
5669-SRAIP,5,Month-to-month,39.5,210.75,0.44418466658364125,Medium,17.545294330053828,1
4660-IRIBM,18,Month-to-month,87.9,1500.5,0.4439298808102116,Medium,39.0214365232176,0
7284-BUYEC,5,Month-to-month,50.95,229.4,0.4436578168208298,Medium,22.604365767021278,0
3014-WJKSM,29,Month-to-month,75.3,2263.4,0.44346912520375736,Medium,33.393225127842925,0
7929-DMBCV,20,Month-to-month,81.0,1683.7,0.4434530165657652,Medium,35.91969434182698,0
7916-VCCPB,16,Month-to-month,73.25,1195.75,0.4434518352283884,Medium,32.48284693047945,0
6394-MFYNG,48,Month-to-month,107.4,5121.3,0.44294819294265964,Medium,47.57263592204165,1
2974-GGUXS,36,Month-to-month,91.95,3301.05,0.4427909758443822,Medium,40.71463022889095,0
1907-YLNYW,8,Month-to-month,66.7,579.0,0.44272848549153687,Medium,29.52998998228551,0
9638-JIQYA,2,Month-to-month,24.9,49.7,0.44264088199799906,Medium,11.021757961750176,0
4280-DLSHD,8,Month-to-month,54.75,445.85,0.4425970439979313,Medium,24.23218815888674,0
0641-EVBOJ,3,Month-to-month,82.3,214.4,0.44168868573564374,Medium,36.35097883604348,0
7233-DRTRF,63,Month-to-month,102.4,6444.05,0.4413186023274958,Medium,45.191024878335575,0
5307-DZCVC,32,Month-to-month,85.95,2628.6,0.4412869384629911,Medium,37.928612360894085,1
5027-XWQHA,6,Month-to-month,44.75,270.95,0.44091489526181077,Medium,19.73094156296603,1
2476-YGEFM,29,Month-to-month,76.0,2215.25,0.4408139350350226,Medium,33.501859062661715,0
0596-BQCEQ,62,Month-to-month,100.15,6283.3,0.4406692953191745,Medium,44.13302992621533,1
6331-LWDTQ,10,Month-to-month,72.15,794.25,0.44057846124729655,Medium,31.787735978992448,1
9643-YBLUR,9,Month-to-month,69.05,653.95,0.44047236315337646,Medium,30.414616675740643,0
6961-VCPMC,46,Month-to-month,80.4,3605.2,0.43997081294662926,Medium,35.373653360908996,1
1310-QRITU,18,Month-to-month,50.3,913.3,0.4399454917930066,Medium,22.129258237188232,0
1469-LBJQJ,66,Month-to-month,105.2,6936.85,0.4398373159678667,Medium,46.270885639819575,0
6711-VTNRE,36,Month-to-month,87.55,3078.1,0.43940943819285005,Medium,38.47029631378402,1
9090-SGQXL,68,Month-to-month,105.3,7299.65,0.43939835591118553,Medium,46.268646877447836,1
8058-DMYRU,54,Month-to-month,90.05,4931.8,0.43920559908423024,Medium,39.55046419753493,0
5626-MGTUK,20,Month-to-month,89.1,1879.25,0.43916631103382275,Medium,39.12971831311361,0
0999-QXNSA,7,Month-to-month,45.75,344.2,0.4389819916912254,Medium,20.083426119873565,0
5716-LIBJC,13,One year,104.15,1299.1,0.43894385456150925,Medium,45.71600245258119,0
0829-XXPLX,20,Month-to-month,89.4,1871.15,0.438912658144026,Medium,39.23879163807593,0
7658-UYUQS,21,Month-to-month,86.55,1857.25,0.438839030050307,Medium,37.98151805085407,0
9415-TPKRV,8,Month-to-month,55.75,446.8,0.43881722856453464,Medium,24.464060492472807,0
4657-FWVFY,40,Month-to-month,96.35,3915.4,0.4385101994750542,Medium,42.25045771942147,0
3094-JOJAI,18,Month-to-month,74.15,1387.0,0.43837759645457736,Medium,32.505698777106915,0
7593-JNWRU,6,Month-to-month,44.6,260.8,0.4383373593164288,Medium,19.549846225512727,1
9700-ISPUP,10,Month-to-month,65.5,616.9,0.43803571505183103,Medium,28.691339335894934,0
5650-VDUDS,4,Month-to-month,24.25,96.05,0.4379503580562315,Medium,10.620296182863614,1
6227-HWPWX,15,Month-to-month,69.0,994.8,0.4378575821174446,Medium,30.212173166103675,1
6204-IEUXJ,3,Month-to-month,80.1,217.55,0.4377213652131389,Medium,35.061481353572425,1
1355-KUSBG,7,Month-to-month,48.8,349.8,0.43769673987002733,Medium,21.35960090565733,0
2506-CLAKW,6,Month-to-month,98.15,567.45,0.43753879999170503,Medium,42.94443321918585,1
4690-LLKUA,17,Month-to-month,45.05,770.6,0.43740174845846,Medium,19.704948768053622,1
4860-IJUDE,13,Month-to-month,73.75,956.65,0.4370966229200654,Medium,32.23587594035482,0
9408-HRXRK,45,Month-to-month,105.15,4730.9,0.4369628147912806,Medium,45.94663997530316,0
4958-GZWIY,7,Month-to-month,48.7,340.25,0.4369194950615307,Medium,21.27797940949655,1
5981-ITEMU,40,Month-to-month,97.1,3706.95,0.4368465503273321,Medium,42.417800036783945,1
9369-XFEHK,33,Month-to-month,80.6,2656.5,0.43678057132581977,Medium,35.20451404886107,1
6284-AHOOQ,22,Month-to-month,90.5,1910.6,0.43676089438033117,Medium,39.52686094141997,1
7089-IVVAZ,8,Month-to-month,103.35,847.3,0.4366434667567907,Medium,45.127102289314315,1
1685-BQULA,40,Month-to-month,93.4,3756.4,0.43642347300435685,Medium,40.761952378606935,0
9921-QFQUL,23,Month-to-month,90.15,2044.95,0.4363709309903198,Medium,39.338839428777334,0
7881-INRLC,45,Month-to-month,100.85,4740.0,0.43609943298170434,Medium,43.98062781620488,1
3583-KRKMD,18,Month-to-month,75.9,1373.05,0.43568146424897525,Medium,33.068223136497224,0
6259-WJQLC,32,Month-to-month,81.1,2619.25,0.43551162352979184,Medium,35.31999266826612,0
3524-WQDSG,43,Month-to-month,99.3,4209.95,0.4354532905458656,Medium,43.24051175120446,0
5502-RLUYV,69,Month-to-month,103.95,7446.9,0.43530045187846544,Medium,45.24948197276648,1
5424-RLQLC,10,Month-to-month,59.65,638.95,0.4352769987900302,Medium,25.9642729778253,0
8887-IPQNC,7,Month-to-month,44.25,313.45,0.43523749264666617,Medium,19.25925904961498,0
1373-ORVIZ,11,Month-to-month,66.35,740.8,0.43461703304666544,Medium,28.83684014264625,1
1635-FJFCC,5,Month-to-month,44.05,202.15,0.434456853513884,Medium,19.13782439728659,0
6834-NXDCA,13,Month-to-month,23.9,300.8,0.4341829132202507,Medium,10.376971625963991,1
3173-NVMPX,9,Month-to-month,55.3,501.2,0.4340340026111169,Medium,24.002080344394763,0
5839-SUYVZ,16,Month-to-month,74.55,1170.5,0.4338677697313181,Medium,32.34484223346976,0
8988-ECPJR,34,Month-to-month,79.6,2718.3,0.4336415012805362,Medium,34.51786350193068,1
4553-DVPZG,62,Month-to-month,101.35,6164.7,0.4335926210196124,Medium,43.94461214033771,0
2951-QOQTK,4,Month-to-month,80.8,332.45,0.4335133666760064,Medium,35.02788002742131,1
0310-MVLET,61,Month-to-month,99.15,6010.05,0.4334266561966595,Medium,42.97425296189879,1
3757-NJYBX,32,Month-to-month,106.35,3520.75,0.4333832928515433,Medium,46.09031319476163,1
5167-GBFRE,4,Month-to-month,25.2,102.5,0.43281384441282805,Medium,10.906908879203266,1
1919-RTPQD,7,Month-to-month,44.75,333.65,0.43229636180146414,Medium,19.34526219061552,0
5813-UECBU,33,Month-to-month,83.85,2716.3,0.4322120357412703,Medium,36.24097919690551,1
0311-QYWSS,6,Month-to-month,49.45,314.6,0.4320037613073042,Medium,21.362585996646196,0
2219-MVUSO,8,Month-to-month,45.15,438.4,0.43195009185353705,Medium,19.5025466471872,1
7126-RBHSD,17,Month-to-month,78.9,1348.95,0.4319128884457472,Medium,34.077926898369455,0
1845-CSBRZ,22,Month-to-month,85.35,1961.6,0.43188870110406247,Medium,36.86170063923173,0
2988-PLAHS,3,One year,69.95,220.45,0.43179601043398147,Medium,30.204130929857005,0
0666-UXTJO,34,Month-to-month,85.2,2874.45,0.4317295583834483,Medium,36.783358374269795,0
2038-LLMLM,48,Month-to-month,103.85,4946.05,0.4316163199262082,Medium,44.82335482433672,0
2720-FVBQP,6,Month-to-month,48.95,273.25,0.4315995544056349,Medium,21.12679818815583,0
2359-KLTEK,41,Month-to-month,94.9,3848.0,0.4314252758934843,Medium,40.94225868229166,0
9576-SYUHJ,37,Month-to-month,91.15,3369.25,0.4306859245021336,Medium,39.25702201836948,0
3346-BRMIS,18,Month-to-month,48.35,810.7,0.4306816521649365,Medium,20.82345788217468,1
3323-CPBWR,23,Month-to-month,96.9,2085.45,0.4305799717622252,Medium,41.723199263759625,0
5281-BUZGT,36,Month-to-month,90.85,3186.7,0.43056107146133105,Medium,39.116473342261926,1
9644-UMGQA,6,Month-to-month,49.15,295.65,0.43035977189573643,Medium,21.152182788675447,0
5533-NHFRF,7,Month-to-month,44.4,265.8,0.4301977778833589,Medium,19.100781338021132,0
7077-XJMET,12,Month-to-month,74.15,741.4,0.42986494801874486,Medium,31.874485895589935,0
6135-OZQVA,7,Month-to-month,53.65,404.35,0.4297216631723155,Medium,23.054567229194728,0
8242-JSVBO,7,Month-to-month,44.65,322.5,0.4297129370044059,Medium,19.186682637246722,0
4001-TSBTV,58,Month-to-month,91.55,5511.65,0.42946232064618095,Medium,39.31727545515786,0
1849-RJYIG,8,Month-to-month,60.0,487.75,0.4292541954128481,Medium,25.755251724770886,0
3130-ICDUP,2,Month-to-month,80.55,188.1,0.4291955452949493,Medium,34.57170117350817,0
3806-DXQOM,4,Month-to-month,33.65,137.85,0.4289847949774079,Medium,14.435338350989774,1
5924-IFQTT,13,Month-to-month,72.8,930.05,0.4286845400398099,Medium,31.20823451489816,0
9450-TRJUU,35,Month-to-month,83.15,2848.45,0.42862977479648623,Medium,35.64056577432783,0
6729-GDNGC,20,Month-to-month,80.7,1614.2,0.42862478930595327,Medium,34.59002049699043,0
1855-AGAWH,31,One year,93.8,2939.8,0.4271810891720357,Medium,40.06958616433695,0
6235-VDHOM,5,Month-to-month,28.45,131.05,0.42694302500466097,Medium,12.146529061382605,1
3345-PBBFH,8,Month-to-month,49.55,393.45,0.4268527976300995,Medium,21.150556122571427,0
6710-HSJRD,61,Month-to-month,114.1,7132.15,0.42680482636012307,Medium,48.69843068769004,0
2378-VTKDH,65,Month-to-month,104.35,6578.55,0.42679716960812925,Medium,44.53628464860829,0
7547-EKNFS,42,Month-to-month,95.25,3959.35,0.4266165501771952,Medium,40.63522640437784,1
3714-NTNFO,49,Month-to-month,84.5,3906.7,0.4264360804835473,Medium,36.03384880085975,0
2786-GCDPI,50,Month-to-month,104.95,5222.35,0.4261726604882752,Medium,44.72682071824448,0
1436-ZMJAN,10,Month-to-month,67.8,653.15,0.42609700759598584,Medium,28.88937711500784,0
1750-CSKKM,9,Month-to-month,55.35,449.75,0.4256070890121332,Medium,23.557352376821573,1
9584-EXCDZ,17,Month-to-month,70.5,1165.6,0.4254276153916697,Medium,29.992646885112713,0
2761-XECQW,8,Month-to-month,43.35,371.4,0.4253700874508689,Medium,18.43979329099517,0
1353-LJWEM,11,Month-to-month,60.9,688.5,0.42522867211682663,Medium,25.89642613191474,0
5389-FFVKB,32,Month-to-month,80.3,2483.05,0.42512665554409024,Medium,34.13767044019045,1
4324-BZCKL,10,Month-to-month,55.55,551.3,0.4248291448426641,Medium,23.59925899600999,0
9281-OFDMF,39,Month-to-month,90.7,3413.25,0.424219028747524,Medium,38.476665907400424,0
0407-BDJKB,60,Month-to-month,95.75,5742.9,0.4241248361960848,Medium,40.60995306577512,1
5373-SFODM,36,Month-to-month,85.25,3132.75,0.42392827573408637,Medium,36.13988550633086,1
7853-OETYL,4,Month-to-month,29.05,129.6,0.4235868477842688,Medium,12.305197928133008,0
4128-ETESU,47,Month-to-month,99.7,4747.2,0.4232934117181485,Medium,42.20235314829941,0
5515-RUGKN,8,Month-to-month,54.75,438.05,0.42328919728867925,Medium,23.17508355155519,0
9495-SKLKD,45,Month-to-month,95.95,4456.65,0.42326309144267904,Medium,40.612093623925055,0
0380-NEAVX,34,One year,99.85,3343.15,0.4228669818916273,Medium,42.22326814187898,0
4902-OHLSK,29,Month-to-month,98.65,2862.75,0.42286649320854913,Medium,41.715779555023374,1
0634-SZPQA,23,Month-to-month,90.05,2169.8,0.42157718151097623,Medium,37.96302519506341,1
6481-ESCNL,29,Month-to-month,100.55,2878.75,0.42127069200448863,Medium,42.35876808105133,0
5569-OUICF,28,Month-to-month,101.3,2812.2,0.42124037011404747,Medium,42.67164949255301,1
7011-CVEUC,25,Month-to-month,95.7,2338.35,0.42110090680136103,Medium,40.29935678089025,0
7401-RUBNK,18,Month-to-month,74.8,1438.05,0.4208920124062746,Medium,31.48272252798934,0
0280-XJGEX,49,Month-to-month,103.7,5036.3,0.4201095893028962,Medium,43.56536441071034,1
2971-SGAFL,13,Month-to-month,78.75,995.35,0.4196415241577054,Medium,33.0467700274193,0
0015-UOCOJ,7,Month-to-month,48.2,340.35,0.41954567972008566,Medium,20.22210176250813,0
1910-FMXJM,36,Month-to-month,80.4,2937.65,0.4190458166439209,Medium,33.691283658171244,0
2782-LFZVW,11,Month-to-month,58.95,601.6,0.41897257463663595,Medium,24.69843327482969,0
1357-MVDOZ,11,Month-to-month,59.65,683.25,0.41885841620835756,Medium,24.98490452682853,0
4143-HHPMK,52,Month-to-month,85.35,4338.6,0.41868271342086716,Medium,35.73456959047101,1
7277-OZCGZ,22,Month-to-month,89.05,1886.25,0.4183803103000629,Medium,37.2567666322206,0
1013-QCWAM,66,Month-to-month,100.8,6690.75,0.417989573964987,Medium,42.133349055670685,0
0461-CVKMU,23,Month-to-month,83.8,1900.25,0.417745740518674,Medium,35.007093055464885,1
1597-FZREH,2,Month-to-month,76.4,160.8,0.4174344292503368,Medium,31.891990394725735,1
0533-BNWKF,55,Month-to-month,85.45,4874.7,0.4174170073312484,Medium,35.66828327645518,1
6538-POCHL,33,Month-to-month,79.0,2576.8,0.41739030570539,Medium,32.97383415072581,0
9898-KZQDZ,40,Month-to-month,94.55,3640.45,0.4173831313620821,Medium,39.46357507028486,1
8623-TMRBY,51,Month-to-month,84.2,4146.05,0.4169773950388271,Medium,35.109496662269244,1
5461-QKNTN,43,Month-to-month,94.3,3953.15,0.41697185964837535,Medium,39.32044636484179,0
4883-QICIH,32,Month-to-month,69.75,2347.9,0.4167829351440619,Medium,29.07060972629832,1
6486-LHTMA,31,One year,90.7,2835.5,0.4166688595020869,Medium,37.791865556839284,0
1689-MRZQR,34,Month-to-month,78.3,2564.3,0.4166607040814052,Medium,32.624533129574026,1
9732-EQMWY,49,Month-to-month,99.4,5025.0,0.41652301920840773,Medium,41.40238810931573,0
5977-CKHON,43,Month-to-month,92.55,4039.0,0.41643323805739757,Medium,38.540896182212144,0
1930-WNXSB,58,Month-to-month,92.85,5305.05,0.4164082784873529,Medium,38.663508657550715,0
0463-ZSDNT,10,Month-to-month,56.75,503.25,0.4162020751601594,Medium,23.619467765339046,0
7030-NJVDP,24,Month-to-month,89.25,2210.2,0.4153515709386866,Medium,37.07012770627777,0
1208-NBVFH,20,Month-to-month,49.6,939.8,0.4151458507997991,Medium,20.591234199670037,0
5828-AVIPD,19,One year,100.95,1875.55,0.4150149272653705,Medium,41.89575690743915,1
5522-NYKPB,25,Month-to-month,85.9,2199.05,0.41494959517270696,Medium,35.64417022533553,0
9278-VZKCD,52,Month-to-month,109.1,5647.95,0.4145595438427674,Medium,45.22844623324592,0
2347-WKKAE,42,Month-to-month,94.4,4014.6,0.4144862459403856,Medium,39.1275016167724,0
1644-IRKSF,33,One year,93.8,3124.5,0.414234823608868,Medium,38.855226454511815,1
6986-IJDHX,39,Month-to-month,86.3,3266.0,0.414222595223782,Medium,35.74740996781239,1
2240-HSJQD,38,Month-to-month,81.85,3141.7,0.41382424717240696,Medium,33.87151463106151,0
0867-MKZVY,20,Month-to-month,82.4,1592.35,0.4137807163751407,Medium,34.095531029311594,1
1228-ZLNBX,21,Month-to-month,75.3,1570.7,0.4135779928928575,Medium,31.14242286483217,0
6410-LEFEN,9,Month-to-month,45.15,416.45,0.4126481485181743,Medium,18.631063905595568,1
1089-HDMKP,11,Month-to-month,54.55,601.25,0.4125338070659638,Medium,22.503719175448325,0
4526-ZJJTM,25,Month-to-month,88.4,2191.15,0.41232937271828685,Medium,36.44991654829656,0
3589-PPVKW,9,Month-to-month,44.4,348.15,0.4119582499167428,Medium,18.290946296303378,0
7798-JVXYM,14,Month-to-month,69.65,921.4,0.41189067558817083,Medium,28.6881855547161,0
8229-MYEJZ,10,Month-to-month,51.2,498.25,0.4117635738397264,Medium,21.082294980593993,0
2085-BOJKI,17,One year,96.65,1588.25,0.41164619025902055,Medium,39.78560428853434,0
9699-UBQFS,43,Month-to-month,94.5,4156.8,0.41160538695611004,Medium,38.8967090673524,0
5213-TWWJU,28,Month-to-month,91.0,2626.15,0.4113284873673667,Medium,37.43089235043037,0
5087-SUURX,18,Month-to-month,39.05,669.85,0.4111554309907628,Medium,16.055619580189287,1
4993-JCRGJ,26,Month-to-month,84.3,2281.6,0.41099117692646525,Medium,34.64655621490102,0
2187-LZGPL,7,Month-to-month,40.1,293.3,0.41084205626426135,Medium,16.474766456196882,1
9626-VFRGG,41,Month-to-month,88.5,3645.05,0.4106004879028133,Medium,36.338143179398976,0
2853-CWQFQ,1,Month-to-month,59.55,59.55,0.41056868181647316,Medium,24.449365002170975,0
2037-XJFUP,33,One year,95.8,3036.75,0.4102334674374443,Medium,39.30036618050716,1
0587-DMGBH,8,Month-to-month,49.85,365.55,0.4101546329286999,Medium,20.446208451495693,1
9940-HPQPG,9,Month-to-month,91.75,865.8,0.40986543468338,Medium,37.605153632200114,1
0943-ZQPXH,44,Month-to-month,92.95,4122.9,0.40982319889843855,Medium,38.09306633760986,0
6288-LBEAR,23,Month-to-month,79.1,1783.75,0.40960748670463715,Medium,32.3999521983368,0
7964-VEXDG,21,Month-to-month,80.35,1747.2,0.40954705199729113,Medium,32.90710562798234,0
8782-LKFPK,44,Month-to-month,90.4,4063.0,0.4095229601774475,Medium,37.02087560004126,0
9530-EHPOH,11,Month-to-month,53.75,608.0,0.40918402900737,Medium,21.993641559146138,1
3234-VKACU,2,Month-to-month,70.3,132.4,0.40912720944202957,Medium,28.76164282377468,0
8775-CEBBJ,9,Month-to-month,44.2,403.35,0.40908162217626076,Medium,18.081407700190727,1
6859-RKMZJ,11,Month-to-month,55.05,608.15,0.4088687613866119,Medium,22.508225314332982,0
3808-HFKDE,20,Month-to-month,44.35,927.15,0.4088194718961514,Medium,18.131143578594315,0
4067-HLYQI,33,Month-to-month,70.4,2406.1,0.40865385565560103,Medium,28.769231438154314,0
6988-CJEYV,49,Month-to-month,98.7,4920.55,0.4085597347043924,Medium,40.32484581532353,0
5173-WXOQV,2,Month-to-month,64.2,143.65,0.4083941081925168,Medium,26.21890174595958,0
2606-RMDHZ,6,Month-to-month,30.5,208.7,0.4078528875999267,Medium,12.439513071797764,1
4760-THGOT,43,Month-to-month,94.1,4107.3,0.4077685819424883,Medium,38.371023560788146,0
4931-TRZWN,13,Month-to-month,71.95,923.85,0.4076167376093098,Medium,29.32802427098984,0
2856-NNASM,43,Month-to-month,89.55,3856.75,0.4071935781308364,Medium,36.4641849216164,1
1550-EENBN,31,Month-to-month,104.35,3205.6,0.40716575916975967,Medium,42.487746969364416,0
6168-YBYNP,59,Month-to-month,111.35,6519.75,0.40713350212524313,Medium,45.33431546164582,0
3415-TAILE,2,Month-to-month,65.7,134.35,0.4063250050203098,Medium,26.695552829834355,1
7641-EUYET,46,Month-to-month,100.7,4541.2,0.40618461275272394,Medium,40.9027905041993,1
3804-RVTGV,50,Month-to-month,103.85,5017.9,0.4061502149498661,Medium,42.17869982254359,1
3331-HQDTW,34,Month-to-month,109.8,3587.25,0.4055890080760532,Medium,44.53367308675064,1
0468-YRPXN,29,Month-to-month,98.8,2807.1,0.40544743986762705,Medium,40.05820705892155,0
7669-LCRSD,12,Month-to-month,56.3,628.65,0.4052640352027425,Medium,22.816365181914403,0
1095-JUDTC,47,Month-to-month,95.05,4504.55,0.40462700603082274,Medium,38.4597969232297,1
1173-NOEYG,27,Month-to-month,90.15,2423.4,0.40459009885998737,Medium,36.47379741222786,0
6635-CPNUN,28,Month-to-month,96.6,2684.35,0.40450843907782574,Medium,39.075515214917964,0
3737-GCSPV,11,Month-to-month,96.2,1222.05,0.4044854017265289,Medium,38.911495646092085,1
9026-LHEVG,9,Month-to-month,40.75,359.4,0.40415213063693195,Medium,16.469199323454976,0
5385-SUIRI,52,Month-to-month,104.2,5568.35,0.40398157595802925,Medium,42.09488021482665,1
6599-GZWCM,13,One year,74.65,966.25,0.4035734167512449,Medium,30.126755560480436,0
0106-GHRQR,16,Month-to-month,71.4,1212.1,0.40354022152564234,Medium,28.812771816930866,0
5204-QZXPU,19,Month-to-month,39.65,733.35,0.40337328468806044,Medium,15.993750737881596,1
1608-GMEWB,45,Month-to-month,93.9,4200.25,0.40336218879268604,Medium,37.87570952763322,0
4824-GUCBY,22,Month-to-month,81.7,1820.9,0.4032488235773517,Medium,32.94542888626963,0
4727-MCYZG,1,Month-to-month,55.55,55.55,0.4031780019824893,Medium,22.39653801012728,0
1803-BGNBD,12,Month-to-month,54.3,654.5,0.40316092313081525,Medium,21.89163812600327,0
0324-BRPCJ,68,Month-to-month,100.2,6851.65,0.4028675004472787,Medium,40.367323544817324,1
2232-DMLXU,1,Month-to-month,55.2,55.2,0.40279306553474864,Medium,22.234177217518127,1
5536-RTPWK,49,Month-to-month,99.05,4853.75,0.4026495866740181,Medium,39.882441560061494,1
6217-TOWGS,17,Month-to-month,75.4,1322.55,0.4025186783547936,Medium,30.34990834795144,0
3665-JATSN,19,Month-to-month,39.7,710.05,0.4018228042372013,Medium,15.952365328216892,0
2133-TSRRM,34,Month-to-month,105.35,3688.6,0.40151940680589604,Medium,42.30006950700115,0
0212-ISBBF,22,Month-to-month,50.35,1098.85,0.40131823452353854,Medium,20.206373108260166,0
1230-QAJDW,3,Month-to-month,65.25,209.9,0.40128069360945195,Medium,26.18356525801674,0
1596-OQSPS,11,Month-to-month,51.1,531.15,0.40115245798524657,Medium,20.4988906030461,0
0207-MDKNV,15,Month-to-month,105.1,1582.75,0.40110324649262546,Medium,42.15595120637494,1
4343-EJVQB,7,Month-to-month,74.35,533.6,0.4009950061754255,Medium,29.813978709142884,0
7421-ZLUPA,8,Month-to-month,29.25,226.95,0.4007150712381976,Medium,11.72091583371728,0
2873-ZLIWT,40,Month-to-month,84.85,3303.05,0.40067027313457493,Medium,33.99687267546868,1
1194-HVAIF,27,Month-to-month,95.0,2462.55,0.4003479564727191,Medium,38.03305586490831,0
7623-TRNQN,1,Month-to-month,49.9,49.9,0.39993673212028924,Medium,19.95684293280243,1
7529-ZDFXI,57,Month-to-month,89.85,4925.35,0.3998775503009731,Medium,35.928997894542434,0
0708-LGSMF,13,Month-to-month,65.85,902.25,0.3998373473587059,Medium,26.32928932357078,0
2582-FFFZR,22,Month-to-month,50.6,1073.3,0.3998216842695023,Medium,20.230977224036817,0
9137-UIYPG,35,Month-to-month,106.9,3756.45,0.3996788980357527,Medium,42.72567420002196,0
4315-MURBD,12,Month-to-month,98.9,1120.95,0.3995147879897221,Medium,39.51201253218352,1
6240-EURKS,18,Month-to-month,35.0,553.0,0.3989237566587863,Medium,13.962331483057522,1
3946-MHCZW,1,Month-to-month,50.9,50.9,0.3980737504098283,Medium,20.26195389586026,1
2103-ZRXFN,1,Month-to-month,50.75,50.75,0.3979094591658822,Medium,20.193905052668523,0
6905-NIQIN,1,Month-to-month,50.65,50.65,0.39779994444589345,Medium,20.148567186184504,1
1047-NNCBF,20,Month-to-month,70.55,1493.55,0.397697277831831,Medium,28.057542951035675,0
9058-CBREO,1,Month-to-month,50.55,50.55,0.39769043995836423,Medium,20.10325173989531,1
7250-EQKIY,1,Month-to-month,50.45,50.45,0.3975809457133006,Medium,20.057958711236015,1
4550-VBOFE,70,Month-to-month,102.95,7101.5,0.39741541874772435,Medium,40.91391736007822,1
0952-KMEEH,13,Month-to-month,98.15,1230.25,0.3970078980212112,Medium,38.96632519078189,1
9089-UOWJG,12,Month-to-month,58.35,740.55,0.39670075103648816,Medium,23.147488822979085,0
4012-ZTHBR,21,Month-to-month,44.95,926.25,0.39663728793943365,Medium,17.828846092877544,0
9667-TKTVZ,2,Month-to-month,54.35,117.05,0.3964151918201746,Medium,21.54516567542649,0
3348-CFRNX,28,Month-to-month,92.35,2602.9,0.39636447448770196,Medium,36.604259218939276,1
7634-WSWDB,8,Month-to-month,38.5,330.8,0.39606202181285394,Medium,15.248387839794876,0
6599-CEBNN,34,Month-to-month,73.95,2524.45,0.39578343781969877,Medium,29.268185226766725,1
1482-OXZSY,30,Month-to-month,100.4,2936.25,0.3956609299902463,Medium,39.72435737102073,0
9873-MNDKV,11,Month-to-month,44.65,472.25,0.39526048112152223,Medium,17.648380482075968,0
4662-EKDPQ,2,Month-to-month,62.05,118.3,0.39502947290504226,Medium,24.51157879375787,1
6825-UYPFK,23,Month-to-month,75.6,1758.6,0.3948601765015337,Medium,29.851429343515946,1
1728-CXQBE,64,Month-to-month,94.25,6081.4,0.3947536872152481,Medium,37.20553502003713,0
2070-FNEXE,7,Month-to-month,76.45,503.6,0.3946737852500776,Medium,30.172810882368434,1
4640-UHDOS,13,Month-to-month,55.95,734.35,0.3946717361439929,Medium,22.081883637256404,1
7813-ZGGAW,31,Month-to-month,96.6,2877.95,0.3945322308524334,Medium,38.111813500345065,0
2921-XWDJH,38,Month-to-month,83.45,3147.15,0.39448303545827407,Medium,32.919609308992975,0
4471-KXAUH,42,Month-to-month,84.3,3588.4,0.39427406999863635,Medium,33.23730410088504,1
7851-FLGGQ,1,Month-to-month,44.65,44.65,0.3941911789724843,Medium,17.600636141121424,1
0504-HHAPI,27,Month-to-month,88.3,2467.75,0.39382983708267966,Medium,34.77517461440061,1
0356-ERHVT,11,Month-to-month,45.9,521.9,0.3935264814181717,Medium,18.06286549709408,0
5356-CSVSQ,3,Month-to-month,64.6,174.2,0.393406601150148,Medium,25.41406643429956,0
7593-XFKDI,1,Month-to-month,46.3,46.3,0.3930460944940208,Medium,18.19803417507316,1
4680-KUTAJ,11,Month-to-month,55.6,580.8,0.3926854315873789,Medium,21.83330999625827,0
7054-LGEQW,1,Month-to-month,45.95,45.95,0.39266446710142094,Medium,18.042932263310295,1
5103-MHMHY,1,Month-to-month,45.95,45.95,0.39266446710142094,Medium,18.042932263310295,1
4948-WBBKL,36,Month-to-month,74.9,2659.45,0.39252518136783887,Medium,29.400136084451134,0
4220-TINQT,61,Month-to-month,106.35,6751.35,0.3924625948818522,Medium,41.73839696568498,0
1956-YIFGE,22,One year,100.05,2090.25,0.39243512568722894,Medium,39.26313432500725,0
5916-QEWPT,2,Month-to-month,69.0,147.8,0.3923086119719711,Medium,27.069294226066006,0
9244-ZVAPM,1,Month-to-month,45.6,45.6,0.3922829707636814,Medium,17.88810346682387,0
8654-DHAOW,2,Month-to-month,54.15,101.65,0.3922118499928572,Medium,21.238271677113215,0
7754-IXRMC,1,Month-to-month,45.35,45.35,0.3920105538502365,Medium,17.777678617108226,0
7112-OPOTK,33,Month-to-month,68.25,2171.15,0.3919805938980503,Medium,26.752675533541932,1
6582-OIVSP,1,Month-to-month,45.3,45.3,0.39195607853053704,Medium,17.755610357433326,0
7252-NTGSS,1,Month-to-month,45.15,45.15,0.39179266871944823,Medium,17.689438992683087,0
4193-ORFCL,1,Month-to-month,45.1,45.1,0.3917382041691659,Medium,17.667393008029382,1
2833-SLKDQ,1,Month-to-month,45.05,45.05,0.3916837423142951,Medium,17.64535259125899,1
3569-EDBPQ,24,Month-to-month,84.35,1938.05,0.3915778412074312,Medium,33.029590905846824,0
7176-WIONM,12,Month-to-month,49.85,617.15,0.39142693210436263,Medium,19.512632565402477,0
2672-OJQZP,1,Month-to-month,44.75,44.75,0.3913570278571547,Medium,17.513226996607674,0
6927-WTFIV,20,Month-to-month,71.3,1389.2,0.39133935177170737,Medium,27.902495781322735,1
4146-SVFUD,1,Month-to-month,44.6,44.6,0.3911937071156017,Medium,17.447239337355835,0
5858-EAFCZ,1,Month-to-month,44.45,44.45,0.3910304107426666,Medium,17.38130175751153,0
0415-MOSGF,1,Month-to-month,44.4,44.4,0.39097598403929523,Medium,17.35933369134471,1
6982-SSHFK,1,Month-to-month,44.4,44.4,0.39097598403929523,Medium,17.35933369134471,1
6845-RGTYS,47,Month-to-month,98.75,4533.7,0.3909730161007537,Medium,38.60858533994943,1
3137-LUPIX,4,Month-to-month,64.4,253.0,0.3906892730175843,Medium,25.160389182332434,0
3085-QUOZK,1,Month-to-month,43.95,43.95,0.390486265917746,Medium,17.161871387084936,1
9710-ZUSHQ,37,Month-to-month,106.75,4056.75,0.3901261378422515,Medium,41.64596521466034,1
7501-VTYLJ,2,Month-to-month,51.55,106.2,0.38986830244073234,Medium,20.097710990819753,0
7240-FQLHE,18,Month-to-month,99.75,1836.25,0.389768832438796,Medium,38.8794410357699,1
4797-AXPXK,1,Month-to-month,60.0,60.0,0.3897648403340155,Medium,23.38589042004093,1
6987-XQSJT,54,Month-to-month,79.5,4370.25,0.3893296861657289,Medium,30.951710050175446,1
7683-CBDKJ,14,Month-to-month,65.45,937.6,0.3891910166195325,Medium,25.4725520377484,1
4840-ORQXB,56,Month-to-month,104.75,5841.35,0.38900388471532105,Medium,40.748156923929876,0
8791-GFXLZ,12,Month-to-month,49.05,593.05,0.38897184833415993,Medium,19.079069160790542,0
6143-JQKEA,10,Month-to-month,45.8,436.2,0.3883877046311049,Medium,17.788156872104604,0
4223-WOZCM,2,Month-to-month,49.95,107.1,0.38829961496581766,Medium,19.395565767542593,0
6968-GMKPR,55,Month-to-month,81.55,4509.5,0.3882913419770707,Medium,31.665158938230114,0
1928-BXYIV,1,Month-to-month,61.15,61.15,0.3880814351492904,Medium,23.731179759379106,0
7055-HNEOJ,3,Month-to-month,55.8,154.55,0.38782766252294537,Medium,21.64078356878035,0
3976-BWUCK,30,Month-to-month,94.1,2804.45,0.38777375287912896,Medium,36.48951014592603,1
3580-REOAC,10,Month-to-month,44.85,435.4,0.38736678066612734,Medium,17.37340011287581,1
8805-JNRAZ,2,Month-to-month,49.2,103.7,0.38730578752242983,Medium,19.05544474610355,0
5948-UJZLF,2,Month-to-month,49.25,97.0,0.3869022000976209,Medium,19.05493335480783,0
8645-KWHJO,14,Month-to-month,55.0,771.95,0.3865918165919361,Medium,21.262549912556484,0
4619-EVPHY,20,One year,91.0,1859.5,0.386340302726289,Medium,35.1569675480923,0
6233-HXJMX,45,Month-to-month,89.3,4192.15,0.3862457660417825,Medium,34.49174690753118,0
3466-RITXD,26,Month-to-month,92.4,2349.8,0.38620840609660145,Medium,35.68565672332598,0
3500-RMZLT,15,Month-to-month,96.3,1426.75,0.3862063760581621,Medium,37.19167401440101,1
9261-WDCAF,3,Month-to-month,54.65,189.1,0.38607420782246155,Medium,21.098955457497524,0
9112-WSNPU,35,Month-to-month,70.55,2419.0,0.3859877390442127,Medium,27.231434989569205,0
4238-JSSWH,35,Month-to-month,102.05,3452.55,0.38583060025990046,Medium,39.37401275652284,0
3413-BMNZE,1,Month-to-month,45.25,45.25,0.38553114922667203,Medium,17.445284502506908,0
5515-AKOAJ,54,Month-to-month,100.1,5440.9,0.38517466570526687,Medium,38.55598403709721,1
3688-FTHLT,16,Month-to-month,63.05,1067.05,0.38509317072396854,Medium,24.280124414146215,0
2309-OSFEU,10,Month-to-month,33.9,298.45,0.3850792757261417,Medium,13.054187447116202,1
0541-FITGH,2,Month-to-month,62.15,113.1,0.3847777035115132,Medium,23.913934273240546,0
9108-EJFJP,1,Month-to-month,53.55,53.55,0.3845607709868694,Medium,20.593229286346855,0
8806-EAGWC,3,Month-to-month,55.15,159.15,0.3845538530673927,Medium,21.208144996666707,1
7627-JKIAZ,37,Month-to-month,78.95,2839.65,0.38451720203498596,Medium,30.35763310066214,1
7734-DBOAI,1,Month-to-month,40.1,40.1,0.3845167786355595,Medium,15.419122823285937,1
6641-XRPSU,34,Month-to-month,70.0,2416.1,0.3843872610694205,Medium,26.907108274859436,1
6145-NNPNO,1,Month-to-month,44.15,44.15,0.3843405984876104,Medium,16.968637423227996,0
1481-ZUWZA,28,Month-to-month,94.5,2659.4,0.38421452803325007,Medium,36.30827289914213,1
3197-ARFOY,19,Month-to-month,105.0,2007.25,0.38416570452414545,Medium,40.33739897503527,0
4881-JVQOD,10,Month-to-month,34.55,362.6,0.38373374769982654,Medium,13.258000983029007,0
4720-VSTSI,44,Month-to-month,84.8,3862.55,0.38365807108405897,Medium,32.5342044279282,1
1271-SJBGZ,12,Month-to-month,43.65,526.95,0.3835717093111928,Medium,16.742905111433565,1
6439-GTPCA,45,Month-to-month,87.25,3941.7,0.38352148269188235,Medium,33.462249364866736,1
9732-KPKBW,1,Month-to-month,53.95,53.95,0.383207128530546,Medium,20.67402458422296,1
2432-TFSMK,18,One year,89.6,1633.0,0.38292220438504626,Medium,34.309829512900144,0
9688-YGXVR,44,Month-to-month,88.15,3973.2,0.3828004918178166,Medium,33.74386335374054,0
1548-ARAGG,4,Month-to-month,58.5,224.85,0.38278413891890345,Medium,22.39287212675585,0
0701-RFGFI,49,Month-to-month,95.4,4613.95,0.38257529393404127,Medium,36.49768304130754,0
1501-SGHBW,2,Month-to-month,45.85,81.0,0.38237086407047877,Medium,17.531704117631453,1
8773-HHUOZ,17,Month-to-month,64.7,1093.1,0.3823419582396352,Medium,24.737524698104398,1
4026-SKKHW,3,Month-to-month,50.25,152.3,0.3820442272272572,Medium,19.197722418169676,0
1763-WQFUK,3,Month-to-month,50.5,147.75,0.3819900829784321,Medium,19.290499190410824,0
4581-LNWUM,13,Month-to-month,49.15,649.4,0.38198229698438485,Medium,18.774429896782515,0
6591-QGOYB,17,Month-to-month,106.65,1672.1,0.38189126873197077,Medium,40.72870381026468,0
1564-HJUVY,4,Month-to-month,63.75,226.2,0.3818571166097485,Medium,24.343391183871468,0
4329-YPDDQ,20,Month-to-month,108.2,2203.7,0.38182634783416625,Medium,41.31361083565679,0
4208-UFFGW,2,Month-to-month,44.95,85.15,0.3817403698754967,Medium,17.159229625903578,1
9286-DOJGF,38,Month-to-month,74.95,2869.85,0.38171549130737314,Medium,28.609576073487617,1
7794-JASDG,1,Month-to-month,50.75,50.75,0.3815358939227214,Medium,19.36294661657811,0
6888-SBYAI,1,Month-to-month,50.7,50.7,0.3814819608891289,Medium,19.341135417078835,0
5302-BDJNT,35,Month-to-month,95.5,3418.2,0.38142514834516733,Medium,36.42610166696348,0
9948-YPTDG,38,Month-to-month,79.45,3013.05,0.3813118008147194,Medium,30.295222574729458,1
3208-YPIOE,39,Month-to-month,75.25,3017.65,0.3811240893168087,Medium,28.679587721089852,1
8158-WPEZG,11,Month-to-month,35.65,425.1,0.38110680997887064,Medium,13.586457775746737,0
9661-MHUMO,1,Month-to-month,49.25,49.25,0.38104220354555135,Medium,18.766328524618405,1
5536-SLHPM,55,Month-to-month,77.75,4458.15,0.3809625581052747,Medium,29.619838892685106,1
5099-BAILX,43,Month-to-month,110.75,4687.9,0.3808845561714696,Medium,42.182964595990256,1
3055-MJDSB,9,Month-to-month,24.6,190.1,0.38085728560403304,Medium,9.369089225859213,0
3751-KTZEL,1,Month-to-month,35.05,35.05,0.38084718568525844,Medium,13.348693858268307,1
4625-EWPTF,8,Month-to-month,30.45,226.45,0.3807821285578159,Medium,11.594815814585495,1
4432-ADRLB,2,Month-to-month,44.65,74.9,0.38074586516664677,Medium,17.00030287969078,1
8751-EDEKA,28,Month-to-month,89.9,2433.5,0.3805678453934424,Medium,34.21304930087047,0
8992-VONJD,13,Month-to-month,56.0,764.55,0.38043087984514584,Medium,21.30412927132817,0
2957-LOLHO,12,Month-to-month,45.4,518.9,0.38025273824065015,Medium,17.263474316125517,1
1600-DILPE,12,Month-to-month,45.0,524.35,0.3802159305381229,Medium,17.109716874215533,0
0778-NELLA,9,Month-to-month,34.7,296.1,0.38018765323607895,Medium,13.192511567291941,1
5207-PLSTK,1,Month-to-month,48.75,48.75,0.3793808632534216,Medium,18.494817083604303,0
7850-VWJUU,23,Month-to-month,75.0,1778.5,0.37926687336708254,Medium,28.44501550253119,0
0322-YINQP,1,Month-to-month,48.55,48.55,0.37916562009181815,Medium,18.40849085545777,1
9761-XUJWD,5,Month-to-month,65.6,339.9,0.3789037729641523,Medium,24.85608750644839,0
7470-MCQTK,13,Month-to-month,48.75,633.4,0.37886952376955113,Medium,18.469889283765617,1
4718-DHSMV,11,Month-to-month,35.8,363.15,0.3788650614546981,Medium,13.563369200078192,0
9481-SFCQY,14,Month-to-month,59.8,824.85,0.37875331101681553,Medium,22.649447998805567,0
8967-SZQAS,14,Month-to-month,50.45,765.45,0.3786320155377386,Medium,19.101985183878913,0
5143-EGQFK,10,Month-to-month,29.65,291.4,0.3785223800296869,Medium,11.223188567880216,1
6985-HAYWX,26,Month-to-month,79.3,2015.8,0.37837938944950683,Medium,30.00548558334589,0
4811-JBUVU,30,Month-to-month,89.9,2723.15,0.37802950284718173,Medium,33.98485230596164,0
5208-HFSBT,2,Month-to-month,55.05,102.75,0.378025041416631,Medium,20.810278529985535,1
2027-WKXMW,63,Month-to-month,108.75,6871.7,0.3779619830171913,Medium,41.10336565311955,0
3466-WAESX,16,Month-to-month,69.1,1083.7,0.3777214061025852,Medium,26.100549161688637,0
5493-SDRDQ,2,Month-to-month,55.1,113.35,0.37766776807555374,Medium,20.80949402096301,1
7268-IGMFD,18,Month-to-month,93.9,1743.9,0.3775983471995092,Medium,35.45648480203391,0
6817-WTYHE,2,Month-to-month,44.9,111.05,0.37712050922430534,Medium,16.93271086417131,0
7599-FKVXZ,42,Month-to-month,106.15,4512.7,0.37692254295522254,Medium,40.010327934696875,1
7852-LECYP,13,Month-to-month,93.8,1261.0,0.3765480387084139,Medium,35.32020603084922,0
6243-OZGFH,23,Month-to-month,44.95,996.85,0.3763103322417388,Medium,16.915149434266162,0
2842-JTCCU,2,Month-to-month,46.05,80.35,0.3762170457062009,Medium,17.32479495477055,1
0374-AACSZ,1,Month-to-month,50.15,50.15,0.3762093333205921,Medium,18.866898066027694,0
8818-XYFCQ,32,Month-to-month,99.55,3204.65,0.376123766477158,Medium,37.44312095280108,1
3668-QPYBK,2,Month-to-month,53.85,108.15,0.37606067886696215,Medium,20.250867556985913,1
3005-TYFRD,55,Month-to-month,103.65,5676.65,0.3759273660071456,Medium,38.96487148664065,0
9921-EZKBY,33,Month-to-month,95.3,3275.15,0.37579404009997835,Medium,35.81317202152793,0
7312-XSBAT,1,Month-to-month,49.75,49.75,0.375780314130533,Medium,18.695070627994017,0
9659-QEQSY,45,Month-to-month,115.65,5125.5,0.37576659464664236,Medium,43.45740667088419,0
6464-KEXXH,8,Month-to-month,25.25,186.3,0.3757384607596439,Medium,9.487396134181008,0
0265-PSUAE,16,Month-to-month,100.7,1522.7,0.3754011688860505,Medium,37.80289770682529,0
7927-AUXBZ,30,Month-to-month,85.15,2555.9,0.3752980739169025,Medium,31.956630994024252,1
7133-VBDCG,25,Month-to-month,79.85,2015.35,0.37517183324771947,Medium,29.957470884830396,1
3669-OYSJI,1,Month-to-month,46.2,46.2,0.37486306551700416,Medium,17.318673626885595,1
4989-LIXVT,68,Month-to-month,95.9,6503.2,0.374825224426122,Medium,35.9457390224651,0
7895-VONWT,25,Month-to-month,48.25,1293.8,0.3746939327278729,Medium,18.078982254119868,0
7147-AYBAA,37,Month-to-month,70.35,2552.9,0.3745324437842587,Medium,26.348357420222598,0
2869-ADAWR,45,Month-to-month,89.3,4016.85,0.37443564919189765,Medium,33.43710347283646,1
1427-VERSM,56,Month-to-month,98.7,5669.5,0.3742058250892141,Medium,36.93411493630543,0
9578-VRMNM,16,Month-to-month,65.2,1043.35,0.3739839106506379,Medium,24.38375097442159,1
8286-AFUYI,1,Month-to-month,47.95,47.95,0.37385214748643086,Medium,17.92621047197436,0
4628-WQCQQ,35,One year,85.15,3030.6,0.37371217880371327,Medium,31.821592025136187,1
4061-UKJWL,3,Month-to-month,45.45,141.7,0.37359578572496505,Medium,16.979928461199663,0
6844-DZKRF,2,Month-to-month,50.2,109.25,0.3735853838630743,Medium,18.753986269926333,0
6257-RJOHI,4,Month-to-month,50.8,202.3,0.3735089822210653,Medium,18.974256296830116,0
2067-QYTCF,64,Month-to-month,111.15,6953.4,0.3734301895075867,Medium,41.50676556376827,0
8660-BUETV,3,Month-to-month,44.75,148.05,0.37331861492749163,Medium,16.70600801800525,0
9448-REEVD,1,Month-to-month,44.7,44.7,0.3732575608260182,Medium,16.684612968923012,1
2235-ZGKPT,4,Month-to-month,50.85,239.55,0.3731633735040361,Medium,18.975357542680236,1
8205-MQUGY,12,Month-to-month,49.2,571.15,0.37304248733643747,Medium,18.353690376952724,0
5060-TQUQN,30,Month-to-month,83.55,2570.2,0.37302969773318656,Medium,31.166631245607736,0
3791-LGQCY,56,Month-to-month,100.65,5688.05,0.37289562674511795,Medium,37.531944831896126,1
8178-EYZUO,46,Month-to-month,93.7,4154.8,0.3728006665964091,Medium,34.93142246008353,1
0623-GDISB,1,Month-to-month,48.45,48.45,0.3727683544721112,Medium,18.060626774173787,0
1895-QTKDO,1,Month-to-month,43.95,43.95,0.372455852151597,Medium,16.369434702062687,0
9445-ZUEQE,27,Month-to-month,85.2,2151.6,0.37225256949537655,Medium,31.715918921006082,0
2115-BFTIW,25,Month-to-month,70.95,1767.35,0.3720414786942317,Medium,26.396342913355742,1
9631-XEYKE,3,Month-to-month,50.4,137.25,0.3719896301630853,Medium,18.748277360219497,0
7963-GQRMY,3,Month-to-month,44.3,134.5,0.37196221450975514,Medium,16.477926102782153,1
2181-UAESM,2,Month-to-month,53.45,119.5,0.3717622311111174,Medium,19.870691252889227,0
9819-FBNSV,37,Month-to-month,72.25,2575.45,0.3716738891487009,Medium,26.853438490993643,0
7579-OOPEC,2,Month-to-month,50.15,115.1,0.37104226250350836,Medium,18.607769464550945,1
8404-FYDIB,26,Month-to-month,86.65,2208.75,0.3709269311860696,Medium,32.14081858727293,0
3956-CJUST,23,Month-to-month,75.4,1643.55,0.37062756599794516,Medium,27.945318476245067,0
5433-KYGHE,14,Month-to-month,86.0,1164.05,0.37061862683450325,Medium,31.873201907767278,0
3873-NFTGI,14,Month-to-month,55.5,767.55,0.37059821493526135,Medium,20.568200928907004,0
9462-MJUAW,4,Month-to-month,50.4,206.6,0.3705127806092039,Medium,18.673844142703874,1
6158-HDPXZ,1,Month-to-month,25.35,25.35,0.3704477995853984,Medium,9.39085171948985,0
8260-NGFNY,1,Month-to-month,25.2,25.2,0.37028789602500767,Medium,9.331254979830193,1
2208-NQBCT,26,Month-to-month,81.95,2070.05,0.3701671043468581,Medium,30.335194201225026,0
0856-NAOES,6,Month-to-month,60.9,414.1,0.37013765747624716,Medium,22.54138334030345,0
9907-SWKKF,1,Month-to-month,25.05,25.05,0.37012802090712915,Medium,9.271706923723585,1
0749-IRGQE,13,Month-to-month,45.3,528.45,0.369999641097606,Medium,16.760983741721553,0
6921-OZMFH,5,Month-to-month,55.7,259.4,0.36985646406429823,Medium,20.601005048381413,0
2538-OIMXF,1,Month-to-month,24.7,24.7,0.36975508974358834,Medium,9.132950716666631,0
7346-MEDWM,59,Month-to-month,83.25,4949.1,0.36972534650284833,Medium,30.779635096362124,0
1456-TWCGB,4,Month-to-month,49.25,208.45,0.36948726683013633,Medium,18.197247891384215,0
9895-VFOXH,1,Month-to-month,24.4,24.4,0.36943555812975504,Medium,9.014227618366023,0
3439-GVUSX,1,Month-to-month,24.4,24.4,0.36943555812975504,Medium,9.014227618366023,0
5351-QESIO,1,Month-to-month,24.2,24.2,0.36922260059948264,Medium,8.93518693450748,0
7181-OQCUT,21,Month-to-month,103.85,2215.0,0.36918668282433104,Medium,38.34003701130678,0
6317-YPKDH,1,Month-to-month,29.95,29.95,0.36910034966375993,Medium,11.054555472429609,1
0118-JPNOY,26,Month-to-month,85.8,2193.65,0.36907160938501493,Medium,31.66634408523428,0
4767-HZZHQ,30,Month-to-month,82.05,2570.2,0.36865070490965796,Medium,30.247790337837433,0
6908-VVYHM,65,Month-to-month,90.65,5931.0,0.3684762807111218,Medium,33.402374846463196,0
3923-CSIHK,50,Month-to-month,71.05,3444.85,0.36841096079943697,Medium,26.175598764799997,1
9003-CPATH,42,Month-to-month,79.9,3313.4,0.3683753538244565,Medium,29.43319077057408,0
6771-XWBDM,57,Month-to-month,104.5,5921.35,0.3683736756128714,Medium,38.49504910154506,1
1307-TVUFB,42,Month-to-month,79.35,3344.1,0.3682592558692004,Medium,29.22137195322105,0
2272-UOINI,7,Month-to-month,78.5,571.05,0.36802500377687175,Medium,28.889962796484433,0
0601-WZHJF,14,Month-to-month,46.35,667.7,0.3679844508346975,Medium,17.05607929618823,1
4482-FTFFX,5,Month-to-month,56.15,291.45,0.3678075549900393,Medium,20.652394212690705,0
9909-IDLEK,20,Month-to-month,96.8,1826.7,0.36754319256364376,Medium,35.578181040160715,0
3426-NIYYL,15,Month-to-month,51.55,765.5,0.36735218316661966,Medium,18.937005042239242,1
7975-TZMLR,47,One year,103.1,4889.3,0.3673510300222016,Medium,37.873891195288984,0
2277-VWCNI,4,Month-to-month,48.75,179.85,0.36708660634146745,Medium,17.895472059146538,0
4256-ZWTZI,5,Month-to-month,51.0,286.8,0.3669923358440582,Medium,18.71660912804697,0
4918-QLLIW,3,Month-to-month,53.4,188.7,0.36685274132450546,Medium,19.589936386728592,1
1791-PQHBB,2,Month-to-month,61.2,125.95,0.36675984756359137,Medium,22.445702670891794,0
7876-BEUTG,15,Month-to-month,48.8,720.1,0.3662207131599197,Medium,17.871570802204083,0
5402-HTOTQ,16,Month-to-month,55.3,875.35,0.36607749833195735,Medium,20.24408565775724,0
3768-NLUBH,57,Month-to-month,100.6,5746.15,0.3659888305999998,Medium,36.81847635835998,1
4430-UZIPO,3,Month-to-month,36.85,108.7,0.3656857168787543,Medium,13.475518666982095,1
7878-JGDKK,4,Month-to-month,44.55,220.75,0.3656225317644401,Medium,16.288483790105804,0
2208-UGTGR,56,Month-to-month,98.6,5581.05,0.36533794948571147,Medium,36.02232181929115,0
9505-SQFSW,3,Month-to-month,40.3,92.5,0.3651786986308053,Medium,14.716701554821453,0
2675-OTVVJ,31,Month-to-month,89.45,2807.65,0.36509644014855447,Medium,32.6578765712882,0
2105-PHWON,33,Month-to-month,95.0,3008.15,0.3650578150663269,Medium,34.680492431301055,0
3859-CVCET,4,Month-to-month,45.65,191.05,0.3647470739259708,Medium,16.650703924720567,1
3656-TKRVZ,3,Month-to-month,55.35,165.2,0.3643762242323565,Medium,20.168224011260932,1
3005-NFMTA,55,Month-to-month,98.8,5617.75,0.3642859936588683,Medium,35.99145617349619,1
0295-QVKPB,5,Month-to-month,63.95,318.1,0.36421332520332406,Medium,23.291442146752573,0
4431-EDMIQ,7,Month-to-month,75.7,554.05,0.36411263505876534,Medium,27.56332647394854,0
2209-XADXF,1,Month-to-month,25.25,25.25,0.36411135620629775,Medium,9.193811744209018,0
7905-TVXTA,5,Month-to-month,64.35,352.65,0.3640454572339607,Medium,23.42632517300537,0
0260-ZDLGK,9,Month-to-month,72.9,651.4,0.36379970037534465,Medium,26.520998157362627,1
8123-QBNAZ,36,Month-to-month,104.5,3684.95,0.3636941862062488,Medium,38.006042458553004,0
6366-ZGQGL,1,Month-to-month,24.8,24.8,0.36363519613612416,Medium,9.01815286417588,1
0929-HYQEW,3,Month-to-month,50.15,160.85,0.3635345011692347,Medium,18.231255233637118,0
8982-NHAVY,27,One year,100.5,2673.45,0.3635332974644276,Medium,36.535096395174975,0
2139-FQHLM,19,Month-to-month,89.95,1682.4,0.36345128272594335,Medium,32.6924428811986,0
2014-MKGMH,46,One year,101.1,4674.4,0.363399296361076,Medium,36.73966886210478,0
3509-GWQGF,24,Month-to-month,70.0,1732.6,0.3633303702748206,Medium,25.433125919237444,0
8728-SKJLR,41,Month-to-month,74.25,3089.1,0.36303291845920904,Medium,26.95519419559627,0
3761-FLYZI,65,Month-to-month,108.8,7082.45,0.3628699603931,Medium,39.48025169076928,0
9163-GHAYE,15,Month-to-month,48.85,736.8,0.3627684618871359,Medium,17.72123936318659,0
2573-GYRUU,48,Month-to-month,91.05,4370.75,0.362749152874615,Medium,33.028310369233694,0
8757-TFHHJ,1,Month-to-month,49.8,49.8,0.36266777866757355,Medium,18.06085537764516,0
9842-EFSYY,4,Month-to-month,57.2,223.75,0.3624319312238038,Medium,20.731106466001577,0
3503-TYDAY,43,Month-to-month,80.45,3398.9,0.36230902686212657,Medium,29.147761211058082,0
9919-YLNNG,42,Month-to-month,103.8,4327.5,0.3622421547336154,Medium,37.600735661349276,0
4558-FANTW,17,Month-to-month,91.85,1574.45,0.3621716165644628,Medium,33.26546298144591,1
7396-VJUZB,4,Month-to-month,45.25,155.35,0.3619896399251747,Medium,16.380031206614156,0
5673-TIYIB,2,Month-to-month,40.4,77.15,0.36168913302441,Medium,14.612240974186165,1
3018-TFTSU,12,Month-to-month,81.7,858.6,0.3615744954144705,Medium,29.540636275362242,1
4523-WXCEF,59,Month-to-month,101.1,6039.9,0.3614050749678887,Medium,36.538053079253544,1
1794-HBQTJ,1,Month-to-month,48.6,48.6,0.3614007843851832,Medium,17.564078121119902,1
4636-JGAAI,34,Month-to-month,88.85,3000.25,0.3610133932572072,Medium,32.076039990902856,0
0178-SZBHO,47,Month-to-month,87.2,4017.45,0.3609017094642121,Medium,31.470629065279294,0
0804-XBFBV,11,Month-to-month,25.2,321.05,0.3608396064817776,Medium,9.093158083340795,0
0730-KOAVE,30,Month-to-month,94.3,2679.7,0.36061945312747834,Medium,34.00641442992121,0
1323-OOEPC,53,Month-to-month,98.4,5149.5,0.36028150581980783,Medium,35.45170017266909,1
7481-ATQQS,49,Month-to-month,90.85,4515.85,0.35990159070251965,Medium,32.69705951532391,1
9822-WMWVG,41,Month-to-month,106.5,4282.4,0.3598678389551027,Medium,38.32592484871844,0
1205-WNWPJ,7,Month-to-month,59.5,415.95,0.35945752553645827,Medium,21.387722769419266,1
6581-NQCBA,16,Month-to-month,49.95,810.2,0.35932537045277707,Medium,17.948302254116214,1
3446-QDSZF,4,Month-to-month,55.5,227.35,0.3592417868568415,Medium,19.937919170554704,0
4821-SJHJV,32,Month-to-month,89.6,2901.8,0.35922801344073657,Medium,32.186830004289995,0
3237-AJGEH,3,Month-to-month,31.0,95.05,0.35899181824291854,Medium,11.128746365530475,1
9777-WJJPR,31,Month-to-month,88.65,2683.2,0.3589324215261267,Medium,31.819359168291133,0
8388-FYNPZ,4,Month-to-month,56.75,245.15,0.35881128787299066,Medium,20.36254058679222,0
5590-YRFJT,20,Month-to-month,24.45,482.8,0.35866643741902643,Medium,8.769394394895196,1
6173-ITPWD,47,Month-to-month,83.35,4065.0,0.3586388529686749,Medium,29.892548394939052,1
5331-RGMTT,54,Month-to-month,99.05,5295.7,0.35835182538656,Medium,35.49474830453877,0
3571-RFHAR,65,Month-to-month,109.15,6941.2,0.35834597645291666,Medium,39.11346332983585,1
5131-PONJI,49,Month-to-month,90.4,4494.65,0.3580632166756271,Medium,32.3689147874767,0
8387-MOJJT,42,Month-to-month,77.95,3384.0,0.35803529534579703,Medium,27.90885127220488,1
1777-JYQPJ,2,Month-to-month,24.3,38.45,0.35800958381149567,Medium,8.699632886619344,0
3692-JHONH,52,One year,106.5,5621.85,0.35791535386190537,Medium,38.11798518629292,0
5886-VLQVU,35,Month-to-month,89.85,3161.2,0.35706993550178084,Medium,32.08273370483501,0
4566-GOLUK,47,Month-to-month,107.35,5118.95,0.35686645121718785,Medium,38.30961353816512,1
9314-QDMDW,11,One year,61.25,729.95,0.356667167999813,Medium,21.845864039988548,0
5419-JKZNQ,30,Month-to-month,77.9,2351.45,0.35628643145293165,Medium,27.754713010183377,0
2386-OWURY,58,Month-to-month,95.3,5817.7,0.35609699154786445,Medium,33.93604329451148,0
1575-KRZZE,4,Month-to-month,55.2,220.65,0.3556778013958303,Medium,19.63341463704983,0
2101-RANCD,55,Month-to-month,73.1,4144.9,0.3555017459141398,Medium,25.987177626323618,0
5438-QMDDL,19,Month-to-month,59.8,1130.85,0.3553161850284609,Medium,21.24790786470196,0
9210-IAHGH,7,Month-to-month,70.75,450.8,0.3552658486736701,Medium,25.13505879366216,1
4468-YDOVK,5,Month-to-month,48.65,235.2,0.355082124429384,Medium,17.274745353489532,0
6578-KRMAW,32,Month-to-month,93.4,2979.3,0.3550736122334416,Medium,33.16387538260344,0
1809-DMJHQ,5,Month-to-month,46.0,221.7,0.35491135673092233,Medium,16.32592240962243,1
4130-MZLCC,5,Month-to-month,50.55,244.75,0.354746084701211,Medium,17.932414581646213,0
0975-VOOVL,3,Month-to-month,29.2,98.5,0.3546158700156774,Medium,10.35478340445778,0
5156-UMKOW,3,Month-to-month,29.65,90.05,0.35450438672386053,Medium,10.511055066362465,0
7248-VZQLC,47,Month-to-month,85.2,3969.35,0.3541853031145064,Medium,30.17658782535595,1
0799-DDIHE,15,Month-to-month,46.3,639.45,0.3538574380360254,Medium,16.383599381067974,0
6923-EFPNL,4,Month-to-month,51.75,201.1,0.35383337052921215,Medium,18.310876924886728,1
7521-AFHAB,5,Month-to-month,44.8,220.45,0.35365315616766496,Medium,15.84366139631139,0
7272-QDCKA,28,One year,100.2,2688.45,0.3536340899071228,Medium,35.4341358086937,0
3787-TRIAL,21,Month-to-month,26.05,565.75,0.35353205128517606,Medium,9.209509935978836,0
7742-MYPGI,6,Month-to-month,48.8,297.35,0.35331112674431453,Medium,17.241582985122548,0
3932-IJWDZ,45,Month-to-month,103.65,4747.85,0.353198438413858,Medium,36.60901814159639,0
8167-GJLRN,3,Month-to-month,30.4,82.15,0.35299645638863564,Medium,10.731092274214523,0
6745-JEFZB,35,Month-to-month,91.5,3236.35,0.3522493900291549,Medium,32.23081918766767,0
3113-IWHLC,5,Month-to-month,55.8,274.35,0.3522140018163592,Medium,19.653541301352842,0
2474-BRUCM,40,Month-to-month,101.85,4086.3,0.3517620668786122,Medium,35.826966511586654,1
4695-VADHF,18,Month-to-month,57.45,990.85,0.3514265350927613,Medium,20.189454441079135,1
6741-EGCBI,30,Month-to-month,90.5,2595.85,0.35139068039646276,Medium,31.80085657587988,0
4801-JZAZL,11,Month-to-month,29.6,346.45,0.3510435373044198,Medium,10.390888704210827,0
9168-INPSZ,44,Month-to-month,104.15,4495.65,0.3509005513243667,Medium,36.54629242043279,0
5071-FBJFS,4,Month-to-month,50.3,217.1,0.35064905403157515,Medium,17.63764741778823,0
7009-LGECI,4,Month-to-month,50.55,235.65,0.3505252075477707,Medium,17.71904924153981,0
1100-DDVRV,17,Month-to-month,49.8,836.35,0.3504933286521495,Medium,17.454567766877044,0
0531-ZZJWQ,55,Month-to-month,74.0,4052.4,0.35034381989852675,Medium,25.92544267249098,0
3351-NGXYI,16,Month-to-month,54.1,889.0,0.3499695701732448,Medium,18.933353746372546,0
2391-SOORI,4,Month-to-month,49.35,219.65,0.34988842331608455,Medium,17.266993690648775,1
2108-YKQTY,4,Month-to-month,50.7,151.3,0.34956142614090774,Medium,17.722764305344022,1
6172-FECYY,49,Month-to-month,84.5,4254.85,0.34953533588594543,Medium,29.53573588236239,1
6542-LWGXJ,3,Month-to-month,25.0,78.25,0.3491906775769291,Medium,8.729766939423229,0
7554-AKDQF,6,Month-to-month,45.65,323.45,0.3491234116367004,Medium,15.937483741215374,0
4320-QMLLA,7,Month-to-month,54.85,370.4,0.34909745998060904,Medium,19.147995679936407,0
9767-FFLEM,38,Month-to-month,69.5,2625.25,0.3486064924155778,Medium,24.228151222882655,0
2277-DJJDL,60,Month-to-month,99.0,6017.9,0.34860381982336347,Medium,34.51177816251298,0
3683-QKIUE,6,Month-to-month,50.8,288.05,0.3485510752517649,Medium,17.706394622789656,1
2207-QPJED,37,Month-to-month,90.0,3371.75,0.34835502977235516,Medium,31.351952679511964,0
1548-FEHVL,61,Month-to-month,106.2,6375.2,0.3483414336502352,Medium,36.99386025365498,0
7356-IWLFW,46,Month-to-month,80.0,3769.7,0.3481708952467722,Medium,27.853671619741775,0
7576-JMYWV,46,Month-to-month,110.2,4972.1,0.34802597655871614,Medium,38.35246261677052,0
7000-WCEVQ,20,Month-to-month,61.6,1174.35,0.34783596700304353,Medium,21.426695567387483,1
9029-FEGVJ,32,Month-to-month,79.3,2570.0,0.3477448671807817,Medium,27.576167967435985,0
5649-VUKMC,12,One year,95.5,1115.15,0.34752910676959686,Medium,33.1890296964965,1
1550-LOAHA,32,Month-to-month,84.15,2585.95,0.3474124267200348,Medium,29.23475570849093,1
8149-AIQCG,39,Month-to-month,73.15,2730.85,0.34698864702940685,Medium,25.382219530201112,0
0089-IIQKO,39,Month-to-month,99.95,3767.4,0.34683260051025006,Medium,34.665918420999496,0
3639-XJHKQ,19,Month-to-month,60.6,1297.8,0.34675359293286395,Medium,21.013267731731556,0
4647-XXZAM,6,Month-to-month,45.5,285.2,0.3464972080908906,Medium,15.76562296813552,0
6874-SGLHU,30,One year,97.0,3021.3,0.34648925055927665,Medium,33.60945730424984,0
3162-ZJZFU,53,Month-to-month,92.55,4779.45,0.34612301747630525,Medium,32.03368526743205,0
1213-NGCUN,6,Month-to-month,49.65,267.35,0.34609243369790393,Medium,17.18348933310093,1
2108-XWMPY,3,Month-to-month,35.45,106.85,0.3455879556472519,Medium,12.251093027695081,1
6253-WRFHY,13,One year,64.75,877.35,0.34555237469590167,Medium,22.374516261559634,0
1465-LNTLJ,8,Month-to-month,64.4,581.7,0.34553449803515923,Medium,22.252421673464255,0
0811-GSDTP,13,Month-to-month,30.15,382.2,0.34548334147204196,Medium,10.416322745382065,0
5939-XAIXZ,19,Month-to-month,56.1,1033.9,0.3453994405887747,Medium,19.37690861703026,0
5973-EJGDP,51,Month-to-month,87.35,4473.0,0.34522613565233773,Medium,30.1555029492317,0
2712-SYWAY,1,Month-to-month,25.7,25.7,0.34522022196817104,Medium,8.872159704581996,0
7993-NQLJE,15,Month-to-month,75.1,1151.55,0.34408285019329016,Medium,25.84062204951609,0
5312-UXESG,41,Month-to-month,98.05,3990.6,0.34389697521241247,Medium,33.719098419577044,0
7636-OWBPG,12,Month-to-month,29.35,381.2,0.34383754869133915,Medium,10.091632054090804,0
5759-RCVCB,3,Month-to-month,35.2,108.95,0.34377034167966913,Medium,12.100716027124355,1
8535-SFUTN,61,Month-to-month,106.45,6300.15,0.3437288287142119,Medium,36.589933816627855,0
2325-WINES,32,One year,104.05,3416.85,0.3437202776292416,Medium,35.76409488732259,0
4250-FDVOU,6,Month-to-month,56.25,389.1,0.34356583421478426,Medium,19.325578174581615,1
8676-OOQEJ,4,Month-to-month,30.5,118.4,0.34342574995723757,Medium,10.474485373695746,0
2075-RMJIK,5,Month-to-month,49.4,232.55,0.34328296940099373,Medium,16.958178688409088,0
7130-YXBRO,48,Month-to-month,111.45,5315.1,0.3431022328491708,Medium,38.238743851040084,0
5339-TJFEK,62,Month-to-month,105.5,6487.2,0.34292593623481665,Medium,36.178686272773156,0
1442-BQPVU,13,Month-to-month,29.15,357.15,0.3428995774136598,Medium,9.995522681608183,0
3842-QTGDL,16,Month-to-month,80.75,1321.3,0.34249734617541716,Medium,27.656660703664937,0
5843-TTHGI,18,Month-to-month,50.0,892.7,0.34234354471786843,Medium,17.117177235893422,0
0786-VSSUD,16,Month-to-month,39.0,679.85,0.34187911635253165,Medium,13.333285537748734,1
7064-FRRSW,48,One year,99.0,4744.35,0.3417358478568459,Medium,33.83184893782774,0
3567-PQTSO,53,One year,105.25,5576.3,0.3416916839787246,Medium,35.963049738760766,0
4238-HFHSN,61,Month-to-month,82.15,4904.85,0.34148483316750433,Medium,28.052979044710483,0
9780-FKVVF,6,Month-to-month,59.15,336.7,0.34143323966867856,Medium,20.195776126402336,0
8069-YQQAJ,14,Month-to-month,31.1,419.7,0.3413617615486226,Medium,10.616350784162163,0
0003-MKNFE,9,Month-to-month,59.9,542.4,0.3411616153603914,Medium,20.435580760087444,0
8761-NSOBC,44,Month-to-month,100.55,4398.15,0.3411028285116453,Medium,34.29788940684593,1
7410-KTVFV,18,Month-to-month,49.55,878.35,0.34098704812572594,Medium,16.89590823462972,1
0129-KPTWJ,72,Month-to-month,94.65,6747.35,0.34096819710899195,Medium,32.27263985636609,0
1450-SKCVI,56,Month-to-month,73.85,4092.85,0.3408361968679173,Medium,25.170753138695687,1
0257-ZESQC,27,Month-to-month,75.2,1929.35,0.34062049965424634,Medium,25.614661573999324,1
6770-XUAGN,1,Month-to-month,21.0,21.0,0.340379863327778,Medium,7.147977129883338,1
0419-YAAPX,49,Month-to-month,85.3,4297.95,0.3403202179114907,Medium,29.029314587850156,0
0567-GGCAC,7,Month-to-month,61.4,438.9,0.33981933935634995,Medium,20.864907436479886,0
1370-GGAWX,46,One year,94.15,4408.45,0.339291628461921,Medium,31.944306819689864,0
2320-JRSDE,1,Month-to-month,19.9,19.9,0.33925176282453934,Medium,6.751110080208332,1
0107-WESLM,1,Month-to-month,19.85,19.85,0.3392005287522357,Medium,6.73313049573188,1
4109-CYRBD,29,Month-to-month,51.6,1442.0,0.33911084189350066,Medium,17.498119441704635,0
3838-OZURD,66,Month-to-month,105.0,7133.25,0.3391082174265675,Medium,35.60636282978959,1
6854-EXGSF,8,Month-to-month,65.5,573.15,0.3389378211692874,Medium,22.200427286588322,0
9174-FKWZE,1,Month-to-month,19.45,19.45,0.3387907918253876,Medium,6.589480901003789,1
7766-CLTIC,10,Month-to-month,60.95,629.55,0.33864674403066825,Medium,20.64051904866923,0
1074-AMIOH,53,Month-to-month,108.25,5935.1,0.3385877849481839,Medium,36.65212772064091,0
3207-OYBWH,57,Month-to-month,95.25,5427.05,0.3383778315334815,Medium,32.230488453564114,1
4480-MBMLB,36,One year,104.8,3886.45,0.33815376036235223,Medium,35.43851408597451,0
2676-OXPPQ,6,Month-to-month,55.7,335.65,0.338049404202669,Medium,18.829351814088664,0
5882-CMAZQ,5,Month-to-month,34.25,163.55,0.3380380502173461,Medium,11.577803219944105,0
2810-FTLEM,16,Month-to-month,50.15,762.25,0.3379741708026732,Medium,16.949404665754063,1
0013-MHZWF,9,Month-to-month,69.4,571.45,0.3377825498029281,Medium,23.442108956323214,0
5600-PDUJF,6,Month-to-month,49.5,312.7,0.33770125626927644,Medium,16.716212185329184,0
3082-VQXNH,3,Month-to-month,29.8,94.4,0.33763794865347696,Medium,10.061610869873613,0
0486-HECZI,55,Month-to-month,96.75,5238.9,0.3376246106440848,Medium,32.665181079815206,1
8016-NCFVO,55,Month-to-month,116.5,6382.55,0.33756098191141803,Medium,39.3258543926802,0
3062-ICYZQ,51,Month-to-month,93.8,4539.35,0.33745143178588055,Medium,31.652944301515596,0
0618-XWMSS,28,Month-to-month,74.9,2068.55,0.33738152347825306,Medium,25.269876108521157,1
9170-CCKOU,17,Month-to-month,90.2,1454.15,0.33709034956866873,Medium,30.40554953109392,1
3452-ABWRL,47,Month-to-month,86.05,3865.6,0.3370819031517014,Medium,29.005897766203905,0
5778-BVOFB,9,Month-to-month,59.5,530.05,0.3367442886709448,Medium,20.036285175921215,0
6821-JPCDC,48,One year,97.05,4692.95,0.33656963475061796,Medium,32.664083052547475,0
3023-GFLBR,33,Month-to-month,86.15,2745.7,0.3365353149948598,Medium,28.992517386807172,1
0431-APWVY,28,One year,90.1,2598.95,0.3365089764237071,Medium,30.319458775776006,1
3096-JRDSO,27,Month-to-month,104.3,2867.75,0.33639058067903566,Medium,35.08553756482342,1
5949-HGVJL,26,Month-to-month,73.05,1959.5,0.33617872141021016,Medium,24.557855599015852,0
9079-YEXQJ,54,Month-to-month,111.1,6014.85,0.33612157843124424,Medium,37.34310736371123,1
3058-WQDRE,13,Month-to-month,25.15,331.85,0.335883748650224,Medium,8.447476278553134,0
1174-FGIFN,28,One year,90.45,2509.25,0.3354193226142691,Medium,30.338677730460642,0
0215-BQKGS,30,Month-to-month,84.3,2438.6,0.33526759891808744,Medium,28.26305858879477,0
3814-MLAXC,31,Month-to-month,79.85,2404.15,0.3351137982357681,Medium,26.75883678912608,1
2455-USLMV,31,Month-to-month,84.75,2613.4,0.335030631013435,Medium,28.393845978388615,0
3143-ILDAL,56,Month-to-month,94.45,5124.6,0.3344333640196996,Medium,31.587231231660628,1
4851-BQDNX,40,One year,85.05,3355.65,0.33433514674354153,Medium,28.435204230538208,0
5055-MGMGF,65,Month-to-month,105.05,6914.95,0.3342964676344233,Medium,35.117843924996166,0
2927-QRRQV,46,One year,94.65,4312.5,0.3336462658330819,Medium,31.5796190611012,0
1891-FZYSA,69,Month-to-month,89.95,6143.15,0.33337465245416487,Medium,29.98704998825213,1
3709-OIJEA,26,One year,85.2,2184.6,0.33333109137500483,Medium,28.39980898515041,0
8468-EHYJA,57,Month-to-month,99.65,5497.05,0.33323342015929436,Medium,33.20671031887368,0
5780-INQIK,8,Month-to-month,49.4,408.25,0.3326866196392615,Medium,16.434719010179517,0
4452-QIIEB,7,Month-to-month,43.9,278.4,0.33264743139281994,Medium,14.603222238144795,0
8399-YNDCH,21,Month-to-month,60.05,1236.15,0.3324081114398944,Medium,19.96110709196566,1
9169-BSVIN,12,Month-to-month,74.75,827.05,0.3320768917807911,Medium,24.822747660614134,0
2403-BCASL,41,One year,111.95,4534.9,0.3315747997453262,Medium,37.11979883148927,1
9681-KYGYB,49,Month-to-month,88.2,4159.45,0.331513177161244,Medium,29.239462225621722,0
2985-JUUBZ,40,Month-to-month,74.55,3015.75,0.331457073391513,Medium,24.710124821337292,0
0520-FDVVT,35,One year,102.35,3626.1,0.3310374610026544,Medium,33.881684133621675,1
8049-WJCLQ,10,Month-to-month,60.2,563.5,0.3309775808385222,Medium,19.92485036647904,0
6202-DYYFX,22,One year,76.0,1783.6,0.33087199825858676,Medium,25.146271867652594,0
6946-LMSQS,25,One year,89.05,2177.45,0.3302773986994682,Medium,29.411202354187644,1
6614-VBEGU,24,Month-to-month,69.45,1614.05,0.3300660996137819,Medium,22.923090618177156,0
7587-AOVVU,27,Month-to-month,100.75,2793.55,0.3298357896458423,Medium,33.23095580681861,0
4257-GAESD,6,Month-to-month,45.0,298.7,0.32977953927345244,Medium,14.84007926730536,0
5981-ZVXOT,35,One year,108.35,3726.15,0.3293526180029487,Medium,35.685356160619484,0
5118-MUEYH,48,Month-to-month,105.1,5083.55,0.32930456556116405,Medium,34.60990984047834,0
5035-PGZXH,56,One year,106.8,5914.4,0.32929927680224236,Medium,35.16916276247948,0
2842-BCQGE,43,Month-to-month,75.35,3161.4,0.3292361349049047,Medium,24.80794276508457,0
2207-OBZNX,7,Month-to-month,51.0,354.05,0.3289290346609244,Medium,16.775380767707144,1
1169-WCVAK,19,Month-to-month,88.8,1672.35,0.3288270897674442,Medium,29.19984557134904,0
4827-USJHP,20,Month-to-month,51.8,1023.85,0.3288067524296367,Medium,17.03218977585518,0
7730-IUTDZ,43,Month-to-month,75.2,3198.6,0.3287230033827892,Medium,24.71996985438575,1
4456-RHSNB,19,Month-to-month,49.6,962.9,0.3286523172654928,Medium,16.301154936368444,0
5349-AZPEW,5,Month-to-month,25.05,125.5,0.32853866601938475,Medium,8.229893583785588,0
7854-EKTJL,2,Month-to-month,19.6,35.85,0.3282040972578156,Medium,6.432800306253186,1
3258-SANFR,6,Month-to-month,44.7,276.5,0.3280948665383787,Medium,14.665840534265529,0
3845-FXCYS,2,Month-to-month,19.65,31.2,0.3279582947093759,Medium,6.444380491039236,0
9626-WEQRM,4,Month-to-month,29.15,110.05,0.32793571206627276,Medium,9.559326006731851,0
7758-XKCBS,15,Month-to-month,29.7,438.25,0.32773599813383936,Medium,9.733759144575028,1
7054-ENNGU,9,Month-to-month,50.85,466.6,0.32770687616788274,Medium,16.66389465313684,0
7271-AJDTL,55,Month-to-month,94.45,5073.1,0.3276493414969714,Medium,30.94648030438895,0
8455-HIRAQ,8,Month-to-month,44.45,369.3,0.3272047340738219,Medium,14.544250429581384,0
3194-ORPIK,50,Month-to-month,84.4,4116.15,0.3271635077815926,Medium,27.612600056766418,1
2360-RDGRO,65,Month-to-month,104.25,6812.95,0.3270839659794755,Medium,34.098503453360316,0
6704-UTUKK,29,Month-to-month,45.9,1332.4,0.32672871246710805,Medium,14.996847902240258,0
0080-OROZO,35,One year,99.25,3532.0,0.3264196077529227,Medium,32.39714606947758,0
6180-YBIQI,5,Month-to-month,24.3,100.2,0.3262382522142367,Medium,7.927589528805952,0
6896-SRVYQ,44,Month-to-month,73.85,3122.4,0.3261506849228465,Medium,24.08622808155221,0
6633-SYEUS,23,Month-to-month,83.2,2032.3,0.3256389492825474,Medium,27.093160580307945,0
7449-HVPIV,55,Month-to-month,90.4,5099.15,0.325470112632105,Medium,29.422498181942295,0
5423-BHIXO,32,Month-to-month,54.2,1739.6,0.32521038270268127,Medium,17.626402742485325,0
8552-OBVRU,48,Month-to-month,104.5,5068.05,0.32505198825393455,Medium,33.96793277253616,0
3604-WLABM,10,Month-to-month,54.25,583.0,0.3249220360494637,Medium,17.627020455683404,0
8647-SDTWQ,57,Month-to-month,74.3,4018.35,0.324777556119912,Medium,24.13097241970946,0
4007-NHVHI,56,Month-to-month,96.85,5219.65,0.3247702829364968,Medium,31.454001902399714,0
1357-BIJKI,50,One year,98.25,4858.7,0.3247520736715869,Medium,31.906891238233417,0
5149-TGWDZ,21,One year,104.55,2239.4,0.32430348388428615,Medium,33.90592924010212,0
9327-QSDED,8,Month-to-month,43.55,335.4,0.32422925436453326,Medium,14.120184027575423,0
0177-PXBAT,33,Month-to-month,109.9,3694.7,0.3237054637118228,Medium,35.57523046192933,0
5651-WYIPH,18,Month-to-month,49.85,865.75,0.3235200169669119,Medium,16.127472845800558,0
4176-FXYBO,54,Month-to-month,109.55,6118.95,0.32328839479112137,Medium,35.416243649367345,0
6954-OOYZZ,18,Month-to-month,44.35,768.05,0.32310792692025153,Medium,14.329836558913156,0
0397-GZBBC,59,Month-to-month,93.85,5574.75,0.3229532186886773,Medium,30.309159573932366,1
1421-HCERK,30,Month-to-month,105.7,3181.8,0.3224510720205761,Medium,34.0830783125749,0
1848-LBZHY,7,Month-to-month,50.3,355.1,0.32244833301098513,Medium,16.21915115045255,0
9889-TMAHG,8,Month-to-month,100.3,832.35,0.3217024819258358,Medium,32.26675893716133,1
4608-LCIMN,8,Month-to-month,44.65,369.15,0.32150781121776256,Medium,14.355323770873097,0
4905-JEFDW,11,One year,41.6,470.6,0.32121136746738194,Medium,13.36239288664309,1
3164-AALRN,5,One year,70.0,347.4,0.32120132198861284,Medium,22.484092539202898,1
6537-QLGEX,16,Month-to-month,38.9,664.4,0.3211439471831414,Medium,12.492499545424199,0
4097-YODCF,34,One year,103.8,3470.8,0.3206799752413328,Medium,33.28658143005034,0
4080-IIARD,13,Month-to-month,76.2,981.45,0.3206015674911829,Medium,24.42983944282814,0
8980-WQFWL,35,Month-to-month,62.1,2096.1,0.3201577089322075,Medium,19.881793724690088,0
2792-VPPET,3,Month-to-month,20.5,76.95,0.32002103534144444,Medium,6.560431224499611,0
3030-YZADT,9,Month-to-month,44.95,431.0,0.3199424188121995,Medium,14.381411725608368,1
6362-QHAFM,42,One year,108.3,4586.15,0.319727429033964,Medium,34.6264805643783,0
2003-CKLOR,66,Month-to-month,99.5,6710.5,0.3196981932631926,Medium,31.809970229687664,1
7826-VVKWT,24,Two year,96.55,2263.45,0.31933296280358126,Medium,30.83159755868577,0
0422-UXFAP,51,One year,98.85,4947.55,0.3192959283499589,Medium,31.562402517393437,0
5274-XHAKY,41,Month-to-month,94.3,3893.6,0.3189444571659957,Medium,30.076462310753392,0
0603-OLQDC,12,Month-to-month,69.85,837.5,0.31889412177965093,Medium,22.274754406308617,0
3195-TQDZX,3,Month-to-month,20.25,61.45,0.31882485763451474,Medium,6.456203367098923,0
2828-SLQPF,19,Month-to-month,45.0,865.85,0.3182677383565622,Medium,14.322048226045299,0
6572-ADKRS,46,Month-to-month,74.8,3548.3,0.3181509499946434,Medium,23.797691059599323,0
2087-QAREY,22,Month-to-month,54.7,1178.75,0.318038162615203,Medium,17.396687495051605,0
5804-HYIEZ,70,Month-to-month,106.05,7554.05,0.31720595341542723,Medium,33.639691359706056,0
2615-YVMYX,71,Month-to-month,107.5,7713.55,0.3169565350759176,Medium,34.07282752066114,0
5141-ZUVBH,9,Month-to-month,93.0,870.25,0.31653221602776865,Medium,29.437496090582485,0
3404-JNXAX,51,Month-to-month,80.75,4116.9,0.31644148106367415,Medium,25.552649595891687,0
1842-EZJMK,50,Month-to-month,103.7,5071.05,0.31641517959358545,Medium,32.812254123854814,1
3733-ZEECP,22,Month-to-month,51.1,1232.9,0.3164138066210305,Medium,16.16874551833466,0
3466-BYAVD,15,Month-to-month,69.5,1071.4,0.31622188274805385,Medium,21.97742085098974,0
8065-BVEPF,65,Month-to-month,99.1,6496.15,0.3160237265307295,Medium,31.317951299195293,0
1541-ETJZO,1,Month-to-month,62.05,62.05,0.31553052068482196,Medium,19.5786688084932,1
9912-OMZDS,59,One year,106.15,6256.2,0.31532987021455644,Medium,33.47226572327517,0
3521-SYVOR,37,Month-to-month,64.75,2345.2,0.31509527424637623,Medium,20.40241900745286,1
4672-FOTSD,12,Month-to-month,67.25,832.3,0.31452698526605377,Medium,21.151939759142117,0
1587-FKLZB,66,Month-to-month,99.5,6822.15,0.31436812911767714,Medium,31.279628847208876,1
3845-JHAMY,16,Month-to-month,35.5,552.7,0.31373692181855817,Medium,11.137660724558815,0
1582-RAFML,1,Month-to-month,60.1,60.1,0.3136084898880565,Medium,18.847870242272197,1
5707-ORNDZ,9,Month-to-month,54.55,494.05,0.31354144809509576,Medium,17.103685993587472,1
9812-GHVRI,40,Month-to-month,83.85,3532.25,0.31326539937193904,Medium,26.267303737337087,0
5651-CPDND,10,Month-to-month,46.0,492.1,0.31323631029815513,Medium,14.408870273715136,0
0774-IFUVM,11,Month-to-month,65.15,723.35,0.3131398778190382,Medium,20.40106303991034,0
5371-VYLSX,50,Month-to-month,83.4,4113.7,0.3126066999778601,Medium,26.071398778153537,0
4459-BBGHE,30,Month-to-month,44.5,1307.8,0.31238066368291867,Medium,13.900939533889881,0
3255-GRXMG,18,Month-to-month,45.65,747.2,0.3122693354723297,Medium,14.25509516431185,0
7530-HDYDS,38,Month-to-month,84.25,3264.5,0.3119375615008806,Medium,26.28073955644919,1
0060-FUALY,59,Month-to-month,94.75,5597.65,0.3117904481545479,Medium,29.542144962643412,0
4098-NAUKP,68,Month-to-month,84.65,5683.6,0.31129226000617843,Medium,26.350889809523007,0
8564-LDKFL,40,One year,106.0,4178.65,0.3111586514810476,Medium,32.982817056991045,0
1470-PSXNM,49,One year,93.65,4520.15,0.3109780204193681,Medium,29.123091612273825,0
0734-OXWBT,3,Month-to-month,70.7,225.65,0.31077998265043394,Medium,21.97214477338568,0
8623-ULFNQ,26,Month-to-month,66.05,1652.4,0.3104192231911396,Medium,20.50318969177477,0
3898-GUYTS,45,Month-to-month,97.05,4385.05,0.3102520691329523,Medium,30.109963309353017,0
4250-WAROZ,60,Month-to-month,93.25,5774.55,0.30990105460415834,Medium,28.898273341837765,0
6898-MDLZW,12,Month-to-month,53.75,648.65,0.3098862509091491,Medium,16.656385986366764,0
7549-MYGPK,63,Month-to-month,100.55,6215.35,0.3095609711616429,Medium,31.126355650303193,1
4829-AUOAX,46,Month-to-month,96.05,4399.5,0.3094982681201475,Medium,29.72730865294017,1
0727-BMPLR,55,One year,100.0,5509.3,0.30931108017817127,Medium,30.931108017817127,1
2669-OIDSD,48,Month-to-month,100.05,4834.0,0.3091035838171212,Medium,30.925813560902977,0
2886-KEFUM,63,One year,107.5,6873.75,0.3089907718989161,Medium,33.21650797913348,1
6133-OZILE,18,Month-to-month,35.2,607.3,0.30886448715114545,Medium,10.872029947720321,0
8095-WANWK,10,Month-to-month,45.25,428.7,0.30866438613735697,Medium,13.967063472715402,0
3577-AMVUX,1,Month-to-month,55.05,55.05,0.3086606702107609,Medium,16.991769895102387,0
3097-PYWXL,4,Month-to-month,19.95,82.9,0.3084674777302387,Medium,6.153926180718262,0
1049-FYSYG,17,Month-to-month,35.65,646.05,0.30824440321521024,Medium,10.988912974622245,0
5018-GWURO,56,Month-to-month,85.6,4902.8,0.30814776367251034,Medium,26.377448570366884,0
8812-ZRHFP,30,One year,86.45,2538.05,0.3076882933406435,Medium,26.599652959298634,0
3522-CDKHF,32,Month-to-month,75.5,2324.7,0.30766945560038805,Medium,23.2290438978293,0
9544-PYPSJ,62,Month-to-month,96.1,6019.35,0.3074654275217667,Medium,29.547427584841778,0
2519-LBNQL,60,One year,104.35,6339.45,0.30742286979551176,Medium,32.07957646316165,0
4323-SADQS,7,Month-to-month,34.5,279.25,0.30731997271782197,Medium,10.602539058764858,1
4396-KLSEH,4,Month-to-month,19.85,63.0,0.307164069187265,Medium,6.097206773367211,0
3345-JHUEO,4,Month-to-month,20.2,55.7,0.3070391724672283,Medium,6.202191283838011,0
6726-WEXXK,27,One year,85.9,2220.1,0.30700417307083006,Medium,26.371658466784304,0
5697-GOMBF,28,Month-to-month,35.9,973.65,0.3067266212591081,Medium,11.01148570320198,0
0363-QJVFX,32,Month-to-month,108.15,3432.9,0.30665810888965006,Medium,33.165074476415654,1
6891-JPYFF,48,Month-to-month,105.25,4997.5,0.30651141368742624,Medium,32.26032629060161,0
8705-DWKTI,52,Month-to-month,83.8,4331.4,0.3062688902149103,Medium,25.665333000009486,0
2452-KDRRH,67,Month-to-month,101.4,6841.05,0.305934933959056,Medium,31.021802303448283,0
9522-BNTHX,34,Month-to-month,56.25,1765.95,0.3058622206818764,Medium,17.20474991335555,0
2709-UQGNP,10,Month-to-month,51.65,524.5,0.3056770840934952,Medium,15.788221393429026,0
6897-UUBNU,29,Month-to-month,89.65,2623.65,0.30528649452246887,Medium,27.368934233939335,0
3452-SRFEG,49,Month-to-month,74.6,3720.35,0.30507926452967493,Medium,22.758913133913747,0
9564-KCLHR,1,Month-to-month,51.25,51.25,0.3049662111138213,Medium,15.62951831958334,1
6483-OATDN,8,Month-to-month,51.3,411.6,0.30477015526599094,Medium,15.634708965145334,0
8327-LZKAS,43,One year,107.55,4533.9,0.3044622361076585,Medium,32.74491349337867,1
4377-VDHYI,32,One year,90.8,3023.85,0.304024532988867,Medium,27.605427595389123,0
1329-VHWNP,7,Month-to-month,25.05,189.95,0.3038326907184677,Medium,7.611008902497616,0
3162-KKZXO,55,One year,100.15,5409.75,0.30340030183894395,Medium,30.38554022917024,0
2585-KTFRE,1,Month-to-month,70.45,70.45,0.30329622968737163,Medium,21.367219381475334,0
3058-HJCUY,41,One year,102.6,4213.35,0.3029978122944907,Medium,31.087575541414743,1
2257-BOVXD,14,Month-to-month,66.6,979.5,0.3029364988353755,Medium,20.175570822436004,0
6029-CSMJE,17,Month-to-month,25.65,440.2,0.3028812704767634,Medium,7.76890458772898,0
2273-QCKXA,1,Month-to-month,49.05,49.05,0.3028386974492925,Medium,14.854238109887795,0
6839-ITVZJ,26,Month-to-month,60.05,1616.15,0.3027501306309779,Medium,18.180145344390223,1
6507-DTJZV,13,Month-to-month,66.4,831.75,0.30241463156148424,Medium,20.080331535682554,0
1996-DBMUS,48,Month-to-month,70.65,3545.05,0.30210271165016533,Medium,21.343556578084183,0
6807-SIWJI,38,One year,104.85,3887.25,0.30175654456481776,Medium,31.63917369762114,0
3865-QBWSJ,38,Month-to-month,80.45,3162.65,0.3012732810577611,Medium,24.23743546109688,0
6917-YACBP,59,Month-to-month,89.75,5496.9,0.3011155679595192,Medium,27.02512222436685,0
4488-KQFDT,61,One year,103.95,6423.0,0.30090596660603197,Medium,31.279175228697024,0
9667-EQRXU,30,Month-to-month,40.3,1172.95,0.3003646677785252,Medium,12.104696111474565,1
1215-FIGMP,60,Month-to-month,89.9,5450.7,0.30035967398856844,Medium,27.002334691572305,0
8677-HDZEE,56,Month-to-month,105.45,5916.95,0.30034206313940537,Medium,31.671070558050296,0
0420-BWTPW,8,Month-to-month,25.5,215.2,0.3002477741725101,Medium,7.656318241399007,1
6366-XIVKZ,13,Month-to-month,63.15,816.8,0.30017774455339696,Medium,18.956224568547018,0
3043-TYBNO,3,Month-to-month,60.65,196.9,0.2999022318254537,Low,18.18907036021377,0
7776-QGYJC,39,Month-to-month,81.5,3107.3,0.2991923090671509,Low,24.3841731889728,0
8201-AAXCB,25,Month-to-month,60.35,1404.65,0.2988478678688043,Low,18.03546882588234,0
2040-VZIKE,49,Month-to-month,100.85,4847.35,0.29842785164321023,Low,30.09644883821775,0
5686-CMAWK,17,One year,86.75,1410.25,0.29829719936985255,Low,25.87728204533471,0
8148-BPLZQ,34,Month-to-month,49.8,1734.2,0.29812265423660633,Low,14.846508180982994,0
3707-LRWZD,32,One year,84.05,2781.85,0.2978695601863447,Low,25.03593653366227,1
7596-LDUXP,12,One year,85.15,979.05,0.2976616020187938,Low,25.345885411900294,0
0327-WFZSY,39,One year,100.0,3835.55,0.2976270654613971,Low,29.76270654613971,0
5336-UFNZP,65,One year,107.45,7047.5,0.2970655741323289,Low,31.919695940518743,0
0880-FVFWF,56,Month-to-month,86.4,4922.4,0.2969855272446338,Low,25.659549553936362,0
1596-BBVTG,35,Month-to-month,75.35,2636.05,0.2968533954339481,Low,22.36790334594799,1
0867-LDTTC,5,Month-to-month,75.15,392.65,0.29683826181316597,Low,22.307395375259425,0
7621-VPNET,42,Month-to-month,85.9,3729.75,0.2967435640410887,Low,25.49027215112952,0
2929-QNSRW,56,One year,98.25,5508.35,0.29648850116019687,Low,29.12999523898934,1
9776-OJUZI,65,Month-to-month,95.45,6223.3,0.2961397290615809,Low,28.2665371389279,0
4307-KWMXE,10,Month-to-month,35.75,389.8,0.29613829374800926,Low,10.58694400149133,0
2433-KMEAS,22,Month-to-month,54.45,1127.35,0.2958142368815505,Low,16.107085198200426,1
4439-YRNVD,10,Month-to-month,36.25,374.0,0.2956436868681362,Low,10.717083648969936,0
5172-MIGPM,4,Month-to-month,65.55,237.2,0.29562765369493926,Low,19.37839269970327,0
1703-MGIAB,17,Month-to-month,69.0,1108.0,0.29550525664165234,Low,20.389862708274013,0
5198-HQAEN,35,One year,89.7,3165.6,0.29523473178527143,Low,26.48255544113885,0
8329-UTMVM,27,One year,104.65,2964.0,0.2950300837462245,Low,30.874898264042397,0
7966-YOTQW,10,Month-to-month,54.5,568.2,0.294811622322178,Low,16.0672334165587,0
1658-XUHBX,59,Month-to-month,88.75,5348.65,0.2939365230531065,Low,26.086866420963204,0
5201-USSQZ,26,Month-to-month,85.9,2196.45,0.29359579557250315,Low,25.21987883967802,0
6668-CNMFP,19,One year,89.35,1686.85,0.29358239124545454,Low,26.23158665778136,0
5701-ZIKJE,13,Month-to-month,50.55,610.75,0.29355882785990095,Low,14.839398748317992,0
2843-CQMEG,24,Month-to-month,49.7,1218.25,0.2934134625280285,Low,14.582649087643018,0
1104-FEJAM,28,Month-to-month,64.4,1802.15,0.29303541511203623,Low,18.871480733215137,0
6360-SVNWV,31,Month-to-month,73.55,2094.65,0.2928021731064093,Low,21.535599831976405,0
1193-RTSLK,38,Month-to-month,83.9,3233.6,0.2926390564419646,Low,24.55241683548083,1
2011-TRQYE,18,Month-to-month,33.5,600.0,0.2924156593983875,Low,9.795924589845981,1
8257-RZAHR,14,Month-to-month,64.7,941.0,0.29233373126674417,Low,18.913992412958347,1
2043-WVTQJ,1,Month-to-month,55.7,55.7,0.2922237943659261,Low,16.276865346182085,0
0924-BJCRC,60,Month-to-month,89.45,5294.6,0.2920970943395454,Low,26.128085088672336,0
8910-LEDAG,34,Month-to-month,71.55,2427.35,0.292078407219175,Low,20.89821003653197,0
7067-KSAZT,65,One year,106.25,6979.8,0.2919758914732977,Low,31.022438469037883,1
0979-PHULV,69,Month-to-month,99.45,7007.6,0.29196430793113887,Low,29.03585042375176,1
8108-UXRQN,11,Month-to-month,50.55,565.35,0.29187424814817087,Low,14.754243243890036,0
9158-VCTQB,41,Month-to-month,113.6,4594.95,0.29167114352218354,Low,33.13384190412005,1
0820-FNRNX,17,Month-to-month,66.7,1077.05,0.29162628488337,Low,19.45147320172078,0
9881-VCZEP,25,Month-to-month,54.1,1373.0,0.2913941763261044,Low,15.76442493924225,0
3521-MNKLV,24,Month-to-month,49.7,1167.8,0.29043233776462707,Low,14.434487186901967,0
2049-BAFNW,1,Month-to-month,35.9,35.9,0.2902994678941762,Low,10.421750897400926,0
5136-RGMZO,31,Month-to-month,71.05,2168.15,0.29026314354083765,Low,20.623196348576514,0
8840-DQLGN,35,Month-to-month,100.5,3653.35,0.29011526608225235,Low,29.156584241266362,1
5243-SAOTC,54,Month-to-month,79.85,4308.25,0.28956960048867214,Low,23.122132599020468,0
7246-ZGQDF,1,Month-to-month,54.5,54.5,0.28953459667191084,Low,15.779635518619141,0
1794-SWWKL,15,Month-to-month,59.65,867.1,0.28933504904993146,Low,17.25883567582841,0
7245-JMTTQ,51,One year,111.5,5703.25,0.28933307447366063,Low,32.26063780381316,0
4462-CYWMH,62,Month-to-month,89.8,5629.55,0.2888838699205393,Low,25.94177151886443,0
8679-JOEVF,16,Month-to-month,59.4,1023.9,0.28886424973032226,Low,17.15853643398114,1
2883-ILGWO,57,Month-to-month,104.9,5913.95,0.2886711454348252,Low,30.281603156113164,0
6429-SHBCB,19,Month-to-month,69.6,1394.55,0.2885223572675472,Low,20.081156065821286,0
4361-BKAXE,41,Month-to-month,114.5,4527.45,0.2884916517168648,Low,33.03229412158102,1
6353-BRMMA,54,Month-to-month,104.1,5645.8,0.2881808857330314,Low,29.999630204808568,0
6917-IAYHD,1,Month-to-month,33.6,33.6,0.288138066485119,Low,9.6814390339,0
8082-GHXOP,13,Month-to-month,44.0,659.35,0.2880899608615643,Low,12.67595827790883,0
8695-WDYEA,1,Month-to-month,51.25,51.25,0.2880342039490081,Low,14.761752952386665,0
9537-VHDTA,1,Month-to-month,51.2,51.2,0.28798733352743294,Low,14.744951476604568,0
2100-BDNSN,5,Month-to-month,67.95,350.3,0.2879498848758449,Low,19.56619467731366,1
3541-ZNUHK,55,Month-to-month,85.1,4600.95,0.28777877171816046,Low,24.489973473215453,0
9419-IPPBE,51,One year,90.15,4554.85,0.2877052068482554,Low,25.936624397370228,0
5485-WUYWF,2,Month-to-month,66.4,94.55,0.28752809605683977,Low,19.09186557817416,1
8976-OQHGT,4,Month-to-month,56.5,235.1,0.2874931495823999,Low,16.243362951405594,1
2947-DOMLJ,1,Month-to-month,50.6,50.6,0.28742524293748833,Low,14.54371729263691,1
6646-QVXLR,62,One year,103.75,6383.35,0.287380200235028,Low,29.815695774384157,1
3349-ANQNH,59,One year,99.5,5890.0,0.28730624078189443,Low,28.586970957798496,0
5445-GLVOT,22,Month-to-month,49.8,1049.05,0.2870772056782838,Low,14.296444842778534,0
2607-FBDFF,1,Month-to-month,49.0,49.0,0.28690328339827925,Low,14.058260886515683,0
1453-RZFON,1,Month-to-month,49.9,49.9,0.2867702985952259,Low,14.309837899901773,0
1422-DGUBX,32,One year,79.25,2619.15,0.2865488006249142,Low,22.70899244952445,0
4937-QPZPO,61,One year,99.9,6241.35,0.28653502797540276,Low,28.624849294742738,0
2604-XVDAM,12,Month-to-month,43.8,540.95,0.2863391261309307,Low,12.541653724534765,0
3566-VVORZ,12,Month-to-month,45.9,505.95,0.28613359444557374,Low,13.133531985051834,0
2382-BCKQJ,62,One year,100.15,6413.65,0.2859965983711296,Low,28.642559326868632,1
8450-JOVAH,2,Month-to-month,56.7,113.55,0.2856211139487805,Low,16.194717160895856,1
0481-SUMCB,45,One year,102.15,4735.35,0.2855951656614609,Low,29.173546172318236,0
7950-XWOVN,11,Month-to-month,34.7,383.55,0.2854772316547515,Low,9.906059938419878,0
4983-CLMLV,52,Month-to-month,102.7,5138.1,0.2853914613459712,Low,29.309703080231245,0
1685-VAYJF,11,Month-to-month,45.2,492.0,0.28539031443892093,Low,12.899642212639227,0
6656-JWRQX,1,Month-to-month,30.55,30.55,0.28528668743422747,Low,8.71550830111565,0
3780-DDGSE,35,Month-to-month,76.05,2747.2,0.2851628546109134,Low,21.686635093159964,0
3090-LETTY,2,Month-to-month,60.95,134.6,0.2850951114691641,Low,17.37654704404555,0
3620-MWJNE,2,Month-to-month,54.45,87.3,0.2846414474635749,Low,15.498726814391654,0
7459-RRWQZ,15,Month-to-month,64.65,994.55,0.28456177918682346,Low,18.39691902442814,1
7611-YKYTC,22,Month-to-month,75.0,1573.95,0.2844740150077984,Low,21.335551125584878,0
9206-GVPEQ,13,Month-to-month,54.45,706.85,0.2844042077703686,Low,15.485809113096572,1
0191-ZHSKZ,30,Month-to-month,74.75,2111.3,0.28440186044636273,Low,21.259039068365613,0
8961-QDZZJ,57,One year,95.0,5535.8,0.28432280346121525,Low,27.01066632881545,0
5016-ETTFF,10,Month-to-month,29.5,255.25,0.284255018552966,Low,8.385523047312496,1
7661-CPURM,19,One year,87.7,1725.95,0.2842334460446446,Low,24.927273218115335,0
1432-FPAXX,29,Month-to-month,30.6,856.35,0.28400605647398597,Low,8.690585328103971,1
1816-FLZDK,1,Month-to-month,29.15,29.15,0.28398354987441843,Low,8.278120478839297,0
7580-UGXNC,2,Month-to-month,54.85,104.2,0.28346297483002747,Low,15.547944169427007,1
6038-GCYEC,24,Month-to-month,54.15,1240.25,0.28293890064569055,Low,15.321141469964143,1
8652-YHIYU,16,One year,79.5,1264.2,0.2825569417566572,Low,22.463276869654248,0
4925-LMHOK,15,Month-to-month,58.6,939.7,0.2825236741521995,Low,16.55588730531889,1
2475-MROZF,30,Month-to-month,95.0,2852.4,0.282485029295967,Low,26.836077783116867,0
5630-AHZIL,3,Month-to-month,64.5,177.4,0.2824177860410744,Low,18.2159471996493,0
2931-SVLTV,40,Month-to-month,110.1,4469.1,0.28192927529845513,Low,31.040413210359908,0
9412-GHEEC,40,Month-to-month,104.8,4131.95,0.28180218289495995,Low,29.5328687673918,1
1656-DRSMG,63,Month-to-month,109.85,7002.95,0.2815654730485153,Low,30.929967214379406,0
0369-ZGOVK,28,One year,70.4,1992.2,0.281553593325505,Low,19.821372970115554,0
6629-LADHQ,2,Month-to-month,50.95,123.05,0.28116843747484116,Low,14.325531889343157,0
7594-LZNWR,34,Month-to-month,69.15,2275.1,0.28107804726490826,Low,19.436546968368408,0
8885-QSQBX,1,Month-to-month,49.55,49.55,0.28099482219843647,Low,13.923293439932527,0
4976-LNFVV,19,Month-to-month,34.3,577.15,0.28095147101501416,Low,9.636635455814986,0
1217-VASWC,43,One year,100.55,4304.0,0.2806746658550252,Low,28.221837651722783,0
7919-ZODZZ,10,One year,65.9,660.05,0.28064557685001423,Low,18.49454351441594,0
2436-QBZFP,22,Month-to-month,39.2,849.9,0.2802687377633856,Low,10.986534520324717,0
8329-GWVPJ,50,Month-to-month,69.75,3557.7,0.28019982458529014,Low,19.543937764823987,0
5002-GCQFH,49,Month-to-month,93.85,4733.1,0.2800395609792762,Low,26.28171279790507,0
7909-FIOIY,19,Month-to-month,24.85,434.8,0.27998982703986935,Low,6.957747201940754,0
9828-QHFBK,24,Month-to-month,51.15,1275.7,0.2798978218167512,Low,14.316773585926825,0
4070-OKWVH,52,Month-to-month,94.6,5025.8,0.27940538609649934,Low,26.431749524728836,0
4724-WXVWF,48,Month-to-month,95.4,4445.3,0.2793524381935797,Low,26.650222603667505,0
5482-NUPNA,4,Month-to-month,60.4,272.15,0.2790585466458142,Low,16.85513621740718,1
0623-IIHUG,21,Month-to-month,41.9,840.1,0.27883494804015957,Low,11.683184322882685,1
7486-KSRVI,43,One year,100.0,4211.55,0.278755138837565,Low,27.875513883756497,1
4831-EOBFE,29,Month-to-month,94.65,2649.15,0.27865368708145977,Low,26.37457148226017,1
0742-MOABM,4,Month-to-month,50.05,179.35,0.27864970866277533,Low,13.946417918571905,1
0807-ZABDG,3,Month-to-month,55.1,154.65,0.27838694866719405,Low,15.339120871562391,1
2229-VWQJH,24,Month-to-month,49.3,1233.25,0.2783389677144288,Low,13.722111108321338,0
4945-RVMTE,28,Month-to-month,59.55,1646.45,0.2783018860144458,Low,16.572877312160244,0
9776-CLUJA,51,Month-to-month,77.5,3807.35,0.27812427339860574,Low,21.554631188391944,1
9350-VLHMB,67,Month-to-month,89.55,6373.1,0.27805415466845074,Low,24.89974955055976,0
8547-NSBBO,35,Month-to-month,96.75,3403.4,0.2777723438746905,Low,26.87447426987631,0
3640-JQGJG,13,Month-to-month,44.8,559.2,0.2775412236909739,Low,12.43384682135563,0
6664-FPDAC,56,One year,111.95,6418.9,0.27749436494229074,Low,31.06549415528945,1
1258-YMZNM,27,One year,110.5,2857.6,0.2773558316523099,Low,30.647819397580246,0
5443-SCMKX,58,One year,94.3,5610.15,0.2773135285880473,Low,26.150665745852862,0
7693-QPEFS,52,Month-to-month,72.95,3829.75,0.2772967665066069,Low,20.228799116656973,0
0691-IFBQW,46,One year,110.0,4874.8,0.2772260107434885,Low,30.494861181783737,1
0959-WHOKV,42,One year,99.0,4298.45,0.27721534946526055,Low,27.444319597060794,0
7799-DSEWS,18,Month-to-month,68.35,1299.8,0.27718766099932796,Low,18.945776629304063,0
1120-BMWUB,16,Month-to-month,53.9,834.15,0.2771126955333734,Low,14.936374289248826,1
2190-BCXEC,40,Month-to-month,78.85,3126.85,0.2769795637543961,Low,21.83983860203413,0
1559-DTODC,19,Month-to-month,25.15,468.35,0.2767889614574689,Low,6.961242380655342,0
8963-JLGJT,3,Month-to-month,55.9,157.55,0.2767661163764979,Low,15.471225905446232,0
9103-TCIHJ,15,Month-to-month,55.7,899.8,0.2767628409802322,Low,15.415690242598933,1
5898-IGSLP,31,Month-to-month,89.3,2823.0,0.2765923633365598,Low,24.69969804595479,0
9614-RMGHA,65,Month-to-month,91.85,5940.85,0.2764937264660831,Low,25.395948775909734,1
7537-CBQUZ,63,Month-to-month,109.4,7031.45,0.27646486897445327,Low,30.24525666580519,0
2279-AXJJK,52,Month-to-month,95.65,5088.4,0.27641917819748474,Low,26.439494394589417,0
3301-LSLWQ,29,Month-to-month,66.1,1912.15,0.2761241834944137,Low,18.251808528980742,0
3572-UOLYZ,46,Month-to-month,84.8,3958.85,0.2760165872847727,Low,23.406206601748725,0
5949-EBSQK,4,Month-to-month,61.45,229.55,0.27599996762304607,Low,16.960198010436184,1
9572-MTILT,59,Month-to-month,106.75,6252.9,0.27590228533889477,Low,29.452568959927017,1
0595-ITUDF,64,Month-to-month,91.8,5960.5,0.27578075086274323,Low,25.31667292919983,0
2157-MXBJS,13,One year,75.3,989.45,0.275738617587512,Low,20.76311790433965,1
8152-UOBNY,50,One year,106.8,5347.95,0.27540396821814184,Low,29.413143805697548,0
4188-FRABG,57,Month-to-month,103.05,5925.75,0.27521265857488514,Low,28.360664466141912,0
9763-GRSKD,13,Month-to-month,49.95,587.45,0.2751625960070348,Low,13.74437167055139,0
5828-DWPIL,62,Month-to-month,89.1,5618.3,0.27508794473526305,Low,24.510335875911935,0
5553-AOINX,66,One year,104.9,6891.45,0.27491802344699967,Low,28.838900659590266,0
3920-HIHMQ,26,Month-to-month,49.5,1265.65,0.27446317077167004,Low,13.585926953197667,0
4393-RYCRE,44,One year,106.05,4510.8,0.2742184797659085,Low,29.0808697791746,0
1024-KPRBB,38,One year,89.1,3342.0,0.2741688573662723,Low,24.42844519133486,0
0575-CUQOV,60,One year,97.95,5867.0,0.27394800926415125,Low,26.833207507423616,0
5201-FRKKS,25,Month-to-month,74.3,1952.25,0.27366278643321734,Low,20.333145031988046,0
4957-TREIR,3,Month-to-month,64.4,195.65,0.27342231089715285,Low,17.608396821776644,0
4010-YLMVT,56,Month-to-month,106.6,5893.95,0.27326419925160067,Low,29.12996364022063,0
1134-YWTYF,27,Month-to-month,53.8,1389.85,0.273154571088994,Low,14.695715924587876,0
0929-PECLO,63,Month-to-month,89.6,5538.8,0.2727779837160882,Low,24.440907340961502,0
2479-BRAMR,41,Month-to-month,83.75,3273.55,0.27267467080559665,Low,22.836503679968718,1
9862-KJTYK,19,Month-to-month,25.35,566.1,0.27264164078205105,Low,6.911465593824994,0
1871-MOWRM,12,Month-to-month,80.85,866.45,0.27253530725794395,Low,22.034479591804768,1
4191-XOVOM,63,Month-to-month,105.4,6713.2,0.27247985828977384,Low,28.719377063742165,0
5325-UWTWJ,31,Month-to-month,90.55,2929.75,0.27247747566191716,Low,24.672835421186598,0
7629-WIXZF,7,One year,59.1,369.25,0.27221961911817255,Low,16.088179489884,0
2684-EIWEO,30,Month-to-month,91.7,2758.15,0.2717831797893583,Low,24.922517586684155,1
6261-LHRTG,26,Month-to-month,54.75,1406.9,0.2717734974200281,Low,14.879598983746538,0
7047-FWEYA,46,One year,103.15,4594.65,0.2716009179049815,Low,28.01563468189884,0
3890-RTCMS,16,Month-to-month,49.45,799.0,0.2713175796672369,Low,13.416654314544866,0
1142-WACZW,2,Month-to-month,29.85,75.6,0.27125173146410086,Low,8.096864184203412,1
0282-NVSJS,12,Month-to-month,29.3,355.9,0.2710857423080816,Low,7.94281224962679,0
5394-SVGJV,37,Month-to-month,98.8,3475.55,0.27090969074709315,Low,26.7658774458128,1
2826-UWHIS,45,Month-to-month,81.4,3775.85,0.27079936661348525,Low,22.043068442337702,0
2267-FPIMA,50,Month-to-month,94.4,4914.9,0.2704154710570787,Low,25.52722046778823,0
5174-ITUMV,67,One year,105.4,6989.45,0.2703956767613839,Low,28.499704330649863,0
2302-ANTDP,48,Month-to-month,117.45,5438.9,0.27025298813775045,Low,31.74121345677879,1
9831-BPFRI,39,One year,89.55,3474.45,0.2700645302342163,Low,24.184278682474066,1
4554-YGZIH,49,Month-to-month,90.05,4547.25,0.2700349266250504,Low,24.316645142585788,1
5575-TPIZQ,46,Month-to-month,89.15,4245.55,0.27002151023293136,Low,24.072417637265833,0
1784-EZDKJ,51,One year,106.8,5498.8,0.26963554001317064,Low,28.797075673406624,0
5542-DHSXL,4,Month-to-month,54.7,235.05,0.26962817987049004,Low,14.748661438915805,0
4673-KKSLS,31,Month-to-month,87.6,2724.25,0.2695428145713674,Low,23.611950556451784,0
2189-UXTKY,22,Month-to-month,79.2,1742.75,0.2694962379107108,Low,21.3441020425283,1
8930-XOTDP,18,Month-to-month,55.95,1082.8,0.2694870041166708,Low,15.077797880327733,0
9396-ZSFLL,15,Month-to-month,48.85,631.4,0.2693723513128991,Low,13.158839361635122,0
7319-VENRZ,7,Month-to-month,64.3,445.95,0.2690229711413176,Low,17.298177044386723,0
6022-KOUQO,2,Month-to-month,29.05,44.75,0.26883749402541013,Low,7.809729201438165,0
1394-SUIUH,44,Month-to-month,85.15,3670.5,0.26869640079071827,Low,22.879498527329662,0
8627-ZYGSZ,47,One year,78.9,3650.35,0.268648708371805,Low,21.196383090535416,0
0516-OOHAR,28,One year,100.35,2799.0,0.26855283328255436,Low,26.949276819904327,0
3511-APPBJ,23,One year,99.95,2292.75,0.2685347587216757,Low,26.84004913423149,0
5999-LCXAO,1,Month-to-month,29.9,29.9,0.26844046286250645,Low,8.026369839588943,0
9526-BIHHD,1,Month-to-month,29.7,29.7,0.2682609554481607,Low,7.967350376810373,1
9233-PSYHO,45,One year,100.15,4459.8,0.2681129607303552,Low,26.851513017145074,0
4692-NNQRU,21,One year,79.2,1742.45,0.2680265171181336,Low,21.22770015575618,0
8735-IJJEG,14,Month-to-month,50.2,668.85,0.26800221594717377,Low,13.453711240548124,0
2674-MLXMN,71,Month-to-month,99.65,6951.15,0.2675539473182824,Low,26.661750850266845,0
3055-OYMSE,53,Month-to-month,73.8,4003.85,0.2675524238387336,Low,19.74536887929854,0
7957-RYHQD,40,Month-to-month,79.2,3233.85,0.2672545909662609,Low,21.166563604527866,1
1899-VXWXM,48,One year,106.1,5082.8,0.26715125733691863,Low,28.344748403447067,1
3629-WEAAM,8,Month-to-month,64.1,504.05,0.26698271865039475,Low,17.1135922654903,0
0822-QGCXA,27,Month-to-month,83.85,2310.2,0.26678505356202,Low,22.369926741175373,0
2305-MRGLV,28,Month-to-month,76.55,2065.4,0.2666227829886403,Low,20.40997403778041,0
3009-JWMPU,62,One year,96.75,6125.4,0.26661181896409425,Low,25.79469348477612,1
5639-NTUPK,13,Month-to-month,52.1,670.65,0.2665859815204046,Low,13.88912963721308,0
5309-TAIKL,7,Month-to-month,62.8,418.3,0.2662138110892933,Low,16.71822733640762,0
9774-NRNAU,27,Month-to-month,84.8,2309.55,0.2661922110657393,Low,22.57309949837469,0
5816-QVHRX,37,Month-to-month,100.3,3541.4,0.2661244169027524,Low,26.692279015346067,0
6680-NENYN,43,Two year,104.6,4759.85,0.26600721989149045,Low,27.8243552006499,1
8901-HJXTF,12,Month-to-month,29.2,309.1,0.2659500376492518,Low,7.765741099358152,1
3410-MHHUM,44,One year,94.4,4295.35,0.26580915543936445,Low,25.092384273476007,0
3154-CFSZG,47,Month-to-month,90.05,4137.2,0.265405729683838,Low,23.899785958029614,0
7550-WIQVA,50,One year,108.25,5431.4,0.265320389002951,Low,28.720932109569446,0
7109-MFBYV,26,Month-to-month,45.45,1233.15,0.26529357223770034,Low,12.057592858203481,0
5174-RNGBH,9,Month-to-month,66.25,620.55,0.2649436764832611,Low,17.552518567016048,1
3537-HPKQT,55,Month-to-month,77.75,4266.4,0.2648292195298634,Low,20.59047181844688,0
6847-KJLTS,58,Month-to-month,100.4,5749.8,0.26482875192679745,Low,26.588806693450465,0
4544-RXFMG,8,One year,43.45,345.5,0.2647416806209025,Low,11.503026022978213,0
8217-QYOHV,5,Month-to-month,55.75,266.95,0.26434367707509004,Low,14.73715999693627,0
2937-FTHUR,18,Month-to-month,64.8,1166.7,0.26423763175941106,Low,17.122598538009836,0
1480-IVEVR,35,One year,81.6,2815.25,0.26420606154837745,Low,21.559214622347596,0
0348-SDKOL,58,Month-to-month,102.1,5885.4,0.2641349079102552,Low,26.968174097637053,1
0228-MAUWC,19,Month-to-month,59.55,1144.6,0.26412331930948096,Low,15.72854366487959,0
6620-JDYNW,18,Month-to-month,60.6,1156.35,0.2640304713874742,Low,16.000246566080936,0
3325-FUYCG,28,One year,106.1,2847.4,0.26397065537737463,Low,28.007286535539446,1
9375-MHRRS,6,Month-to-month,50.05,288.35,0.2638730772306174,Low,13.2068475153924,0
0032-PGELS,1,Month-to-month,30.5,30.5,0.2637404984088043,Low,8.044085201468532,1
7025-IWFHT,41,One year,89.55,3729.75,0.26362013451883126,Low,23.60718304616134,0
8263-OKETD,20,Month-to-month,68.9,1370.35,0.2631735875527811,Low,18.13266018238662,0
6050-IJRHS,70,One year,106.5,7397.0,0.26302942320318107,Low,28.012633571138785,0
7129-AZJDE,34,One year,78.95,2647.2,0.2629569924636433,Low,20.76045455500464,0
8755-IWJHN,69,Month-to-month,95.35,6382.0,0.2625688954930266,Low,25.035944185260085,0
4826-TZEVA,40,Month-to-month,74.8,2971.7,0.2623976971488994,Low,19.627347746737673,0
8563-IIOXK,7,One year,49.75,331.3,0.2622496696542759,Low,13.046921065300225,1
6769-DYBQN,46,Month-to-month,85.0,3969.4,0.26217250653805485,Low,22.28466305573466,1
8868-GAGIO,45,Month-to-month,84.55,3713.95,0.26176646749914567,Low,22.132354827052765,0
8450-UYIBU,35,Month-to-month,39.85,1434.6,0.261631788894241,Low,10.426026787435504,0
5057-LCOUI,39,Month-to-month,50.75,2011.4,0.26158413422151305,Low,13.275394811741787,1
5198-EFNBM,57,One year,90.65,5199.8,0.2615719558993444,Low,23.71149780227557,0
0516-WJVXC,5,Month-to-month,54.2,308.25,0.2614895303737147,Low,14.172732546255338,1
5671-UUNXD,50,One year,100.65,5189.75,0.26135143787222326,Low,26.305022221839273,0
5846-QFDFI,33,Month-to-month,88.6,2888.7,0.26129376037109003,Low,23.150627168878575,0
1853-ARAAQ,26,Month-to-month,50.35,1277.5,0.26086234758931537,Low,13.134419201122029,0
8992-OBVDG,21,Month-to-month,61.65,1393.6,0.26060280532877345,Low,16.066162948518883,0
2692-PFYTJ,1,Month-to-month,25.75,25.75,0.2603408217305232,Low,6.703776159560972,0
8749-JMNKX,51,Month-to-month,93.8,4750.95,0.2601282806328303,Low,24.40003272335948,1
1261-FWTTE,23,Month-to-month,34.65,768.45,0.2600337425815085,Low,9.01016918044927,0
5624-RYAMH,9,Month-to-month,19.5,178.85,0.25987747605794737,Low,5.0676107831299735,0
2716-GFZOR,43,Month-to-month,86.1,3551.65,0.2597893220610438,Low,22.367860629455873,0
8896-BQTTI,1,Month-to-month,25.0,25.0,0.2596811547272476,Low,6.49202886818119,0
5527-ACHSO,11,Month-to-month,70.5,829.3,0.25951985675544065,Low,18.296149901258566,0
0187-WZNAB,27,Month-to-month,74.4,1972.35,0.25940605084668383,Low,19.29981018299328,0
3413-DHLPB,60,Month-to-month,103.75,5969.95,0.2592915868403719,Low,26.901502134688585,0
2172-EJXVF,71,One year,105.9,7521.95,0.2592066500488656,Low,27.44998424017487,0
4080-OGPJL,8,Month-to-month,71.15,563.65,0.25894148417048485,Low,18.423686598729997,1
2565-JSLRY,1,Month-to-month,24.05,24.05,0.25884713591229896,Low,6.225273618690791,1
1485-YDHMM,52,Month-to-month,93.25,4631.7,0.2585496047666639,Low,24.109750644491406,0
7905-NJMXS,7,Month-to-month,64.2,475.0,0.25852638780417514,Low,16.597394097028044,0
0853-NWIFK,45,One year,100.3,4483.95,0.2575763722206756,Low,25.83491013373376,0
5366-OBVMR,18,Month-to-month,50.3,908.75,0.2575281647029658,Low,12.95366668455918,0
1699-HPSBG,12,One year,59.8,727.8,0.2570205892060221,Low,15.369831234520122,1
9052-VKDUW,65,Month-to-month,109.4,7227.45,0.25700842930611434,Low,28.11672216608891,0
0100-DUVFC,70,One year,104.8,7308.95,0.2567864650081455,Low,26.91122153285365,0
6270-OMFIW,60,One year,94.4,5610.25,0.2566803366321585,Low,24.230623778075763,1
4307-KTUMW,53,Month-to-month,93.9,5029.2,0.2564817057618374,Low,24.08363217103653,1
6179-GJPSO,43,Month-to-month,108.15,4600.7,0.2564437052043836,Low,27.734386717854086,1
2669-QVCRG,41,Month-to-month,81.3,3190.65,0.25637239995242406,Low,20.843076116132075,0
1216-BGTSP,45,Month-to-month,108.45,4964.7,0.25633280620134086,Low,27.799292832535418,0
3144-KMTWZ,71,Month-to-month,93.25,6669.45,0.2562770277738206,Low,23.897832839908773,0
8267-KFGYD,1,Month-to-month,21.05,21.05,0.2562248599020909,Low,5.393533300939013,0
6173-GOLSU,67,Month-to-month,94.65,6079.0,0.2561702514271236,Low,24.24651429757725,0
5186-EJEGL,9,Month-to-month,69.5,653.25,0.2561635988809831,Low,17.803370122228326,0
6982-UQZLY,1,Month-to-month,20.85,20.85,0.2560506620445514,Low,5.338656303628897,1
7130-CTCUS,16,Month-to-month,54.55,825.1,0.2560440828347599,Low,13.96720471863615,0
2740-JFBOK,10,Month-to-month,24.0,226.55,0.2560412307452002,Low,6.144989537884804,0
5951-AOFIH,33,Month-to-month,66.4,2245.4,0.2560215594133154,Low,16.99983154504414,0
2480-JZOSN,1,Month-to-month,20.65,20.65,0.25587654187471226,Low,5.283850589712808,0
1410-RSCMR,7,Month-to-month,71.35,515.75,0.25580533343790635,Low,18.251710540794615,0
4255-DDUOU,1,Month-to-month,20.5,20.5,0.2557460027423817,Low,5.242793056218824,1
8262-COGGB,1,Month-to-month,20.45,20.45,0.25570249941333983,Low,5.229116113002799,0
5996-DAOQL,1,Month-to-month,20.45,20.45,0.25570249941333983,Low,5.229116113002799,0
4634-JLRJT,1,Month-to-month,20.35,20.35,0.2556155073297952,Low,5.201775574161333,0
8073-IJDCM,1,Month-to-month,20.3,20.3,0.2555720185759368,Low,5.188111977091517,1
2081-KJSQF,1,Month-to-month,20.25,20.25,0.25552853468111675,Low,5.1744528272926145,0
0670-KDOMA,1,Month-to-month,20.25,20.25,0.25552853468111675,Low,5.1744528272926145,0
2876-VBBBL,1,Month-to-month,20.25,20.25,0.25552853468111675,Low,5.1744528272926145,1
5868-YTYKS,1,Month-to-month,20.25,20.25,0.25552853468111675,Low,5.1744528272926145,0
7839-QRKXN,1,Month-to-month,20.2,20.2,0.2554850556456564,Low,5.160798124042259,1
8305-VHZBZ,1,Month-to-month,20.2,20.2,0.2554850556456564,Low,5.160798124042259,1
5356-RHIPP,1,Month-to-month,20.2,20.2,0.2554850556456564,Low,5.160798124042259,1
4897-QSUYC,1,Month-to-month,20.15,20.15,0.25544158146987683,Low,5.147147866618018,1
1000-AJSLD,1,Month-to-month,20.1,20.1,0.2553981121540987,Low,5.133502054297384,1
1240-KNSEZ,1,Month-to-month,20.1,20.1,0.2553981121540987,Low,5.133502054297384,1
4661-NJEUX,1,Month-to-month,20.05,20.05,0.25535464769864247,Low,5.119860686357781,0
5827-MWCZK,56,Month-to-month,96.95,5432.2,0.2553479979746989,Low,24.755988403647063,0
2369-FEVNO,1,Month-to-month,19.9,19.9,0.2552242834974041,Low,5.078963241598341,0
4800-VHZKI,1,Month-to-month,19.9,19.9,0.2552242834974041,Low,5.078963241598341,1
9356-AXGMP,38,One year,110.7,4428.6,0.25521645997457115,Low,28.252462119185026,0
2402-TAIRZ,37,One year,80.05,3019.1,0.25509989563381735,Low,20.42074664548708,0
2465-BLLEU,1,Month-to-month,19.75,19.75,0.25509396305056586,Low,5.038105770248676,0
6128-AQBMT,41,Month-to-month,53.95,2215.4,0.2550904512096361,Low,13.762129842759867,0
0274-JKUJR,7,Month-to-month,58.85,465.7,0.2550844739591916,Low,15.011721292498425,0
7989-CHGTL,1,Month-to-month,19.6,19.6,0.25496368636672573,Low,4.997288252787825,1
4588-YBNIB,1,Month-to-month,19.6,19.6,0.25496368636672573,Low,4.997288252787825,1
2446-ZKVAF,18,Month-to-month,56.8,1074.65,0.2549581702545698,Low,14.481624070459564,0
6728-VOIFY,63,One year,96.0,6109.75,0.2549218683453373,Low,24.47249936115238,0
1622-HSHSF,1,Month-to-month,19.55,19.55,0.25492027053203864,Low,4.983691288901356,0
8566-YPRGL,1,Month-to-month,19.5,19.5,0.2548768595611764,Low,4.97009876144294,0
5906-BFOZT,1,Month-to-month,19.5,19.5,0.2548768595611764,Low,4.97009876144294,0
1725-MIMXW,1,Month-to-month,19.45,19.45,0.2548334534544554,Low,4.956510669689157,1
9629-NHXFW,1,Month-to-month,19.4,19.4,0.2547900522121919,Low,4.942927012916523,0
7298-IZWLY,1,Month-to-month,19.4,19.4,0.2547900522121919,Low,4.942927012916523,0
4667-OHGKG,1,Month-to-month,19.3,19.3,0.25470326432230034,Low,4.915773001420397,1
1724-IQWNM,1,Month-to-month,19.3,19.3,0.25470326432230034,Low,4.915773001420397,0
3308-MHOOC,1,Month-to-month,19.2,19.2,0.25461649589402463,Low,4.888636721165272,0
6121-VZNQB,1,Month-to-month,19.1,19.1,0.25452974692988223,Low,4.861518166360751,1
1423-BMPBQ,1,Month-to-month,19.0,19.0,0.2544430174323859,Low,4.834417331215332,0
6559-RAKOZ,49,One year,97.95,4917.9,0.25440043900561277,Low,24.91852300059977,0
0314-TKOSI,6,Month-to-month,55.15,322.9,0.2543789275355064,Low,14.028997853583178,0
9381-NDKME,24,Month-to-month,40.65,933.3,0.254352276195431,Low,10.33942002734427,1
9318-NKNFC,1,Month-to-month,18.85,18.85,0.25431295969158574,Low,4.793799290186391,1
6818-WOBHJ,68,Month-to-month,89.6,6127.6,0.2540619673160016,Low,22.763952271513745,1
8003-EWNDZ,10,Month-to-month,21.2,222.65,0.25355116598962224,Low,5.375284718979992,0
5593-SUAOO,24,One year,83.15,2033.05,0.25297610106002616,Low,21.034962803141177,0
0980-PVMRC,40,Month-to-month,50.85,2036.55,0.2529206702231334,Low,12.861016080846335,0
7398-LXGYX,44,Month-to-month,84.8,3626.35,0.2527039405108548,Low,21.429294155320488,0
6439-LAJXL,9,Month-to-month,68.95,593.85,0.2524962920255247,Low,17.409619335159928,0
1041-RXHRA,41,Month-to-month,70.25,2868.05,0.2523686024089246,Low,17.728894319226953,1
8620-RJPZN,1,Month-to-month,20.7,20.7,0.25215054412375376,Low,5.219516263361703,0
3701-SFMUH,7,Month-to-month,69.7,516.15,0.25214912452397903,Low,17.57479397932134,0
6815-ABQFQ,56,One year,107.25,6033.3,0.252127222060281,Low,27.040644565965135,0
4003-FUSHP,19,Month-to-month,61.55,1093.2,0.25212627983639985,Low,15.51837252393041,0
5088-QZLRL,1,Month-to-month,20.65,20.65,0.2521074452227003,Low,5.206018743848761,0
7893-IXHRQ,1,Month-to-month,20.55,20.55,0.2520212620720832,Low,5.17903693558131,1
6067-NGCEU,65,Month-to-month,111.05,7107.0,0.25181828580144355,Low,27.964420638250306,0
2474-LCNUE,23,Month-to-month,73.65,1642.75,0.2515809568460758,Low,18.528937471713483,0
9708-HPXWZ,5,Month-to-month,45.4,214.75,0.25154928145465705,Low,11.42033737804143,0
3807-XHCJH,1,Month-to-month,20.0,20.0,0.2515476040357911,Low,5.030952080715822,0
5143-WMWOG,1,Month-to-month,19.95,19.95,0.25150457353374717,Low,5.017516241998256,1
8740-XLHDR,5,Month-to-month,43.25,219.0,0.2514696659774069,Low,10.876063053522849,1
4701-MLJPN,31,Month-to-month,55.25,1715.65,0.25139711851557517,Low,13.889690797985528,1
1156-ZFYDO,1,Month-to-month,19.75,19.75,0.2513325004068646,Low,4.963816883035576,0
9103-CXVOK,1,Month-to-month,19.75,19.75,0.2513325004068646,Low,4.963816883035576,0
8421-WZOOW,57,Month-to-month,95.3,5567.45,0.25130600891392824,Low,23.94946264949736,0
2806-MLNTI,52,One year,105.1,5376.4,0.25129617986348946,Low,26.41122850365274,0
3679-XASPY,1,Month-to-month,19.45,19.45,0.25107453739232705,Low,4.883399752280761,0
7617-EYGLW,1,Month-to-month,19.45,19.45,0.25107453739232705,Low,4.883399752280761,0
0761-AETCS,1,Month-to-month,19.3,19.3,0.25094562190606506,Low,4.843250502787056,1
9374-YOLBJ,1,Month-to-month,19.25,19.25,0.2509026598601198,Low,4.829876202307306,0
4232-JGKIY,1,Month-to-month,19.2,19.2,0.250859702706057,Low,4.816506291956294,0
8033-VCZGH,50,One year,103.95,5231.3,0.2508418914846743,Low,26.075014619831894,0
8992-CEUEN,1,Month-to-month,18.85,18.85,0.2505591396243508,Low,4.723039781919012,0
7814-LEEVE,1,Month-to-month,20.3,20.3,0.2505047274952049,Low,5.08524596815266,0
7869-ZYDST,31,Month-to-month,59.05,1882.8,0.25049363914640815,Low,14.791649391595401,0
2955-PSXOE,1,Month-to-month,20.2,20.2,0.25041890878338496,Low,5.058461957424376,1
1493-AMTIE,1,Month-to-month,20.2,20.2,0.25041890878338496,Low,5.058461957424376,1
4781-ZXYGU,1,Month-to-month,20.15,20.15,0.250376006769971,Low,5.045076536414916,0
7291-CDTMJ,1,Month-to-month,19.65,19.65,0.2499472559279411,Low,4.911463578984042,0
4918-FYJNT,55,Month-to-month,90.45,5044.8,0.24985320889038318,Low,22.599222744135158,0
3272-VUHPV,8,Month-to-month,56.3,401.5,0.2498263058794819,Low,14.06522102101483,0
1098-TDVUQ,1,Month-to-month,19.25,19.25,0.24960460791008715,Low,4.804888702269178,0
7203-OYKCT,72,One year,104.95,7544.3,0.2496011541023681,Low,26.195641123043533,0
7607-QKKTJ,45,One year,95.0,4368.85,0.2493831712361566,Low,23.691401267434877,0
4324-AHJKS,5,Month-to-month,55.8,300.4,0.24927113143950277,Low,13.909329134324254,0
8417-GSODA,28,One year,92.2,2568.15,0.2491973026433887,Low,22.97599130372044,0
7722-CVFXN,54,One year,105.2,5637.85,0.24913934623774386,Low,26.209459224210654,0
5136-KCKGI,33,One year,103.7,3467.0,0.24908261364922107,Low,25.829867035424225,1
6967-QIQRV,15,One year,101.9,1667.25,0.24896258665470214,Low,25.36928758011415,0
4316-XCSLJ,17,Month-to-month,50.3,846.8,0.24884266731296895,Low,12.516786165842337,0
1684-FLBGS,23,Month-to-month,69.5,1652.1,0.2487462606382956,Low,17.287865114361544,0
6234-PFPXL,22,Month-to-month,95.9,2234.95,0.24874342579223913,Low,23.854494533475734,0
0479-HMSWA,26,Two year,105.45,2715.3,0.2483721351398037,Low,26.1908416504923,0
8189-HBVRW,53,Month-to-month,90.8,4921.2,0.2481515051867088,Low,22.53215667095316,0
7075-BNDVQ,4,Month-to-month,35.0,135.75,0.2479974228563496,Low,8.679909799972236,0
0550-DCXLH,13,Month-to-month,73.35,931.55,0.24732197669238512,Low,18.14106699038645,0
7426-WEIJX,60,Month-to-month,80.95,4859.1,0.24694065242743704,Low,19.98984581400103,0
3594-IVHJZ,2,Month-to-month,20.45,42.45,0.24692140557028547,Low,5.049542743912338,0
6942-LBFDP,2,Month-to-month,20.55,33.6,0.24653085069485317,Low,5.066208981779233,0
3948-FVVRP,9,Month-to-month,54.8,452.8,0.24648383828080958,Low,13.507314337788364,0
4986-MXSFP,2,Month-to-month,20.0,40.9,0.24648067240190827,Low,4.9296134480381655,0
0871-OPBXW,2,Month-to-month,20.05,39.25,0.2464328662849749,Low,4.940978969013747,0
9489-UTFKA,8,Month-to-month,60.9,551.95,0.24638112606948723,Low,15.004610577631771,0
3736-BLEPA,28,One year,91.25,2483.65,0.24623669575111726,Low,22.46909848728945,0
2640-LYMOV,2,Month-to-month,19.65,38.8,0.24609080343481088,Low,4.835684287494034,0
0701-TJSEF,9,Month-to-month,68.25,576.95,0.24601422297412703,Low,16.79047071798417,0
3794-NFNCH,30,Month-to-month,50.0,1474.9,0.24564359194613802,Low,12.282179597306902,0
3982-DQLUS,65,Month-to-month,85.75,5688.45,0.24561277582837088,Low,21.0612955272828,0
7266-GSSJX,11,Month-to-month,20.45,250.8,0.24455055957840383,Low,5.001058943378358,0
4685-ERGHK,57,One year,86.9,4939.25,0.244462205994589,Low,21.243765700929785,0
8292-TYSPY,19,Month-to-month,55.0,1046.5,0.24439659166571878,Low,13.441812541614533,1
2894-QOJRX,25,Month-to-month,34.0,853.0,0.24409959731128783,Low,8.299386308583786,1
0365-TRTPY,37,Month-to-month,91.2,3382.3,0.24408162463931893,Low,22.26024416710589,0
4088-YLDSU,55,One year,104.15,5743.05,0.24405108935578354,Low,25.417920956404856,1
8679-LZBMD,44,One year,90.65,3974.15,0.24401317641182324,Low,22.119794441731777,0
1020-JPQOW,56,Month-to-month,90.55,5116.6,0.243902156025204,Low,22.08534022808222,0
7776-QWNFX,30,Month-to-month,50.4,1527.5,0.24378436149617336,Low,12.286731819407137,1
7821-DPRQE,68,Month-to-month,107.7,7320.9,0.24376289544768354,Low,26.25326383971552,0
6549-NNDYT,13,Month-to-month,30.85,394.1,0.24369595155078083,Low,7.518020105341589,0
2378-HTWFW,35,Month-to-month,91.0,3180.5,0.24366900148547807,Low,22.173879135178506,0
2832-SCUCO,2,Month-to-month,19.9,57.4,0.243594103984399,Low,4.84752266928954,0
5206-HPJKM,17,Month-to-month,55.5,934.15,0.24343002327112226,Low,13.510366291547285,0
5876-HZVZM,6,Month-to-month,55.9,365.35,0.24296907694558612,Low,13.581971401258263,1
3714-JTVOV,42,Month-to-month,74.15,3229.4,0.24279149966326313,Low,18.002989700030962,1
5590-ZSKRV,8,Month-to-month,54.65,482.25,0.24270493440706048,Low,13.263824665345854,0
4194-WHFCB,59,Month-to-month,96.65,5580.8,0.24262053277137305,Low,23.449274492353208,0
2770-NSVDG,24,Month-to-month,29.1,688.0,0.24257373523802372,Low,7.05889569542649,0
6497-TILVL,7,Month-to-month,50.7,350.35,0.24239778632234432,Low,12.289567766542858,0
3179-GBRWV,21,Month-to-month,64.95,1339.8,0.2423686761836718,Low,15.741845518129484,0
2379-GYFLQ,46,One year,94.9,4422.95,0.2423515519556964,Low,22.99916228059559,0
1135-HIORI,64,One year,111.45,7266.95,0.24225920046955218,Low,26.999787892331593,0
8267-ZNYVZ,33,One year,103.75,3361.05,0.24211170907133228,Low,25.119089816150723,1
7343-EOBEU,3,Month-to-month,23.6,89.05,0.24209257585203126,Low,5.713384790107938,0
3007-FDPEA,2,Month-to-month,20.7,39.85,0.24203006830092733,Low,5.010022413829195,0
2988-GBIVW,70,Month-to-month,90.85,6470.1,0.24201687809047867,Low,21.987233374519985,0
9137-NOQKA,2,Month-to-month,19.2,37.2,0.24198099194789782,Low,4.646035045399638,0
0423-UDIJQ,9,Month-to-month,49.2,447.9,0.24179681815305504,Low,11.896403453130308,0
3982-XWFZQ,42,Month-to-month,50.25,2203.65,0.24161923397361318,Low,12.141366507174062,1
2623-DRYAM,70,One year,101.75,7069.3,0.24152831154185642,Low,24.57550569938389,0
7853-GVUDZ,1,Month-to-month,20.15,20.15,0.24117938680597195,Low,4.859764644140334,1
2267-WTPYD,57,Month-to-month,94.0,5438.95,0.24116461890171437,Low,22.66947417676115,0
7853-WNZSY,1,Month-to-month,19.75,19.75,0.24084489892024724,Low,4.756686753674883,0
0643-OKLRP,47,Month-to-month,80.35,3825.85,0.24073857936728033,Low,19.34334485216097,1
0237-YFUTL,50,Month-to-month,109.65,5405.8,0.24065861250036308,Low,26.388216860664812,0
2195-VVRJF,18,Month-to-month,59.1,1011.05,0.24057738521219163,Low,14.218123466040526,0
3842-IYKUE,35,Month-to-month,85.3,2917.5,0.240290202352082,Low,20.496754260632596,1
3685-YLCMQ,58,One year,104.65,6219.6,0.24028669992065596,Low,25.146003146696646,1
3946-JEWRQ,47,One year,95.2,4563.0,0.2402205909885335,Low,22.86900026210839,0
9254-RBFON,17,One year,98.6,1704.95,0.24021336975229526,Low,23.685038257576313,1
1958-RNRKS,30,Month-to-month,49.9,1441.95,0.2401744364855333,Low,11.984704380628111,0
8198-RKSZG,14,Month-to-month,80.45,1137.05,0.23991201765877992,Low,19.300921820648846,0
3717-LNXKW,38,Month-to-month,91.7,3479.05,0.2398335481519017,Low,21.992736365529385,0
1552-AAGRX,30,Month-to-month,106.4,3211.9,0.23955371104070128,Low,25.488514854730617,0
2144-BFDSO,50,Month-to-month,108.75,5431.9,0.23906580668677344,Low,25.99840647718661,0
2272-JKMSI,62,One year,110.8,6840.95,0.23885348897004788,Low,26.464966577881306,0
3407-QGWLG,3,Month-to-month,20.05,75.45,0.238605066131838,Low,4.784031575943352,0
0621-HJWXJ,63,Month-to-month,81.55,5029.05,0.238522743885276,Low,19.451529763844256,0
8044-BGWPI,12,Month-to-month,21.15,306.05,0.2382933557888222,Low,5.039904474933589,0
7526-IVLYU,3,Month-to-month,19.65,68.35,0.2379255678116858,Low,4.675237407499626,0
2393-DIVAI,3,Month-to-month,20.0,61.7,0.23785284373182453,Low,4.757056874636491,0
3694-DELSO,4,Month-to-month,38.55,156.1,0.23781120567346192,Low,9.167621978711956,0
1986-PHGZF,18,Month-to-month,58.4,964.9,0.23763138584199198,Low,13.877672933172331,0
1449-XQEMT,3,Month-to-month,19.8,58.15,0.2375136654380262,Low,4.702770575672919,1
1087-UDSIH,3,Month-to-month,19.6,59.75,0.2374412863938006,Low,4.653849213318492,1
7883-ROJOC,19,Month-to-month,44.9,839.65,0.23738786379629342,Low,10.658715084453574,0
8294-UIMBA,30,One year,94.4,2638.1,0.23738720602210428,Low,22.409352248486645,0
4567-AKPIA,41,One year,109.1,4454.25,0.23731426625917043,Low,25.89098644887549,0
7188-CBBBA,65,One year,95.5,6153.85,0.2372179799375267,Low,22.6543170840338,0
6184-DYUOB,3,Month-to-month,19.6,55.25,0.23720844057593388,Low,4.649285435288304,0
4592-IWTJI,3,Month-to-month,29.7,91.7,0.2372001220355563,Low,7.044843624456021,1
6476-YHMGA,15,Month-to-month,76.5,1155.6,0.2371926584832398,Low,18.145238373967846,0
5066-GFJMM,3,Month-to-month,19.9,45.75,0.23694976685964136,Low,4.715300360506863,0
4923-ADWXJ,25,Month-to-month,65.8,1679.65,0.23692742221555982,Low,15.589824381783835,0
5136-GFPMB,54,Month-to-month,89.4,4869.5,0.23686924090904699,Low,21.1761101372688,0
6994-ORCWG,14,One year,54.25,773.2,0.23673004362336075,Low,12.84260486656732,0
9039-ZVJDC,3,Month-to-month,19.1,53.05,0.2367072981423104,Low,4.521109394518129,0
0991-BRRFB,18,Month-to-month,49.4,874.8,0.23622267070456404,Low,11.669399932805463,1
1935-IMVBB,56,Month-to-month,89.7,4952.95,0.23608264967567835,Low,21.17661367590835,0
2519-ERQOJ,33,Month-to-month,54.6,1803.7,0.23600389771338368,Low,12.885812815150748,0
2632-UCGVD,66,Month-to-month,100.05,6871.9,0.23594180401369177,Low,23.60597749156986,1
5312-IRCFR,64,One year,92.85,5980.75,0.23579532699565822,Low,21.893596111546863,0
4338-EYCER,21,Month-to-month,54.6,1125.2,0.23566601052295058,Low,12.867364174553103,0
6473-ULUHT,16,Month-to-month,84.9,1398.25,0.2354727188977795,Low,19.99163383442148,0
7426-GSWPO,64,Month-to-month,103.5,6548.65,0.23535227059133215,Low,24.358960006202878,0
1335-HQMKX,72,One year,101.35,7323.15,0.23516203506240255,Low,23.8336722535745,0
3744-ZBHON,3,Month-to-month,20.2,65.95,0.23463755804664502,Low,4.7396786725422295,0
9795-VOWON,7,One year,24.35,150.85,0.23461558459729148,Low,5.712889484944048,0
3570-YUEKJ,42,Month-to-month,49.55,2077.95,0.23455691406437487,Low,11.622295091889773,0
9835-ZIITK,66,One year,110.85,7491.75,0.23423233722008285,Low,25.964654580846183,1
6214-EDAKZ,22,Month-to-month,55.15,1206.05,0.2341860459764343,Low,12.915360435600352,1
0843-WTBXE,53,Month-to-month,85.45,4517.25,0.2341600071151305,Low,20.0089726079879,1
0268-QKIWO,3,Month-to-month,19.75,58.85,0.2339274850268177,Low,4.62006782927965,1
4693-VWVBO,3,Month-to-month,19.55,61.05,0.23388659650428187,Low,4.572482961658711,0
2000-MPKCA,58,One year,107.75,6332.75,0.2338554067720195,Low,25.1979200796851,0
0326-VDYXE,70,One year,97.65,6982.5,0.23384910185141575,Low,22.83536479579075,0
1360-JYXKQ,54,One year,99.1,5437.1,0.23384279930589377,Low,23.17382141121407,0
4430-YHXGG,4,Month-to-month,25.45,84.2,0.23367736282908405,Low,5.9470888840001885,0
8651-ENBZX,60,One year,106.0,6441.4,0.233645226444356,Low,24.766394003101738,1
5447-WZAFP,53,One year,100.3,5200.8,0.23350348844142016,Low,23.420399890674442,0
9837-FWLCH,12,Month-to-month,19.2,239.0,0.23333343325795364,Low,4.48000191855271,0
1707-HABPF,46,One year,91.3,4126.35,0.2331817936051199,Low,21.289497756147448,0
4184-VODJZ,63,One year,91.35,5764.7,0.23306225199853348,Low,21.29023672006603,0
5076-YVXCM,51,Month-to-month,83.4,4149.45,0.23272766506528797,Low,19.40948726644502,0
4310-KEDTB,26,Month-to-month,29.8,786.5,0.23263441290407827,Low,6.932505504541533,0
2896-TBNBE,40,One year,80.8,3132.75,0.23240531207158402,Low,18.778349215383987,0
3424-NMNBO,58,One year,108.85,6287.25,0.2323728246406165,Low,25.293781962131106,1
6627-CFOSN,59,Month-to-month,99.45,5623.7,0.23231351971897396,Low,23.10357953605196,0
2408-TZMJL,59,One year,110.15,6448.05,0.23211908890269012,Low,25.56791764263132,1
7636-XUHWW,2,Month-to-month,19.9,33.7,0.23211897395140793,Low,4.619167581633017,0
9500-LTVBP,35,Month-to-month,80.05,2835.9,0.23202442917025193,Low,18.573555555078666,0
6849-OYAMU,19,One year,100.0,1888.65,0.23166729070408756,Low,23.166729070408756,1
3657-COGMW,52,Month-to-month,108.1,5839.3,0.23153383427837926,Low,25.028807485492795,0
3097-IDVPU,19,Month-to-month,50.1,910.45,0.23130508313638773,Low,11.588384665133026,0
6300-BWMJX,59,Month-to-month,93.35,5386.5,0.23127340850054587,Low,21.589372683525955,0
9138-EFSMO,26,One year,78.95,2034.25,0.23034160835830322,Low,18.18546997988804,0
5014-WUQMG,47,One year,96.1,4391.45,0.22988313731151114,Low,22.091769495636218,0
9373-WSLOY,33,Month-to-month,50.0,1750.85,0.22978315066778243,Low,11.489157533389122,0
4869-EPIUS,56,One year,80.9,4557.5,0.22965654439885186,Low,18.579214441867116,0
6231-WFGFH,4,Month-to-month,20.5,77.6,0.2295662701800693,Low,4.706108538691421,0
2458-EOMRE,11,Month-to-month,64.05,733.95,0.22945934073087154,Low,14.696870773812321,0
0691-NIKRI,40,One year,105.95,4335.2,0.22940972411283675,Low,24.305960269755055,0
0696-UKTOX,23,Month-to-month,54.15,1312.45,0.2294084272952954,Low,12.422466338040245,0
0836-SEYLU,9,Month-to-month,40.65,328.95,0.22908248606255135,Low,9.312203058442712,1
0058-EVZWM,55,Month-to-month,89.8,4959.6,0.2288799000489681,Low,20.553415024397335,0
5206-XZZQI,53,Month-to-month,80.6,4348.1,0.22882495614050102,Low,18.443291464924382,0
1448-CYWKC,58,One year,105.2,6225.4,0.22864673613787068,Low,24.053636641703996,0
7299-GNVPL,23,Month-to-month,84.4,1936.85,0.22857712700366464,Low,19.291909519109296,0
0690-SRQID,4,Month-to-month,19.65,67.55,0.2284158982831257,Low,4.48837240126342,0
5370-IIVVL,37,One year,104.5,3778.0,0.22824245445982108,Low,23.851336491051303,0
5144-PQCDZ,4,Month-to-month,19.95,59.25,0.2282243628499849,Low,4.553076038857198,0
2533-TIBIX,15,Month-to-month,30.2,469.65,0.22800067315524644,Low,6.885620329288442,0
7921-LMDFQ,51,One year,94.0,4905.75,0.22778446320211457,Low,21.41173954099877,0
4138-NAXED,51,Month-to-month,81.0,4085.75,0.22767818423437092,Low,18.441932922984044,0
0396-UKGAI,23,Month-to-month,55.3,1284.2,0.22763383010826055,Low,12.588150804986808,0
1170-SASML,69,Month-to-month,85.4,5869.4,0.2276130907298917,Low,19.43815794833275,0
5708-EVONK,58,Month-to-month,93.4,5435.6,0.2275792258979394,Low,21.25589969886754,1
4190-MFLUW,10,Month-to-month,55.2,528.35,0.22731556738786163,Low,12.547819319809962,1
9040-KZVWO,26,One year,75.5,2018.1,0.22691997714340306,Low,17.132458274326932,0
3470-BTGQO,21,Month-to-month,45.65,985.05,0.22649675594182497,Low,10.33957690874431,0
6469-QJKZW,4,Month-to-month,20.15,91.4,0.22649507418774578,Low,4.563875744883077,0
7989-VCQOH,18,Month-to-month,83.25,1611.15,0.2262170519520001,Low,18.83256957500401,0
3347-YJZZE,29,Month-to-month,80.1,2211.8,0.22618207751456604,Low,18.11718440891674,0
1591-NFNLQ,51,Month-to-month,80.0,4242.35,0.2260760032197846,Low,18.08608025758277,1
7128-GGCNO,46,Month-to-month,72.8,3249.4,0.22602632276547266,Low,16.45471629732641,0
2233-FAGXV,5,Month-to-month,24.3,132.25,0.22586363934880402,Low,5.488486436175938,0
9342-VNIMQ,33,Month-to-month,54.65,1665.2,0.22559527528116613,Low,12.328781794115729,0
4486-EFAEB,13,Month-to-month,20.4,251.65,0.22551927099742305,Low,4.60059312834743,0
3638-DIMPH,13,One year,43.8,592.65,0.2254788315066511,Low,9.875972819991318,0
2239-JALAW,58,One year,103.25,6017.65,0.22546487255853848,Low,23.279248091669096,1
0913-XWSCN,55,Month-to-month,85.5,4713.4,0.22537638538428356,Low,19.269680950356246,0
7854-EDSSA,22,Month-to-month,59.0,1254.7,0.22520146229662596,Low,13.286886275500931,1
0463-WZZKO,3,Month-to-month,20.75,67.1,0.22510571733611645,Low,4.670943634724416,0
1976-AZZPJ,7,Month-to-month,34.2,256.6,0.22494297299955732,Low,7.693049676584861,0
6475-VHUIZ,23,Month-to-month,54.25,1221.55,0.224921674561829,Low,12.202000844979223,0
7874-ECPQJ,4,Month-to-month,20.05,85.5,0.2249163644736312,Low,4.509573107696306,0
4418-LZMSV,13,Month-to-month,61.8,750.1,0.2242400430610695,Low,13.858034661174095,0
0719-SYFRB,12,Month-to-month,61.65,713.75,0.2242205098076521,Low,13.82319442964175,1
4390-KYULV,3,Month-to-month,20.55,51.15,0.22416225957161928,Low,4.606534434196776,1
3069-SSVSN,1,One year,25.85,25.85,0.22413400719763849,Low,5.793864086058955,0
1228-FZFRV,50,Month-to-month,105.95,5341.8,0.2235354346615353,Low,23.683579302389667,1
1502-XFCVR,58,One year,106.45,6145.85,0.22345080381783505,Low,23.786338066408543,1
1862-SKORY,40,Month-to-month,39.3,1637.4,0.22327204090958028,Low,8.774591207746504,1
2834-SPCJV,52,Month-to-month,84.1,4348.65,0.2230600141262839,Low,18.759347188020474,1
7446-YPODE,11,Month-to-month,60.25,662.95,0.22305547251454105,Low,13.439092219001099,0
9069-LGEUL,23,Month-to-month,59.95,1406.0,0.2230180043140696,Low,13.369929358628474,0
5046-NUHWD,29,Month-to-month,45.0,1228.65,0.2227715701506702,Low,10.02472065678016,0
1840-BIUOG,20,One year,68.7,1416.2,0.22265226023225226,Low,15.296210277955732,0
2293-IJWPS,57,One year,100.75,5985.0,0.22256167226866655,Low,22.423088481068156,0
0568-ONFPC,5,Month-to-month,25.9,135.0,0.22252985386461716,Low,5.763523215093584,1
8663-UPDGF,26,Month-to-month,69.5,1800.05,0.22209874081551936,Low,15.435862486678596,0
2796-UUZZO,63,Month-to-month,80.3,4896.35,0.2220595589380011,Low,17.83138258272149,0
2732-ISEZX,5,Month-to-month,20.5,104.3,0.22164742912092478,Low,4.543772296978958,0
6131-FOYAS,35,Month-to-month,59.6,2094.9,0.22146370305672453,Low,13.199236702180782,0
6624-JDRDS,6,Month-to-month,29.45,161.45,0.22123317594517372,Low,6.515317031585366,0
6773-LQTVT,29,Month-to-month,35.65,1025.15,0.22113074961522475,Low,7.883311223782762,0
0939-EREMR,13,Month-to-month,53.45,718.1,0.22110344823245398,Low,11.817979308024666,0
2153-MREFK,37,One year,99.2,3754.6,0.22097721782042065,Low,21.92094000778573,1
3059-NGMXB,14,Month-to-month,69.2,944.65,0.2207776915439775,Low,15.277816254843243,0
7251-LJBQN,40,One year,103.75,4188.4,0.22045076334698122,Low,22.871766697249303,0
0406-BPDVR,54,One year,101.5,5373.1,0.2203506735620864,Low,22.36559336655177,1
0303-WMMRN,5,Month-to-month,19.25,86.05,0.2198285647484609,Low,4.231699871407873,0
4612-THJBS,56,One year,104.75,5510.65,0.2198256135112125,Low,23.02673301529951,1
2599-CZABP,14,One year,44.6,641.25,0.21931555735260314,Low,9.7814738579261,0
0909-SDHNU,7,Month-to-month,29.8,201.95,0.2189888083904443,Low,6.5258664900352406,0
8166-ORCHU,33,One year,93.55,3055.5,0.21888133033952084,Low,20.476348453262172,0
0156-FVPTA,22,Month-to-month,54.2,1152.7,0.21874467724933697,Low,11.855961506914063,1
9974-JFBHQ,64,Month-to-month,99.15,6171.2,0.2186925562701089,Low,21.6833669541813,0
9142-KZXOP,44,Month-to-month,68.85,2958.95,0.21848152748041128,Low,15.042453167026315,0
8317-BVKSO,14,Month-to-month,20.05,299.3,0.21846608013871588,Low,4.380244906781254,0
2858-MOFSQ,17,One year,55.85,937.5,0.21827398037470683,Low,12.190601803927377,1
1732-VHUBQ,47,Month-to-month,70.55,3309.25,0.21816674622854076,Low,15.39166394642355,1
7789-HKSBS,42,One year,105.2,4599.15,0.21807753049831982,Low,22.941756208423246,0
7610-TVOPG,15,Month-to-month,26.35,378.6,0.21790416002887616,Low,5.741774616760887,0
8404-VLQFB,15,Month-to-month,25.25,394.85,0.2178924668533822,Low,5.5017847880479005,0
8735-DCXNF,10,Month-to-month,54.95,568.85,0.21723107144515974,Low,11.936847375911528,0
8182-PNAGI,12,Month-to-month,50.25,593.75,0.21714923234352063,Low,10.91174892526191,1
6421-SZVEM,28,One year,82.85,2320.8,0.217120051528553,Low,17.988396269140615,0
6537-OTKMY,15,One year,50.75,688.2,0.21706643010368534,Low,11.016121327762031,0
8807-ARQET,41,Month-to-month,40.35,1677.85,0.21693831194729526,Low,8.753460887073365,0
1061-PNTHC,56,Month-to-month,109.6,5953.0,0.21690040498298313,Low,23.77228438613495,0
7976-CICYS,4,Month-to-month,20.7,83.75,0.2167727179617249,Low,4.487195261807705,0
7251-XFOIL,61,Month-to-month,89.2,5500.6,0.2167555198977607,Low,19.334592374880256,0
5628-RKIFK,49,Month-to-month,101.55,5070.4,0.2160795968178302,Low,21.942883056850658,0
5712-VBOXD,4,Month-to-month,20.15,68.45,0.21563211200354307,Low,4.344987056871393,0
1698-XFZCI,61,One year,107.75,6521.9,0.2156019572220324,Low,23.231110890673992,0
5469-CTCWN,61,One year,106.0,6547.7,0.21558096999967913,Low,22.851582819965987,1
0639-TSIQW,67,Month-to-month,102.95,6886.25,0.21539915689745162,Low,22.175343202592646,1
2826-DXLQO,7,Month-to-month,29.8,220.45,0.2153301623771231,Low,6.416838838838268,0
9565-JSNFM,38,One year,70.45,2597.6,0.21532653761265963,Low,15.169754574811872,1
5473-KHBPS,52,One year,95.7,4976.15,0.2148335691126665,Low,20.559572564082185,0
0691-JVSYA,53,One year,94.85,5000.2,0.21481442463180805,Low,20.37514817632699,1
8799-OXZMD,28,Month-to-month,29.75,790.7,0.21442871342177014,Low,6.379254224297662,0
8945-MUQUF,51,One year,94.8,4837.6,0.21435857259715668,Low,20.32119268221045,1
9578-FOMUK,15,Month-to-month,24.8,324.15,0.21414309396640244,Low,5.310748730366781,0
9978-HYCIN,47,One year,84.95,4018.05,0.21390142885322266,Low,18.170926381081266,0
4819-HJPIW,18,Month-to-month,25.15,476.8,0.21375141127184463,Low,5.375847993486892,0
5955-EPOAZ,6,Month-to-month,20.95,109.5,0.21321748378407943,Low,4.466906285276464,0
5287-QWLKY,71,Month-to-month,105.1,7548.1,0.21313790813343278,Low,22.400794144823784,1
0617-FHSGK,49,Month-to-month,75.2,3678.3,0.21307404932344476,Low,16.023168509123046,1
8033-ATFAS,39,Month-to-month,59.85,2341.5,0.2127050484586093,Low,12.730397150247766,0
4908-XAXAY,49,One year,89.85,4287.2,0.21256210041733384,Low,19.098704722497445,0
9099-FTUHS,23,Month-to-month,54.4,1249.25,0.21251336580882857,Low,11.560727100000275,0
9496-IVVRP,11,Month-to-month,51.0,581.7,0.21235024309377348,Low,10.829862397782447,0
1641-BYBTK,6,Month-to-month,20.2,98.35,0.21214554837485586,Low,4.285340077172088,0
5067-XJQFU,66,One year,108.45,7076.35,0.21188470057595213,Low,22.978895777462007,0
3689-MOZGR,29,Month-to-month,31.2,926.2,0.2118185308455545,Low,6.6087381623813,0
6303-KFWSL,29,One year,55.25,1620.2,0.21175155899465858,Low,11.699273634454887,0
1732-FEKLD,54,One year,94.75,5121.75,0.21168660553180238,Low,20.057305874138276,0
4939-KYYPY,27,Month-to-month,59.45,1611.65,0.211608253803871,Low,12.580110688640131,0
2782-JEEBU,21,Month-to-month,36.0,780.15,0.21151967772386437,Low,7.6147083980591175,0
9972-VAFJJ,53,One year,94.0,4871.45,0.21126188156196707,Low,19.858616866824903,0
3128-YOVTD,51,Month-to-month,79.15,4018.55,0.21124154621127034,Low,16.71976838262205,0
8444-WRIDW,66,Month-to-month,80.45,5224.35,0.21112078396862782,Low,16.98466707027611,1
2995-UPRYS,40,One year,99.2,4062.2,0.21104836822238315,Low,20.935998127660408,1
4791-QRGMF,59,One year,99.5,5961.1,0.2109351222732605,Low,20.98804466618942,1
0887-WBJVH,53,One year,93.45,4872.2,0.2109050769390807,Low,19.70907943995709,0
2659-VXMWZ,67,One year,111.3,7482.1,0.2108933041677342,Low,23.472424753868815,1
7088-FBAWU,17,Month-to-month,74.55,1215.8,0.21088720299628033,Low,15.721640983372698,0
6952-OMNWB,68,Month-to-month,80.35,5589.3,0.2107838364382748,Low,16.93648125781538,0
5566-SOEZD,27,One year,80.65,2209.75,0.2107588782188576,Low,16.99770352835087,0
0002-ORFBO,9,One year,65.6,593.3,0.2107303725517552,Low,13.823912439395139,0
0733-VUNUW,24,Month-to-month,55.65,1400.55,0.21063319841984213,Low,11.721737492064214,1
5133-VRSAB,8,Month-to-month,29.35,216.45,0.2104334421334331,Low,6.176221526616262,0
7673-LPRNY,23,One year,78.55,1843.05,0.20980216063784377,Low,16.479959718102627,0
7124-UGSUR,61,One year,104.4,6405.0,0.20966572028863775,Low,21.889101198133783,1
9825-YCXWZ,41,One year,101.1,4016.2,0.209660763907652,Low,21.196703231063616,0
2270-CHBFN,44,Month-to-month,95.1,4060.55,0.20951722041181867,Low,19.925087661163953,0
8124-NZVGJ,6,One year,49.25,255.6,0.20944929274407006,Low,10.31537766764545,0
5688-KZTSN,15,Month-to-month,20.0,288.05,0.20899058208566287,Low,4.179811641713258,1
7402-PWYJJ,53,One year,91.15,4862.5,0.20881087770705664,Low,19.033111502998214,0
2969-WGHQO,7,One year,69.45,477.05,0.20875931375534793,Low,14.498334340308913,0
3886-CERTZ,72,One year,109.25,8109.8,0.20874389239895344,Low,22.805270244585664,1
7619-ODSGN,24,Month-to-month,54.75,1338.15,0.2081867543578058,Low,11.398224801089867,1
1091-SOZGA,56,One year,99.8,5515.45,0.20814548200763816,Low,20.772919104362288,0
3927-NLNRY,53,One year,94.25,4867.95,0.20808233572733234,Low,19.611760142301073,1
7716-YTYHG,48,One year,82.05,4029.95,0.2080458250845573,Low,17.070159948187925,1
3723-BFBGR,24,Month-to-month,54.8,1291.3,0.20804456951206865,Low,11.400842409261362,0
2858-EIMXH,53,One year,95.85,5016.25,0.20802224305726696,Low,19.938931997039038,0
6689-VRRTK,44,One year,109.8,4860.35,0.20782874543311364,Low,22.819596248555875,0
3694-GLTJM,5,Month-to-month,19.65,92.05,0.20756547015214127,Low,4.078661488489575,0
8111-BKVDS,10,Month-to-month,40.7,449.3,0.20753567954542212,Low,8.446702157498681,0
2758-RNWXS,35,One year,89.2,3251.3,0.20738009690782055,Low,18.498304644177594,0
3472-OAOOR,19,Month-to-month,34.95,610.2,0.20683016489614597,Low,7.2287142631203025,0
9154-QDGTH,43,One year,104.3,4451.85,0.2068105632181082,Low,21.570341743648683,0
5311-IHLEI,12,Month-to-month,50.95,605.75,0.20672544629309436,Low,10.532661488633158,0
4950-BDEUX,35,Month-to-month,49.2,1701.65,0.20664068120202345,Low,10.166721515139555,0
2924-KHUVI,56,One year,100.55,5514.95,0.20662583469804258,Low,20.77622767888818,0
2522-AHJXR,60,Month-to-month,109.45,6572.85,0.20653712175539232,Low,22.60548797612769,0
3221-CJMSG,24,Month-to-month,51.1,1269.6,0.2064477064033667,Low,10.54947779721204,0
0899-WZRSD,56,Month-to-month,105.35,5794.45,0.20630229178256146,Low,21.733946439292847,0
5315-CKEQK,28,One year,51.0,1381.8,0.2062298562532679,Low,10.517722668916663,0
8295-FHIVV,7,Month-to-month,19.4,168.65,0.2061427356648415,Low,3.999169071897925,0
3523-QRQLL,22,One year,69.5,1498.2,0.20610093927672374,Low,14.3240152797323,1
1984-FCOWB,70,One year,109.5,7674.55,0.20587963622030325,Low,22.543820166123208,1
9788-YTFGE,7,Month-to-month,19.95,147.5,0.2055396621542978,Low,4.100516259978241,0
8952-WCVCD,41,One year,104.45,4162.05,0.20552536399679022,Low,21.46712426946474,0
4987-GQWPO,17,Month-to-month,25.1,382.8,0.2053787228773237,Low,5.155005944220825,0
2108-GLPQB,25,Month-to-month,55.55,1405.3,0.205231594937805,Low,11.400615098795067,0
9027-YFHQJ,7,Month-to-month,25.05,152.95,0.20498562652629246,Low,5.134889944483626,0
2851-MMUTZ,27,Month-to-month,56.15,1439.35,0.20444119299742222,Low,11.479372986805258,0
6296-DDOOR,19,One year,58.2,1045.25,0.20412709661568398,Low,11.880197023032808,0
4123-FCVCB,12,One year,75.85,854.45,0.20410477752842335,Low,15.481347375530909,0
1386-ZIKUV,7,Month-to-month,18.95,130.55,0.20405263353393252,Low,3.866797405468021,0
5448-VWNAM,19,Month-to-month,75.9,1375.6,0.20396369967955139,Low,15.480844805677952,0
9943-VSZUV,67,Month-to-month,75.7,5060.85,0.20394549138612109,Low,15.438673697929367,0
0851-DFJKB,15,Month-to-month,58.95,955.15,0.20382144132412772,Low,12.015273966057329,0
5334-JLAXU,60,Month-to-month,94.1,5475.9,0.20374470900263908,Low,19.172377117148336,0
0953-LGOVU,12,Month-to-month,35.5,432.25,0.2034407775437422,Low,7.222147602802848,0
7811-JIVPF,23,Month-to-month,49.7,1081.25,0.20331645136993987,Low,10.104827633086012,0
5766-XQXMQ,29,Month-to-month,68.85,1970.5,0.20319826450223707,Low,13.99020051097902,1
4075-JFPGR,51,One year,93.5,4619.55,0.20314445936727052,Low,18.994006950839793,0
4177-JPDFU,12,Month-to-month,34.0,442.45,0.2028721854511525,Low,6.897654305339184,0
1710-RCXUS,51,One year,90.35,4614.55,0.2027218728262154,Low,18.31592120984856,0
4797-MIWUM,7,Month-to-month,20.25,174.7,0.20265652466738993,Low,4.103794624514646,0
9701-CDXHR,51,Month-to-month,69.15,3649.6,0.20259973184952415,Low,14.009771457394596,0
0440-MOGPM,41,One year,80.55,3263.9,0.20235539409970688,Low,16.299726994731387,0
5337-IIWKZ,34,Month-to-month,44.85,1442.6,0.20218569974374517,Low,9.068028633506971,0
0292-WEGCH,54,Month-to-month,86.2,4524.05,0.20200151723554177,Low,17.4125307857037,0
9097-ZUBYC,14,Month-to-month,48.8,664.4,0.2019261000484298,Low,9.853993682363374,0
7674-YTAFD,33,One year,79.95,2684.85,0.20189274496151546,Low,16.141324959673163,0
6647-ZEDXT,30,One year,110.45,3327.05,0.20179036026347297,Low,22.287745291100588,0
1573-LGXBA,57,One year,97.55,5598.0,0.20178961999698594,Low,19.68457743070598,0
8224-IVVPA,27,Month-to-month,56.7,1652.95,0.20156589928929333,Low,11.428786489702933,0
7148-XZPHA,55,Month-to-month,79.4,4238.45,0.20144880570284635,Low,15.995035172806,0
6199-IWKGC,46,One year,100.25,4753.85,0.2013891973151215,Low,20.18926703084093,0
6469-MRVET,1,One year,20.2,20.2,0.20117220234343908,Low,4.063678487337469,0
6959-GQEGV,45,Month-to-month,75.95,3273.8,0.2010573790379053,Low,15.270307937928909,0
6791-YBNAK,18,Month-to-month,25.55,467.85,0.2010522873019986,Low,5.1368859405660645,0
4646-QZXTF,7,Month-to-month,81.25,580.1,0.2007442702707502,Low,16.310471959498454,0
6207-WIOLX,25,Month-to-month,58.6,1502.65,0.20071011249574822,Low,11.761612592250845,1
4832-VRBMR,65,One year,103.15,6792.45,0.20040410078295978,Low,20.671682995762303,0
9058-HRZSV,65,Month-to-month,94.4,6126.15,0.20034243871907031,Low,18.91232621508024,0
1518-OMDIK,33,Month-to-month,44.55,1462.6,0.20034012028280848,Low,8.925152358599117,0
0956-ACVZC,54,One year,94.1,5060.9,0.20027343929958452,Low,18.845730638090902,0
4541-RMRLG,7,Month-to-month,19.25,112.3,0.2002105899587273,Low,3.8540538567055003,1
3807-BPOMJ,55,One year,94.75,5276.1,0.200117608873573,Low,18.961143440771043,0
3763-GCZHZ,66,One year,104.05,6890.0,0.20009018967207381,Low,20.819384235379278,1
3584-WKTTW,51,One year,111.55,5720.35,0.19995500507586672,Low,22.304980816212932,0
7639-SUPCW,22,Month-to-month,48.8,1054.6,0.19892006046914099,Low,9.70729895089408,1
9821-BESNZ,66,One year,104.25,6860.6,0.19888490475777498,Low,20.733751320998042,0
8878-RYUKI,52,Month-to-month,59.45,3043.7,0.19879004761808608,Low,11.818068330895217,0
9820-RMCQV,11,Month-to-month,48.55,501.0,0.19876956118763522,Low,9.650262195659689,1
6322-PJJDJ,49,Two year,94.8,4690.65,0.19868533759755957,Low,18.83537000424865,0
4282-ACRXS,38,Month-to-month,24.85,955.75,0.19820280323541753,Low,4.925339660400126,0
1169-SAOCL,49,One year,106.65,5168.1,0.19819878613219222,Low,21.137900540998302,0
0512-FLFDW,60,One year,100.5,6029.0,0.1981049674333693,Low,19.909549227053617,0
6890-PFRQX,18,Month-to-month,69.5,1199.4,0.19799413549214784,Low,13.760592416704275,0
2237-ZFSMY,39,One year,95.55,3692.85,0.19794300849872165,Low,18.913454462052854,1
3948-XHGNA,24,Month-to-month,49.55,1210.4,0.19756024813614603,Low,9.789110295146035,1
6713-OKOMC,10,Month-to-month,29.75,301.9,0.19748343787089304,Low,5.875132276659068,0
7856-GANIL,45,One year,98.7,4525.8,0.1972730241726005,Low,19.47084748583567,0
7409-JURKQ,53,One year,111.8,5809.75,0.19719168790102518,Low,22.046030707334616,0
1614-JBEBI,8,Month-to-month,20.7,137.6,0.19708676217221405,Low,4.079695976964831,0
8495-LJDFO,64,Month-to-month,108.95,7111.3,0.19686711501033802,Low,21.448672180376327,0
1735-XMJVH,8,Month-to-month,19.35,152.6,0.1968499266672918,Low,3.809046081012097,0
7694-VLBWQ,67,One year,104.1,7040.85,0.1965978092083404,Low,20.465831938588234,1
4415-WNGVR,12,One year,79.2,943.85,0.19628712951693955,Low,15.545940657741612,0
9844-FELAJ,70,One year,107.9,7475.85,0.19566637517699598,Low,21.11240188159787,0
0872-JCPIB,17,Month-to-month,65.75,1111.2,0.19560219787374247,Low,12.860844510198568,0
5734-EJKXG,61,One year,118.6,7365.7,0.1953480180169074,Low,23.16827493680522,0
5832-EXGTT,29,Month-to-month,60.2,1834.15,0.19534258940460278,Low,11.759623882157088,0
0471-ARVMX,62,One year,104.85,6312.9,0.19519190764993724,Low,20.46587151709592,0
1356-MKYSK,6,Month-to-month,78.65,483.3,0.19511380619840923,Low,15.345700857504887,0
2480-EJWYP,58,One year,97.8,5458.8,0.19509859552091652,Low,19.080642641945634,0
0895-LMRSF,23,One year,64.9,1509.8,0.1949831593122783,Low,12.654407039366863,0
9705-IOVQQ,61,One year,99.0,5969.3,0.19495909109203377,Low,19.300950018111344,0
6994-FGRHH,70,One year,106.15,7475.1,0.1944551824303332,Low,20.64141761497987,0
4160-AMJTL,8,Month-to-month,19.65,164.3,0.19444820912767136,Low,3.820907309358742,1
1324-NLTJE,15,Month-to-month,55.0,757.1,0.19406531747807912,Low,10.673592461294351,1
2731-GJRDG,32,One year,109.55,3608.0,0.19405992894296464,Low,21.259265215701777,0
2616-UUTFK,33,Month-to-month,72.75,2447.45,0.1938455986296984,Low,14.10226730031056,0
2294-SALNE,23,One year,86.8,1940.8,0.19378193413214928,Low,16.820271882670557,0
6284-KMNUF,56,One year,98.0,5270.6,0.19369669987682453,Low,18.982276587928805,0
3981-QSVQI,8,Month-to-month,19.7,168.9,0.19360547793769495,Low,3.8140279153725904,0
1585-MQSSU,17,Month-to-month,51.5,900.5,0.19351796900923468,Low,9.966175403975585,1
4353-HYOJD,27,Month-to-month,49.85,1336.15,0.19347206071738637,Low,9.644582226761711,0
4365-MSDYN,8,Month-to-month,19.55,161.15,0.19315961770574586,Low,3.7762705261473317,0
0580-PIQHM,41,One year,101.6,3930.55,0.19302002980499022,Low,19.610835028187005,0
3468-DRVQJ,10,One year,70.3,676.15,0.19298218229989314,Low,13.566647415682487,0
5945-AZYHT,71,One year,109.6,7854.15,0.1927365713656572,Low,21.123928221676028,0
3870-MQAMG,54,One year,110.35,5893.15,0.19273183913529793,Low,21.267958448580124,1
4472-VESGY,52,Month-to-month,98.15,4993.4,0.19239621078660507,Low,18.883688088705288,0
0096-FCPUF,30,Month-to-month,64.5,1888.45,0.19237150925794544,Low,12.407962347137481,0
6549-YMFAW,9,Month-to-month,21.25,204.55,0.19215483417705842,Low,4.083290226262491,0
4016-BJKTZ,25,Two year,108.9,2809.05,0.19201544170956042,Low,20.91048160217113,0
1629-DQQVB,14,Month-to-month,50.1,709.5,0.19200622702239062,Low,9.619511973821771,0
7036-ZZKBD,31,Month-to-month,66.4,2019.8,0.1919824115270361,Low,12.747632125395198,0
8023-QHAIO,56,Month-to-month,76.85,4275.75,0.19194680936729572,Low,14.751112299876675,0
9281-PKKZE,46,Month-to-month,43.95,2007.85,0.19175521975347304,Low,8.42764190816514,0
5968-XQIVE,72,One year,89.7,6588.95,0.19166876096077362,Low,17.192687858181394,0
0048-LUMLS,37,One year,91.2,3247.55,0.19166295100981204,Low,17.479661132094858,0
4350-ZTLPI,53,One year,108.95,5718.2,0.19118556270494436,Low,20.829667056703688,0
7285-KLOTR,12,One year,78.85,876.75,0.19112977712921575,Low,15.07058292663866,0
1666-JZPZT,27,Month-to-month,49.0,1291.35,0.19091816111926938,Low,9.354989894844199,0
4816-OKWNX,50,One year,103.4,5236.4,0.19077913113568057,Low,19.72656215942937,0
1215-VFYVK,4,Month-to-month,48.25,202.25,0.19071209787713683,Low,9.201858722571853,0
6351-SCJKT,3,Month-to-month,41.35,107.25,0.19013162846718842,Low,7.861942837118241,0
5897-ZYEKH,67,One year,105.6,7112.15,0.19004231171293695,Low,20.06846811688614,0
9025-ZRPVR,9,Month-to-month,18.95,185.6,0.1897949810502414,Low,3.5966148909020745,1
3190-XFANI,49,One year,100.6,5069.65,0.1897459619184253,Low,19.088443768993585,1
8268-YDIXR,56,One year,93.15,5253.95,0.1897383958217343,Low,17.67413157079455,0
6563-VNPMN,45,Month-to-month,85.7,3778.1,0.1896612875960584,Low,16.253972346982206,0
5149-CUZUJ,28,One year,92.9,2768.35,0.1893056607625197,Low,17.586495884838083,0
3633-CDBUW,17,One year,80.85,1445.95,0.18923056780477437,Low,15.299291407016007,0
3316-UWXUY,50,Month-to-month,93.5,4747.5,0.18906614220342474,Low,17.677684296020214,0
5018-HEKFO,10,Month-to-month,24.5,270.15,0.18902616553181759,Low,4.631141055529531,0
5188-HGMLP,54,Month-to-month,74.0,3919.15,0.18877635777957158,Low,13.969450475688298,0
5155-AZQPB,28,Month-to-month,49.9,1410.25,0.18859422603428266,Low,9.410851879110705,0
5176-LDKUH,48,One year,75.15,3772.65,0.18850368284233973,Low,14.166051765601832,0
3170-GWYKC,60,Month-to-month,104.95,6236.75,0.18826960433357184,Low,19.758894974808367,0
3682-YEUWS,10,Month-to-month,24.4,253.9,0.1882495744611308,Low,4.5932896168515915,0
0257-KXZGU,32,Month-to-month,62.45,2045.55,0.18809549962188846,Low,11.746563951386936,0
8731-WBBMB,26,Month-to-month,81.9,2078.55,0.1878970912088924,Low,15.388771770008288,0
1697-NVVGY,19,Month-to-month,66.4,1286.05,0.1873738169709103,Low,12.441621446868444,0
7241-AJHFS,32,Month-to-month,87.65,2766.4,0.1871307839816763,Low,16.40201321599393,0
6686-YPGHK,47,Month-to-month,85.5,4042.3,0.1870951088930364,Low,15.996631810354613,1
2080-SRCDE,1,Month-to-month,25.4,25.4,0.18694261963222875,Low,4.74834253865861,0
7016-BPGEU,29,Month-to-month,25.1,712.85,0.18694169782648443,Low,4.6922366154447595,1
3606-SBKRY,31,One year,50.05,1523.4,0.18689978081506275,Low,9.35433402979389,0
3815-SLMEF,3,Month-to-month,34.25,139.35,0.18688096546557137,Low,6.400673067195819,1
9833-TGFHX,42,One year,97.1,4016.75,0.1867615560881963,Low,18.13454709616386,0
5837-LXSDN,21,One year,58.85,1215.45,0.18668202472174927,Low,10.986237154874946,0
4753-PADAS,67,One year,105.7,6816.95,0.1866746691770867,Low,19.731512532018066,0
4710-NKCAW,5,Month-to-month,64.4,316.9,0.18651846556616525,Low,12.011789182461044,0
2817-NTQDO,13,Month-to-month,45.55,597.0,0.18648706652451627,Low,8.494485880191716,1
9139-WQQDY,49,One year,100.45,4941.8,0.18627728631121357,Low,18.711553409961404,1
8597-CWYHH,43,One year,94.35,3921.3,0.18626218247913576,Low,17.57383691690646,0
2155-AMQRX,28,Month-to-month,54.9,1505.15,0.18622925635676124,Low,10.223986173986193,0
7140-ADSMJ,8,Month-to-month,20.45,162.3,0.1861778049887593,Low,3.8073361120201277,0
5701-SVCWR,1,Month-to-month,24.0,24.0,0.18597181123447695,Low,4.463323469627447,0
0239-OXEXL,46,Month-to-month,84.25,3847.6,0.1858732881583098,Low,15.659824527337602,0
6344-SFJVH,20,Month-to-month,24.9,505.95,0.18579785254839182,Low,4.626366528454956,0
7750-EYXWZ,12,One year,60.65,743.3,0.1857840680664468,Low,11.267803728229998,0
3594-KADLU,3,Month-to-month,35.1,101.1,0.18577543307951488,Low,6.520717701090973,0
9115-YQHGA,40,Month-to-month,51.1,2092.9,0.1857634262313861,Low,9.49251108042383,0
9512-PHSMG,10,Month-to-month,20.55,252.75,0.18569155026428424,Low,3.8159613579310414,0
3847-BAERP,10,Month-to-month,20.9,247.0,0.1856698004872403,Low,3.880498830183322,0
8100-HZZLJ,43,Month-to-month,63.95,2737.05,0.18563262015221457,Low,11.871206058734122,0
0471-LVHGK,41,One year,73.0,3001.2,0.18556460986633616,Low,13.54621652024254,1
7502-BNYGS,46,Month-to-month,69.1,3168.0,0.18543553601627694,Low,12.813595538724735,0
5343-SGUBI,52,One year,80.2,4297.6,0.18542596508706627,Low,14.871162399982715,0
4291-HYEBC,28,One year,39.1,1096.6,0.1853774278084953,Low,7.248257427312167,0
2186-QZEYA,29,Month-to-month,58.55,1718.95,0.185053768242007,Low,10.83489813056951,0
0961-ZWLVI,49,One year,109.2,5290.45,0.185051121011069,Low,20.207582414408733,0
8495-PRWFH,42,Month-to-month,55.65,2421.75,0.1850449770200241,Low,10.297752971164341,0
3391-JSQEW,40,Month-to-month,50.15,2058.5,0.18480434796457618,Low,9.267938050423496,0
8734-FNWVH,31,Month-to-month,59.7,1825.5,0.1847996205446224,Low,11.032537346513958,0
7880-XSOJX,4,Month-to-month,42.4,146.4,0.18445877701786673,Low,7.821052145557549,0
8865-TNMNX,10,One year,49.55,475.7,0.18418719615349266,Low,9.12647556940556,0
9909-DFRJA,26,One year,95.85,2475.35,0.18413608860043712,Low,17.649444092351896,0
0130-SXOUN,66,Month-to-month,89.4,5976.9,0.18408749467318894,Low,16.457422023783092,0
3413-CSSTH,41,Month-to-month,55.7,2237.55,0.1840818916441898,Low,10.253361364581373,0
5353-WILCI,28,Month-to-month,56.05,1522.65,0.18400797128290705,Low,10.31364679040694,0
6769-DCQLI,52,One year,105.0,5426.85,0.18398488012604478,Low,19.3184124132347,1
2111-DWYHN,1,Month-to-month,21.1,21.1,0.18397323513322267,Low,3.8818352613109988,0
3756-VNWDH,65,One year,100.75,6674.65,0.18397212215135503,Low,18.53519130674902,0
5624-BQSSA,1,Month-to-month,20.95,20.95,0.18387031439477083,Low,3.852083086570449,1
0426-TIRNE,1,Month-to-month,20.9,20.9,0.18383601739574776,Low,3.842172763571128,1
7243-LCGGZ,1,Month-to-month,20.9,20.9,0.18383601739574776,Low,3.842172763571128,0
7434-SHXLS,1,Month-to-month,20.9,20.9,0.18383601739574776,Low,3.842172763571128,1
4013-GUXND,1,Month-to-month,20.8,20.8,0.18376743826732145,Low,3.822362715960286,0
3645-DEYGF,1,Month-to-month,20.75,20.75,0.18373315613756036,Low,3.8124629898543776,0
2750-BJLSB,47,One year,103.7,4730.6,0.1837252780301876,Low,19.052311331730454,0
5049-GLYVG,1,Month-to-month,20.6,20.6,0.18363033948393362,Low,3.7827849933690327,1
3976-NLDEZ,1,Month-to-month,20.6,20.6,0.18363033948393362,Low,3.7827849933690327,0
0668-OGMHD,21,Month-to-month,28.5,629.35,0.1836032086711345,Low,5.232691447127333,0
3803-KMQFW,1,Month-to-month,20.55,20.55,0.18359607717734464,Low,3.772899385994432,1
2002-MZHWP,1,Month-to-month,20.5,20.5,0.18356181982609904,Low,3.7630173064350303,1
4745-LSPLO,1,Month-to-month,20.5,20.5,0.18356181982609904,Low,3.7630173064350303,1
9753-OYLBX,1,Month-to-month,20.5,20.5,0.18356181982609904,Low,3.7630173064350303,0
0673-IGUQO,1,Month-to-month,20.45,20.45,0.1835275674300165,Low,3.7531387539438374,0
2668-TZSPS,1,Month-to-month,20.45,20.45,0.1835275674300165,Low,3.7531387539438374,0
6579-JPICP,1,Month-to-month,20.4,20.4,0.18349331998891658,Low,3.743263727773898,0
3727-JEZTU,1,Month-to-month,20.4,20.4,0.18349331998891658,Low,3.743263727773898,0
1963-VAUKV,1,Month-to-month,20.4,20.4,0.18349331998891658,Low,3.743263727773898,1
3590-TCXTB,1,Month-to-month,20.35,20.35,0.18345907750261847,Low,3.7333922271782862,0
2592-YKDIF,1,Month-to-month,20.35,20.35,0.18345907750261847,Low,3.7333922271782862,0
9122-UMROB,1,Month-to-month,20.3,20.3,0.1834248399709414,Low,3.7235242514101103,0
2676-ISHSF,1,Month-to-month,20.3,20.3,0.1834248399709414,Low,3.7235242514101103,0
8203-XJZRC,1,Month-to-month,20.25,20.25,0.18339060739370414,Low,3.713659799722509,0
4211-MMAZN,1,Month-to-month,20.25,20.25,0.18339060739370414,Low,3.713659799722509,1
4786-UKSNZ,1,Month-to-month,20.2,20.2,0.18335637977072541,Low,3.703798871368653,1
6380-ARCEH,1,Month-to-month,20.2,20.2,0.18335637977072541,Low,3.703798871368653,0
3247-MHJKM,1,Month-to-month,20.2,20.2,0.18335637977072541,Low,3.703798871368653,0
8048-DSDFQ,1,Month-to-month,20.2,20.2,0.18335637977072541,Low,3.703798871368653,0
1066-JKSGK,1,Month-to-month,20.15,20.15,0.18332215710182373,Low,3.693941465601748,1
1934-SJVJK,1,Month-to-month,20.15,20.15,0.18332215710182373,Low,3.693941465601748,1
8974-OVACP,1,Month-to-month,20.15,20.15,0.18332215710182373,Low,3.693941465601748,0
3148-BLQJT,1,Month-to-month,20.1,20.1,0.1832879393868173,Low,3.684087581675028,1
8749-CLJXC,1,Month-to-month,20.05,20.05,0.18325372662552428,Low,3.674237218841762,0
5028-HTLJB,1,Month-to-month,20.05,20.05,0.18325372662552428,Low,3.674237218841762,1
7096-UCLNH,1,Month-to-month,20.05,20.05,0.18325372662552428,Low,3.674237218841762,0
9962-BFPDU,1,Month-to-month,20.05,20.05,0.18325372662552428,Low,3.674237218841762,0
3030-ZKIWL,1,Month-to-month,20.05,20.05,0.18325372662552428,Low,3.674237218841762,0
2812-SFXMJ,1,Month-to-month,20.05,20.05,0.18325372662552428,Low,3.674237218841762,0
7698-YFGEZ,1,Month-to-month,20.0,20.0,0.1832195188177624,Low,3.6643903763552483,0
4877-EVATK,1,Month-to-month,20.0,20.0,0.1832195188177624,Low,3.6643903763552483,1
6286-SUUWT,1,Month-to-month,19.95,19.95,0.18318531596334942,Low,3.654547053468821,0
3900-AQPHZ,1,Month-to-month,19.9,19.9,0.1831511180621027,Low,3.644707249435844,1
6654-QGBZZ,1,Month-to-month,19.9,19.9,0.1831511180621027,Low,3.644707249435844,0
5515-IDEJJ,1,Month-to-month,19.9,19.9,0.1831511180621027,Low,3.644707249435844,1
7878-RTCZG,1,Month-to-month,19.9,19.9,0.1831511180621027,Low,3.644707249435844,0
4291-HPAXL,1,Month-to-month,19.85,19.85,0.18311692511383956,Low,3.6348709635097154,0
1135-LMECX,1,Month-to-month,19.85,19.85,0.18311692511383956,Low,3.6348709635097154,0
4892-VLANZ,1,Month-to-month,19.8,19.8,0.18308273711837694,Low,3.6250381949438637,1
7382-DFJTU,18,Month-to-month,55.2,1058.1,0.1830541674436014,Low,10.104590042886798,0
6124-ACRHJ,1,Month-to-month,19.75,19.75,0.18304855407553178,Low,3.6152089429917527,0
6849-WLEYG,1,Month-to-month,19.75,19.75,0.18304855407553178,Low,3.6152089429917527,1
7239-HZZCX,1,Month-to-month,19.75,19.75,0.18304855407553178,Low,3.6152089429917527,1
3930-ZGWVE,1,Month-to-month,19.75,19.75,0.18304855407553178,Low,3.6152089429917527,0
5802-ADBRC,50,One year,104.4,5232.9,0.18301518440483047,Low,19.106785251864302,0
0247-SLUJI,1,Month-to-month,19.7,19.7,0.18301437598512058,Low,3.6053832069068754,0
6615-ZGEDR,1,Month-to-month,19.7,19.7,0.18301437598512058,Low,3.6053832069068754,1
4936-YPJNK,10,Month-to-month,19.9,199.45,0.1829817717786006,Low,3.6413372583941515,0
3785-NRHYR,1,Month-to-month,19.65,19.65,0.18298020284695984,Low,3.5955609859427606,0
0970-QXPXW,1,Month-to-month,19.65,19.65,0.18298020284695984,Low,3.5955609859427606,0
8329-IBCTI,1,Month-to-month,19.65,19.65,0.18298020284695984,Low,3.5955609859427606,1
7721-DVEKZ,1,Month-to-month,19.65,19.65,0.18298020284695984,Low,3.5955609859427606,0
6141-OOXUQ,1,Month-to-month,19.65,19.65,0.18298020284695984,Low,3.5955609859427606,1
5569-IDSEY,71,One year,105.7,7472.15,0.18297651366291265,Low,19.340617494169866,0
8605-ITULD,1,Month-to-month,19.55,19.55,0.1829118714266543,Low,3.5759270863910917,0
1029-QFBEN,1,Month-to-month,19.55,19.55,0.1829118714266543,Low,3.5759270863910917,1
7601-WFVZV,1,Month-to-month,19.55,19.55,0.1829118714266543,Low,3.5759270863910917,0
2866-IKBTM,1,Month-to-month,19.55,19.55,0.1829118714266543,Low,3.5759270863910917,0
0927-CNGRH,1,Month-to-month,19.55,19.55,0.1829118714266543,Low,3.5759270863910917,0
1784-BXEFA,10,Month-to-month,20.55,187.35,0.18288110721121206,Low,3.758206753190408,0
7551-JOHTI,1,Month-to-month,19.5,19.5,0.18287771314414134,Low,3.566115406310756,1
1905-OEILC,1,Month-to-month,19.5,19.5,0.18287771314414134,Low,3.566115406310756,0
4760-XOHVN,1,Month-to-month,19.45,19.45,0.18284355981314235,Low,3.5563072383656187,1
8393-JMVMB,1,Month-to-month,19.45,19.45,0.18284355981314235,Low,3.5563072383656187,0
5766-ZJYBB,1,Month-to-month,19.4,19.4,0.18280941143347287,Low,3.5465025818093734,1
5510-BOIUJ,1,Month-to-month,19.25,19.25,0.18270699600059176,Low,3.5171096730113915,1
3675-YDUPJ,10,Month-to-month,19.85,193.05,0.18267641348260902,Low,3.6261268076297895,0
1663-MHLHE,1,Month-to-month,19.2,19.2,0.1826728674243898,Low,3.507319054548284,0
3373-YZZYM,1,Month-to-month,19.2,19.2,0.1826728674243898,Low,3.507319054548284,0
5760-WRAHC,22,Month-to-month,69.75,1545.4,0.1826635337791256,Low,12.74078148109401,0
7302-ZHMHP,1,Month-to-month,19.15,19.15,0.1826387437985911,Low,3.4975319437430192,0
9441-QHEVC,1,Month-to-month,19.1,19.1,0.18260462512300987,Low,3.487748339849489,0
6569-KTMDU,1,Month-to-month,19.1,19.1,0.18260462512300987,Low,3.487748339849489,0
1015-OWJKI,1,Month-to-month,19.05,19.05,0.18257051139746008,Low,3.477968242121615,0
0103-CSITQ,57,One year,109.4,6252.7,0.18250792143490047,Low,19.966366604978113,0
9975-SKRNR,1,Month-to-month,18.9,18.9,0.18246819991913574,Low,3.448648978471665,0
8250-ZNGGW,5,Month-to-month,59.9,287.85,0.18236850535115443,Low,10.923873470534149,0
7797-EJMDP,8,Month-to-month,66.05,574.5,0.18222393586921165,Low,12.035890964161428,0
7078-NVFAM,32,Month-to-month,35.15,1051.05,0.18220812875357084,Low,6.404615725688015,0
1360-RCYRT,23,Month-to-month,30.35,678.75,0.18216831832774974,Low,5.528808461247205,0
0285-INHLN,27,Month-to-month,54.75,1510.3,0.1821126146501122,Low,9.970665652093643,0
2320-SLKMB,26,Month-to-month,44.45,1183.8,0.18161796480790948,Low,8.072918535711578,0
7103-IPXPJ,50,One year,99.4,5059.75,0.1815800921684198,Low,18.04906116154093,0
9323-HGFWY,27,One year,101.9,2681.15,0.18147417980281855,Low,18.49221892190721,0
7663-ZTEGJ,29,One year,100.55,2830.45,0.18144762115713264,Low,18.24455830734969,0
4765-OXPPD,9,Month-to-month,65.0,663.05,0.18142983600748305,Low,11.792939340486399,1
4495-LHSSK,18,Month-to-month,57.65,992.7,0.18112387418070494,Low,10.44179134651764,0
8985-OOPOS,1,One year,74.1,74.1,0.1810194917913379,Low,13.413544341738136,0
1545-ACTAS,48,One year,99.7,4977.2,0.18091268027559074,Low,18.0369942234764,0
4580-TMHJU,43,Month-to-month,56.15,2499.3,0.18076333754512833,Low,10.149861403158955,1
4118-CEVPF,35,One year,110.8,3836.3,0.18062654887394267,Low,20.013421615232847,0
1110-KYLGQ,63,Month-to-month,108.25,6780.1,0.1805439653690678,Low,19.54388425120159,0
2898-LSJGD,21,One year,55.95,1157.05,0.18047177650546717,Low,10.097395895480888,1
1625-JAIIY,68,One year,83.0,5685.8,0.1803094876355813,Low,14.965687473753247,1
8713-IGZSO,2,Month-to-month,24.85,62.0,0.18022016239649546,Low,4.4784710355529125,0
4747-LCAQL,25,Month-to-month,79.0,1902.0,0.18009419341980804,Low,14.227441280164834,0
6728-WYQBC,1,Month-to-month,20.95,20.95,0.17988114880174141,Low,3.7685100673964826,0
3011-WQKSZ,19,Month-to-month,20.0,377.55,0.17986162829892616,Low,3.597232565978523,0
4081-DYXAV,19,One year,44.85,893.55,0.17978426327539893,Low,8.063324207901642,1
2259-OUUSZ,7,One year,35.5,249.55,0.1797130701949767,Low,6.379813991921673,0
4860-YZGZM,10,Month-to-month,20.0,185.4,0.1794976145610834,Low,3.589952291221668,0
0898-XCGTF,61,One year,96.5,5673.7,0.17942626423469266,Low,17.31463449864784,0
7310-EGVHZ,1,Month-to-month,20.2,20.2,0.17937591360522412,Low,3.623393454825527,0
9651-GTSAQ,53,One year,106.1,5769.75,0.17931532509104656,Low,19.025355992160037,1
1349-WXNGG,1,Month-to-month,20.05,20.05,0.1792749997351086,Low,3.5944637446889276,1
4929-ROART,18,Month-to-month,56.25,969.85,0.17927259003294654,Low,10.084083189353244,0
3506-LCJDC,1,Month-to-month,19.95,19.95,0.17920774847582702,Low,3.575194582092749,1
2654-VBVPB,1,Month-to-month,19.9,19.9,0.17917413024180687,Low,3.5655651918119564,0
8216-AZUUZ,42,Two year,100.4,4303.65,0.17912464537083736,Low,17.984114395232073,0
6313-GIDIT,53,Month-to-month,54.45,2854.55,0.17911768277959428,Low,9.75295782734891,1
3717-OFRTN,1,Month-to-month,19.75,19.75,0.17907330511975186,Low,3.5366977761150995,0
2625-TRCZQ,51,Month-to-month,49.65,2553.35,0.17900739675491487,Low,8.887717248881524,0
1194-SPVSP,1,Month-to-month,19.65,19.65,0.17900611301965133,Low,3.5174701208361485,0
6906-MPARY,40,One year,89.6,3488.15,0.17889324926064312,Low,16.028835133753624,0
9738-QLWTP,39,One year,81.9,3219.75,0.17885956134786324,Low,14.64859807439,0
4676-MQUEA,50,One year,101.9,5265.5,0.17883565305719593,Low,18.223353046528267,0
4182-BGSIQ,10,Month-to-month,19.8,196.75,0.17883130678329356,Low,3.540859874309213,0
0114-RSRRW,10,Month-to-month,19.95,187.75,0.17854805597655515,Low,3.5620337167322753,0
4800-CZMPC,48,One year,103.25,5037.55,0.17838515413205025,Low,18.41826716413419,1
8722-NGNBH,5,Month-to-month,40.0,223.45,0.17833818954975658,Low,7.133527581990263,1
1113-IUJYX,14,One year,105.95,1348.9,0.17811783496002345,Low,18.871584614014484,1
8920-NAVAY,62,One year,110.75,7053.35,0.17805357267896282,Low,19.71943317419513,0
0997-YTLNY,19,Month-to-month,48.8,953.65,0.17805030886053522,Low,8.688855072394118,0
1385-TQOZW,9,Month-to-month,20.45,147.55,0.17766926232212232,Low,3.633336414487401,0
4501-VCPFK,26,Month-to-month,35.75,1022.5,0.17765971325329918,Low,6.351334748805446,0
2460-FPSYH,40,Month-to-month,55.8,2109.35,0.1773911417177467,Low,9.898425707850265,1
0870-VEMYL,5,Month-to-month,53.85,259.8,0.17736127743949667,Low,9.550904790116896,1
5740-YHGTW,70,Month-to-month,97.55,6669.05,0.17700047292855306,Low,17.26639613418035,0
0816-TSPHQ,2,Month-to-month,20.75,44.2,0.17689671251794153,Low,3.670606784747287,0
3703-TTEPD,21,Month-to-month,65.35,1424.4,0.1768203953230572,Low,11.555212834361788,0
2308-STERM,2,Month-to-month,19.4,61.05,0.17675574389660992,Low,3.4290614315942323,0
9818-XQCUV,2,Month-to-month,20.35,45.3,0.17669299658296703,Low,3.595702480463379,0
8150-QUDFX,2,Month-to-month,19.85,51.6,0.176643286763753,Low,3.506369242260497,0
2410-CIYFZ,2,Month-to-month,20.4,42.9,0.17662437015648233,Low,3.6031371511922394,0
4525-VZCZG,54,One year,105.85,5826.65,0.17660763676423388,Low,18.693918351494155,0
2839-RFSQE,2,Month-to-month,20.65,38.7,0.1766055683202985,Low,3.646904985814164,1
4283-IVYCI,9,Month-to-month,64.95,547.8,0.17655689930335014,Low,11.467370609752592,0
8739-QOTTN,2,Month-to-month,20.35,41.85,0.17654956827543164,Low,3.592783714405034,0
6097-EQISJ,66,One year,102.45,6615.15,0.1765302155616291,Low,18.0855205842889,1
1867-TJHTS,58,Month-to-month,79.8,4526.85,0.1765206058292311,Low,14.086344345172641,0
2342-CKIAO,2,Month-to-month,20.3,41.2,0.1764914104319361,Low,3.5827756317683033,0
1755-RMCXH,2,Month-to-month,20.3,40.25,0.17645194196272646,Low,3.581974421843347,0
5919-VCZYM,2,Month-to-month,20.05,42.7,0.17639803794688133,Low,3.536780660834971,0
5268-DSMNQ,62,One year,97.95,5936.55,0.17632273152839448,Low,17.27081155320624,0
9101-NTIXF,2,Month-to-month,19.4,50.6,0.17632146156035475,Low,3.420636354270882,0
8006-PYCSW,2,Month-to-month,20.1,39.8,0.1763087427790207,Low,3.5438057298583163,0
5067-DGXLL,2,Month-to-month,20.25,36.8,0.17627755172444046,Low,3.569620422419919,0
4195-SMMNX,2,Month-to-month,20.35,33.2,0.1761903603477942,Low,3.585473833077612,1
4237-CLSMM,2,Month-to-month,20.0,38.0,0.17617182074975996,Low,3.5234364149951993,0
1796-JANOW,2,Month-to-month,19.95,38.15,0.17614694679801363,Low,3.514131588620372,0
3156-QLHBO,2,Month-to-month,19.25,48.35,0.17613476497848848,Low,3.3905942258359034,0
0366-NQSHS,2,Month-to-month,19.35,46.35,0.17611398659245353,Low,3.4078056405639763,0
3936-QQFLL,2,Month-to-month,19.75,39.3,0.17607028674521663,Low,3.4773881632180283,0
0188-GWFLE,2,Month-to-month,20.05,33.7,0.17602455989472449,Low,3.529292425889226,0
0396-HUJBP,2,Month-to-month,19.3,44.4,0.17600203859872887,Low,3.3968393449554672,0
4524-QCSSM,26,Month-to-month,44.65,1156.55,0.17596447755465916,Low,7.856813922815531,0
9700-ZCLOT,2,Month-to-month,20.0,32.7,0.17595203022319014,Low,3.519040604463803,0
0384-RVBPI,20,Month-to-month,64.4,1398.6,0.17564438661968013,Low,11.311498498307401,0
0883-EIBTI,2,Month-to-month,19.5,31.55,0.17559396658138682,Low,3.424082348337043,1
8375-KVTHK,68,One year,100.3,6754.35,0.17559160387486666,Low,17.611837868649125,0
3104-OWCGK,60,One year,90.95,5453.4,0.17550248091794227,Low,15.96195063948685,1
9518-RWHZL,64,One year,100.05,6254.2,0.17543595596694714,Low,17.55236739449306,1
1051-GEJLJ,2,Month-to-month,19.5,27.55,0.1754284952549633,Low,3.420855657471784,0
2673-CXQEU,56,One year,110.5,6139.5,0.17531679273436127,Low,19.37250559714692,0
4868-AADLV,66,One year,116.25,7862.25,0.17529425585487365,Low,20.377957243129064,0
0549-CYCQN,51,One year,79.6,3974.7,0.17526874280640253,Low,13.95139192738964,0
4450-YOOHP,39,Month-to-month,50.65,1905.4,0.1751990766597101,Low,8.873833232814317,0
2284-VFLKH,49,One year,99.25,4920.8,0.17514176682140367,Low,17.382820357024315,0
5084-OOVCJ,17,Month-to-month,55.35,920.5,0.17503250076604135,Low,9.688048917400389,0
8999-XXGNS,72,One year,105.75,7629.85,0.1745679877234899,Low,18.460564701759054,0
5811-IWXYM,52,One year,101.25,5301.1,0.17451811969993752,Low,17.669959619618673,0
6345-ULYRW,44,One year,88.4,3912.9,0.17431554249241746,Low,15.409493956329705,1
4946-EDSEW,11,Month-to-month,19.25,180.3,0.17400603885372112,Low,3.3496162479341316,1
9391-YZEJW,62,One year,94.0,5757.2,0.17364014119270008,Low,16.322173272113808,0
8910-ICHIU,46,One year,95.65,4664.2,0.17354592114655254,Low,16.59966735766775,0
9277-JOOMO,3,Month-to-month,24.6,86.35,0.17336995030659758,Low,4.264900777542301,0
4187-CINZD,46,One year,95.25,4424.2,0.1733347767758617,Low,16.510137487900828,1
6777-TGHTM,53,One year,106.95,5785.5,0.17329330357945588,Low,18.533718817822805,1
9938-EKRGF,15,Month-to-month,84.45,1287.85,0.17328835209393037,Low,14.63420133433242,0
6705-LNMDD,20,Month-to-month,50.0,1003.05,0.17317207216954317,Low,8.658603608477158,0
0584-BJQGZ,25,Month-to-month,78.35,1837.9,0.17312640631299947,Low,13.564453934623508,0
1852-XEMDW,22,Month-to-month,65.05,1427.55,0.17299082097400995,Low,11.253052904359347,0
3230-WYKIR,18,One year,82.0,1425.45,0.1728664433919716,Low,14.175048358141671,1
5197-PYEPU,42,One year,94.45,3923.8,0.17283670504570361,Low,16.324426791566708,0
2303-PJYHN,2,Month-to-month,19.85,52.0,0.17279406553387655,Low,3.42996220084745,0
0689-DSXGL,52,Month-to-month,85.8,4433.3,0.1727349259765362,Low,14.820656648786805,0
7094-MSZAO,10,Month-to-month,20.05,218.5,0.17269977343513956,Low,3.4626304573745483,0
9817-APLHW,12,Month-to-month,25.0,316.2,0.17266444043508586,Low,4.316611010877146,0
7017-VFULY,2,Month-to-month,20.1,43.15,0.17258567805092798,Low,3.4689721288236526,0
5478-JJVZK,33,Month-to-month,60.9,2033.85,0.17258404048234322,Low,10.510368065374701,0
2700-LUEVA,1,Month-to-month,20.75,20.75,0.1725468527681168,Low,3.5803471949384233,0
0655-YDGFJ,29,Month-to-month,48.95,1323.7,0.17253639265594387,Low,8.445656420508453,0
8851-RAGOV,25,Month-to-month,71.05,1837.7,0.17247874016018047,Low,12.254614488380822,0
9708-KFDBY,1,Month-to-month,20.55,20.55,0.17241635679087292,Low,3.5431561320524385,0
3090-QFUVD,1,Month-to-month,20.3,20.3,0.17225334670755582,Low,3.496742938163383,0
5154-VEKBL,9,Month-to-month,58.5,539.85,0.17224983537798622,Low,10.076615369612194,1
9426-SXNHE,2,Month-to-month,18.75,53.15,0.17216814669781172,Low,3.2281527505839698,0
2542-HYGIQ,1,Month-to-month,19.95,19.95,0.1720253376605808,Low,3.431905486328587,0
3402-XRIUO,22,Month-to-month,63.55,1381.8,0.1719679244265734,Low,10.92856159730874,0
8562-GHPPI,1,Month-to-month,19.8,19.8,0.17192769271826527,Low,3.4041683158216527,0
8439-LTUGF,10,Month-to-month,20.0,198.6,0.17185799266397458,Low,3.437159853279492,0
2576-HXMPA,1,Month-to-month,19.55,19.55,0.17176504875055557,Low,3.3580067030733614,0
5616-PRTNT,20,Month-to-month,19.4,374.5,0.1716908454483496,Low,3.330802401697982,1
2220-IAHLS,1,Month-to-month,19.4,19.4,0.1716675209206942,Low,3.330349905861467,0
7926-IJOOU,1,Month-to-month,19.3,19.3,0.1716025267594571,Low,3.3119287664575223,0
6574-MCOEH,33,One year,79.15,2531.4,0.17147625341849576,Low,13.57234545807394,0
6933-FHBZC,26,One year,56.05,1553.2,0.1714270465101004,Low,9.608485956891128,0
8919-FYFQZ,44,Month-to-month,30.35,1359.7,0.17132132532753638,Low,5.1996022236907296,1
0489-WMEMG,23,One year,49.45,1119.35,0.17128868134376865,Low,8.47022529244936,0
7175-NTIXE,25,Month-to-month,76.15,1992.95,0.17102931652471096,Low,13.023882453356741,0
0823-HSCDJ,52,Month-to-month,49.15,2550.9,0.17095236547496642,Low,8.402308763094599,1
3419-SNJJD,65,Month-to-month,105.25,6786.4,0.17079115623825053,Low,17.97576919407587,1
1229-RCALF,64,One year,115.0,7396.15,0.1706202501935455,Low,19.62132877225773,0
2621-UDNLU,3,Month-to-month,20.85,72.0,0.1704979360137533,Low,3.5548819658867563,0
5150-LJNSR,31,One year,98.05,3082.1,0.17039308546338375,Low,16.707042029684775,0
2150-UWTFY,22,Month-to-month,61.15,1422.05,0.17039039173450465,Low,10.419372454564959,1
4926-UMJZD,31,Month-to-month,49.2,1498.55,0.1703038798065439,Low,8.378950886481961,0
5651-CRHKQ,41,One year,86.2,3339.05,0.1701726290587368,Low,14.668880624863114,0
7764-BDPEE,3,Month-to-month,20.85,60.65,0.17003953967561933,Low,3.545324402236663,0
7740-BTPUX,55,Two year,113.6,6292.7,0.17000127514017926,Low,19.312144855924362,0
7351-MHQVU,6,Month-to-month,50.95,307.6,0.16993977740943914,Low,8.658431659010924,0
9770-LXDBK,3,Month-to-month,20.4,63.15,0.1698683104454275,Low,3.4653135330867206,0
6394-HHHZM,3,Month-to-month,20.7,57.5,0.1698218471458992,Low,3.5153122359201134,0
1116-DXXDF,39,Two year,100.45,3801.7,0.1696834239209757,Low,17.04469993286201,0
6734-CKRSM,3,Month-to-month,20.0,63.6,0.16964484315888115,Low,3.392896863177623,0
0036-IHMOT,55,One year,103.7,5656.75,0.1696209699428752,Low,17.58969458307616,0
6776-TLWOI,3,Month-to-month,19.85,64.55,0.169592553867874,Low,3.366412194277299,1
0137-UDEUO,3,Month-to-month,19.85,63.75,0.16956034849647944,Low,3.365772917655117,1
7521-YXVZY,3,Month-to-month,19.95,58.3,0.16940136931057267,Low,3.379557317745925,0
3863-IUBJR,12,One year,53.65,696.35,0.16939292850466467,Low,9.08793061427526,1
0178-CIIKR,3,Month-to-month,19.95,58.0,0.16938930256388407,Low,3.379316586149487,0
9554-DFKIC,30,Month-to-month,54.45,1588.7,0.16934960239140656,Low,9.221085850212088,0
1465-WCZVT,3,Month-to-month,19.65,60.65,0.16931501554730466,Low,3.3270400555045363,0
0030-FNXPP,3,Month-to-month,19.85,57.2,0.1692968500571231,Low,3.360542473633894,0
9481-IEBZY,72,Month-to-month,112.9,8061.5,0.16927926734357115,Low,19.111629283089183,0
7785-RDVIG,3,Month-to-month,19.3,54.7,0.16886529784734972,Low,3.2591002484538496,0
6728-CZFEI,15,One year,56.15,931.9,0.1687733944587476,Low,9.476626098858677,0
1447-PJGGA,57,Two year,95.25,5464.65,0.16867632564602278,Low,16.06642001778367,1
3806-YAZOV,3,Month-to-month,18.8,56.0,0.16861686790899036,Low,3.169997116689019,0
1352-VHKAJ,27,Month-to-month,71.6,1957.1,0.16860376523225126,Low,12.072029590629189,0
2065-MMKGR,29,One year,71.0,2080.1,0.16851803126811093,Low,11.964780220035877,0
9762-YAQAA,39,One year,81.4,3213.75,0.16842565695232856,Low,13.709848475919545,0
5649-TJHOV,27,Month-to-month,36.5,1032.0,0.1681808059366793,Low,6.138599416688795,1
3070-BDOQC,60,Two year,99.65,5941.05,0.1681383309408321,Low,16.75498467825392,0
0409-WTMPL,58,One year,110.65,6526.65,0.16804507125232307,Low,18.59418713406955,0
1376-HHBDV,30,Month-to-month,48.8,1536.75,0.1676328292982312,Low,8.180482069753682,0
6865-JZNKO,30,Month-to-month,55.3,1530.6,0.1675334065596502,Low,9.264597382748656,0
9391-DXGGG,44,One year,89.15,3990.75,0.16710251830543993,Low,14.897189506929971,0
2898-MRKPI,68,One year,101.05,6770.5,0.16692914854716795,Low,16.86819046069132,0
1409-PHXTF,54,Two year,110.45,6077.75,0.1669216153676135,Low,18.43649241735291,0
8746-OQQRW,4,Month-to-month,25.25,101.9,0.16691358524024158,Low,4.2145680273160995,0
6583-SZVGP,48,Two year,108.1,5067.45,0.1668699370838376,Low,18.038640198762845,0
5376-PCKNB,72,One year,104.45,7459.0,0.1668657534876964,Low,17.429127951789887,0
8947-YRTDV,32,One year,94.8,3131.55,0.16675700527297663,Low,15.808564099878184,0
7041-TXQJH,37,Month-to-month,40.2,1478.85,0.16658630186044102,Low,6.696769334789729,0
9494-BDNNC,66,One year,95.3,6273.4,0.16633352295429452,Low,15.851584737544266,0
7706-DZNKK,11,Month-to-month,20.45,237.3,0.16624362319879588,Low,3.3996820944153754,0
7143-BQIBA,10,Month-to-month,62.25,612.95,0.1662320566078359,Low,10.347945523837785,0
4360-QRAVE,37,Month-to-month,36.65,1315.0,0.16582147108619005,Low,6.077356915308865,0
8050-WYBND,22,One year,49.45,1031.4,0.16553936375463463,Low,8.185921537666683,0
3039-MJSLN,3,Month-to-month,20.2,50.6,0.1655062892132983,Low,3.3432270421086256,0
5562-YJQGT,2,Month-to-month,20.35,35.1,0.1654452329803709,Low,3.366810491150548,0
7808-DVWEP,3,Month-to-month,20.0,49.65,0.165350461676121,Low,3.30700923352242,0
0877-SDMBN,54,One year,103.95,5639.05,0.16513136399692543,Low,17.1654052874804,1
4450-MDZFX,60,Month-to-month,74.35,4453.3,0.16499024376251845,Low,12.267024623743245,0
3313-QKNKB,59,One year,85.55,5084.65,0.16483067231722331,Low,14.101264016738455,1
9798-DRYDS,17,One year,61.95,1070.7,0.16473715755241802,Low,10.205466910372296,0
0377-JBKKT,22,Month-to-month,57.95,1271.8,0.16421583824778999,Low,9.51630782645943,0
7964-YESJC,24,Month-to-month,66.3,1559.45,0.16418151745059165,Low,10.885234606974226,0
2978-XXSOG,22,Month-to-month,59.05,1253.5,0.164144834493862,Low,9.69275247686255,0
8205-OTCHB,22,One year,43.75,903.6,0.16397809005345118,Low,7.174041439838489,1
9360-AHGNL,43,One year,109.55,4830.25,0.16380135006724936,Low,17.944437899867168,1
0516-UXRMT,62,One year,92.05,5755.8,0.1637297137728509,Low,15.071320152790925,0
6131-JLWZM,13,Month-to-month,20.3,275.4,0.16359264996043732,Low,3.3209307941968778,0
7217-JYHOQ,24,Month-to-month,70.3,1706.45,0.16350731470611615,Low,11.494564223839966,0
7016-NVRIC,29,One year,90.1,2656.7,0.16347464102736764,Low,14.729065156565824,0
6158-DWPZT,9,One year,24.1,259.8,0.16343811583189127,Low,3.93885859154858,1
1855-CFULU,4,Month-to-month,20.05,91.45,0.16342894839601124,Low,3.2767504153400253,0
6156-UZDLF,26,One year,87.15,2274.1,0.16341915720511974,Low,14.241979550426185,0
5702-SKUOB,4,Month-to-month,19.6,93.45,0.163243541165548,Low,3.1995734068447415,0
4397-FRLTA,4,Month-to-month,20.15,84.5,0.1632160139317769,Low,3.288802680725304,0
6112-KTHFQ,13,Month-to-month,19.3,279.3,0.16315927963441976,Low,3.1489740969443014,0
8410-BGQXN,4,Month-to-month,19.4,93.4,0.16312454798615536,Low,3.1646162309314136,0
8845-LWKGE,30,One year,64.5,1985.15,0.16311191896311994,Low,10.520718773121237,0
1336-EZFZY,4,Month-to-month,20.05,83.3,0.16311065917357517,Low,3.2703687164301822,0
9367-OIUXP,4,Month-to-month,20.7,73.05,0.16309091831042988,Low,3.3759820090258983,0
5687-DKDTV,4,Month-to-month,20.35,77.5,0.16305982907349223,Low,3.3182675216455673,1
7746-AWNQW,28,Month-to-month,35.75,961.4,0.16303952978376707,Low,5.828663189769673,0
0031-PVLZI,4,Month-to-month,20.35,76.35,0.16301496855842684,Low,3.3173546101639864,1
3253-HKOKL,52,One year,100.3,5244.45,0.16299135039719784,Low,16.348032444838942,0
9079-LWTFD,47,Month-to-month,100.75,4669.2,0.16297035405633983,Low,16.419263171176237,0
9863-JZAIC,35,Month-to-month,55.0,2010.55,0.16294968011753305,Low,8.962232406464318,1
3752-CQSJI,13,Month-to-month,20.45,254.5,0.1628643907795757,Low,3.330576791442323,0
8496-DMZUK,30,One year,90.4,2820.65,0.16281820414802017,Low,14.718765654981025,0
7219-TLZHO,4,Month-to-month,20.85,62.9,0.1627828460836343,Low,3.3940223408437755,0
4558-CGYCZ,4,Month-to-month,19.75,78.3,0.1627403833869017,Low,3.2141225718913082,0
0620-XEFWH,4,Month-to-month,18.85,84.2,0.16244488353377007,Low,3.062086054611566,0
0594-UFTUL,13,Month-to-month,19.85,252.0,0.16241687743258257,Low,3.2239750170367643,0
7395-XWZOY,20,Month-to-month,55.0,1165.55,0.1623689232305594,Low,8.930290777680767,0
2234-XADUH,72,One year,103.2,7362.9,0.16235155192136191,Low,16.75468015828455,0
7074-STDCN,39,Month-to-month,40.6,1494.5,0.16234554714171226,Low,6.591229213953518,0
5222-JCXZT,4,Month-to-month,19.0,78.9,0.16232623611139518,Low,3.0841984861165086,0
6617-WLBQC,23,One year,81.85,1810.85,0.16224730577793817,Low,13.279941977924238,0
7544-ZVIKX,58,One year,105.05,6004.85,0.16220591594615572,Low,17.039731470143657,0
7234-KMNRQ,4,Month-to-month,19.0,73.45,0.1621144952124688,Low,3.080175409036907,0
4402-FTBXC,54,Month-to-month,89.8,4667.0,0.16209497096417164,Low,14.556128392582613,0
2045-BMBTJ,33,Month-to-month,59.45,1884.65,0.1620437125414357,Low,9.633498710588354,0
6345-HOVES,34,Month-to-month,25.05,852.7,0.16172657487662362,Low,4.051250700659422,0
5285-MVEHD,56,One year,105.6,6068.65,0.16162420122847393,Low,17.067515649726847,0
9402-CXWPL,70,One year,98.9,6838.6,0.16155742422381927,Low,15.978029255735727,0
7163-OCEQI,22,One year,78.65,1663.75,0.1615008520418083,Low,12.702042013088224,0
8963-MQVYN,22,Month-to-month,20.55,469.85,0.16145662300429686,Low,3.3179336027383006,0
8259-NFJTV,7,Month-to-month,34.65,246.6,0.1611249300642182,Low,5.582978826725161,0
5140-FOMCQ,59,One year,109.15,6557.75,0.16110270665961138,Low,17.584360431896584,0
1814-DKOLC,5,Month-to-month,25.45,134.75,0.1610581828501375,Low,4.098930753535999,0
9633-DENPU,47,Month-to-month,58.6,2723.4,0.16038191063445345,Low,9.398379963178973,0
9986-BONCE,4,Month-to-month,20.95,85.5,0.16008611662118896,Low,3.3538041432139085,1
4644-PIZRT,17,One year,70.35,1201.65,0.16003556604301622,Low,11.25850207112619,0
0308-IVGOK,11,One year,40.4,422.6,0.15980581826539053,Low,6.4561550579217775,0
8715-KKTFG,61,One year,103.3,6518.35,0.1595611147200989,Low,16.482663150586216,0
7733-UDMTP,57,Month-to-month,55.0,3094.05,0.1593110287645173,Low,8.762106582048451,0
6837-HAEVO,69,Two year,105.0,7297.75,0.15912261951270304,Low,16.70787504883382,0
1208-DNHLN,23,One year,48.35,1067.15,0.1590875065227031,Low,7.691880940372695,1
6728-DKUCO,72,One year,104.15,7303.05,0.15893296767194864,Low,16.55286858303345,0
7777-UNYHB,12,Month-to-month,20.1,232.4,0.15864426727597342,Low,3.188749772247066,0
2027-OAQQC,43,Month-to-month,49.05,2076.2,0.15849317997484832,Low,7.77409047776631,1
2925-MXLSX,30,One year,68.95,2038.7,0.15845753644035093,Low,10.925647137562198,0
3307-TLCUD,17,Month-to-month,34.4,592.75,0.15845592933364408,Low,5.450883969077356,0
2250-IVBWA,64,Month-to-month,81.05,5135.35,0.15820466992424265,Low,12.822488497359867,0
0440-QEXBZ,44,Month-to-month,50.15,2139.1,0.15803268791632089,Low,7.925339299003492,0
7803-XOCCZ,52,Month-to-month,84.05,4326.8,0.15800293124746798,Low,13.280146371349684,0
7595-EHCDL,32,Month-to-month,50.6,1653.45,0.15776886879019303,Low,7.9831047607837675,0
0278-YXOOG,5,Month-to-month,21.05,113.85,0.15773123517276763,Low,3.3202425003867586,1
6575-SUVOI,25,Month-to-month,69.5,1752.65,0.15768646312958742,Low,10.959209187506326,0
3977-QCRSL,5,Month-to-month,20.15,117.95,0.1573748721119252,Low,3.1711036730552924,0
9853-JFZDU,35,Month-to-month,56.85,1861.1,0.15725574919882465,Low,8.939989341953181,0
4903-UYAVB,5,Month-to-month,19.35,126.05,0.1572273582987846,Low,3.0423493830814823,1
4913-EHYUI,56,One year,104.55,5794.65,0.15717426640632715,Low,16.4325695527815,1
2439-QKJUL,5,Month-to-month,20.25,109.8,0.15712290672843457,Low,3.1817388612508,0
3363-EWLGO,5,Month-to-month,19.95,109.6,0.15694515120144434,Low,3.1310557664688146,0
6377-KSLXC,5,Month-to-month,19.95,107.05,0.15684872203165973,Low,3.1291320045316113,0
8474-UMLNT,13,Month-to-month,67.8,842.25,0.1568145774732837,Low,10.632028352688634,0
6621-YOBKI,5,Month-to-month,20.35,92.75,0.15653505145014351,Low,3.1854882970104206,0
1153-GNOLC,33,One year,39.1,1309.0,0.15651050320351517,Low,6.119560675257444,0
3086-RUCRN,66,Month-to-month,103.1,6595.0,0.1564895930827506,Low,16.134077046831585,0
7879-CGSFV,55,One year,100.9,5552.05,0.15648374729887052,Low,15.789210102456035,0
1222-LRYKO,6,Month-to-month,26.35,184.05,0.15638336162785543,Low,4.120701578893991,0
1346-PJWTK,61,Month-to-month,94.15,5731.85,0.1563498081722576,Low,14.720334439418055,0
9294-TDIPC,5,Month-to-month,20.2,83.75,0.15611094785025004,Low,3.1534411465750507,0
6733-LRIZX,35,Two year,108.95,4025.5,0.15610765774215946,Low,17.007929311008272,0
1257-SXUXQ,5,Month-to-month,19.45,86.05,0.1557744342885706,Low,3.029812746912698,0
8905-IAZPF,69,One year,95.65,6744.2,0.15562178031389215,Low,14.885223287023784,0
9644-KVCNC,66,One year,92.15,6056.9,0.1552311719377709,Low,14.304552494065588,0
8970-ANWXO,23,One year,73.75,1756.6,0.155182164803342,Low,11.44468465424647,0
0297-RBCSG,19,One year,65.35,1231.85,0.15505501249642104,Low,10.132845066641114,0
3016-KSVCP,29,Month-to-month,33.75,1009.25,0.15499116549761607,Low,5.230951835544542,0
0080-EMYVY,14,One year,51.45,727.85,0.1549512184158791,Low,7.972240187496981,0
3038-PQIUY,38,Month-to-month,66.15,2522.4,0.15487264496818898,Low,10.244825464645702,0
3858-XHYJO,40,One year,105.75,4228.55,0.15462605001450871,Low,16.351704789034297,0
1017-FBQMM,62,One year,106.05,6703.5,0.1545486435731397,Low,16.389883650931463,0
0678-RLHVP,53,Two year,105.55,5682.25,0.15432911118106066,Low,16.28943768516095,0
6907-CQGPN,29,Month-to-month,34.3,1004.75,0.15414422779551692,Low,5.28714701338623,0
5995-OIGLP,12,Month-to-month,56.65,654.85,0.15398187928099288,Low,8.723073461268246,1
7361-YPXFS,28,Month-to-month,64.45,1867.6,0.1538466044532194,Low,9.91541365700999,0
2346-DJQTB,35,Month-to-month,24.15,812.5,0.15357526066417826,Low,3.708842545039905,0
9929-PLVPA,4,Month-to-month,20.4,94.5,0.15355477925039374,Low,3.132517496708032,0
7789-CRUVC,61,Month-to-month,94.2,5895.45,0.15348697608004405,Low,14.45847314674015,0
0289-IVARM,35,Month-to-month,60.55,1982.6,0.15324268155151546,Low,9.278844367944261,0
3675-EQOZA,5,Month-to-month,20.65,93.55,0.15322411738818661,Low,3.1640780240660535,0
9618-LFJRU,4,Month-to-month,20.45,82.85,0.15315019315900236,Low,3.131921450101598,0
8706-HRADD,21,Month-to-month,43.55,1011.5,0.15311830541636978,Low,6.668302200882904,0
7108-DGVUU,21,One year,71.7,1497.05,0.15306899298290072,Low,10.975046796873983,0
4785-NKHCX,5,Month-to-month,20.05,94.15,0.15291301386211875,Low,3.0659059279354812,0
0786-IVLAW,66,One year,108.1,7238.6,0.1528811960982665,Low,16.526457298222606,0
9746-MDMBK,47,One year,113.45,5317.8,0.15280328973316226,Low,17.33553322022726,0
6576-FBXOJ,17,One year,54.6,934.8,0.1526927206926627,Low,8.337022549819384,0
2359-QWQUL,39,One year,104.7,4134.85,0.15259787176988168,Low,15.976997174306613,1
1309-XGFSN,52,One year,80.85,4079.55,0.15190108808318212,Low,12.281202971525273,0
3209-ZPKFI,47,Month-to-month,54.25,2538.2,0.15186388021600367,Low,8.238615501718199,0
2805-EDJPQ,56,One year,99.75,5608.4,0.151659448150126,Low,15.128029952975067,0
9571-EDEBV,71,One year,98.65,6962.85,0.15164789549971067,Low,14.960064891046459,0
3199-NPKCN,67,One year,111.25,7511.65,0.15146230234747382,Low,16.85018113615646,0
4274-DRSQT,66,One year,88.9,6000.1,0.15131645082221865,Low,13.452032478095239,0
2851-STERV,35,One year,73.0,2471.25,0.15126973073118197,Low,11.042690343376284,0
1163-ONYEY,41,Month-to-month,74.55,3023.55,0.15108392267239393,Low,11.263306435226967,0
4504-YOULA,35,Month-to-month,59.45,2136.9,0.1510319790992937,Low,8.978851157453011,0
0330-BGYZE,60,One year,102.5,6157.6,0.1509163450057075,Low,15.468925363085019,0
5850-BDWCY,6,Month-to-month,20.2,123.65,0.15071421838610258,Low,3.044427211399272,0
4710-FDUIZ,56,One year,100.3,5614.45,0.15060058384714176,Low,15.105238559868317,1
2928-HLDBA,6,Month-to-month,20.7,112.75,0.15058968330640107,Low,3.1172064444425023,0
9364-YKUVW,15,Month-to-month,19.8,309.4,0.15057678110048123,Low,2.9814202657895286,0
1345-GKDZZ,6,Month-to-month,19.55,128.6,0.1505388785989809,Low,2.943035076610077,0
2452-SNHFZ,47,Month-to-month,75.45,3545.1,0.15050711781810774,Low,11.355762039376229,0
6873-UDNLD,40,Month-to-month,67.45,2731.0,0.15049975661529402,Low,10.151208583701582,0
1202-KKGFU,12,Month-to-month,54.2,690.5,0.15048217293390093,Low,8.15613377301743,0
2692-AQCPF,65,One year,108.05,7118.9,0.15046907693174302,Low,16.258183762474832,0
6490-FGZAT,6,Month-to-month,20.65,109.3,0.1504361841284754,Low,3.1065072022530167,0
6164-HXUGH,6,Month-to-month,19.85,119.3,0.15036339181253294,Low,2.984713327478779,0
3724-UCSHY,6,Month-to-month,19.55,122.9,0.1503306248460334,Low,2.9389637157399533,0
3339-EAQNV,72,One year,97.25,7133.1,0.15032851549492582,Low,14.619448131881535,0
6749-UTDVX,72,Two year,103.65,7634.8,0.15019271918691368,Low,15.567475343723604,0
6972-SNKKW,6,Month-to-month,20.0,109.2,0.15007687338658002,Low,3.0015374677316005,0
3077-RSNTJ,6,Month-to-month,19.7,113.5,0.15006967996830467,Low,2.956372695375602,0
1591-MQJTP,51,One year,93.65,4839.15,0.1500185079960593,Low,14.049233273830955,0
7623-HKYRK,6,Month-to-month,19.7,111.65,0.1500022363660122,Low,2.9550440564104403,0
7123-WQUHX,38,One year,95.0,3605.6,0.14984631904594112,Low,14.235400309364406,0
7080-TNUWP,70,One year,95.0,6602.9,0.14960563838443078,Low,14.212535646520925,0
4719-UMSIY,6,Month-to-month,19.65,100.9,0.14958356857453498,Low,2.939317122489612,0
7968-QUXNS,6,Month-to-month,18.95,110.15,0.14953834844792313,Low,2.833751703088143,0
2923-ARZLG,0,One year,19.7,0.0,0.14953548123888272,Low,2.9458489804059895,0
4712-AUQZO,18,Month-to-month,33.6,550.35,0.1495323214377226,Low,5.024286000307479,0
7746-QYVCO,16,One year,55.85,857.8,0.1494873182251271,Low,8.348866722873348,0
9475-NNDGC,71,One year,113.15,7953.25,0.1494766873043904,Low,16.913287168491774,0
8561-NMTBD,67,One year,112.35,7388.45,0.1491393670148429,Low,16.755807884117598,0
8401-EMUWF,42,Month-to-month,69.4,3058.3,0.1491089076634689,Low,10.348158191844743,0
2801-NISEI,24,Month-to-month,54.95,1348.5,0.14881368423585234,Low,8.177311948760087,0
6341-AEVKX,62,One year,104.3,6613.65,0.14869627350131723,Low,15.509021326187387,0
4189-NAKJS,26,One year,51.55,1295.4,0.14868443113812144,Low,7.6646824251701595,0
4700-UBQMV,21,One year,75.9,1549.75,0.14848707620494106,Low,11.270169083955027,0
0440-UEDAI,53,One year,94.45,5042.75,0.14840397134045746,Low,14.016755093106207,0
6383-ZTSIW,39,One year,99.1,3877.95,0.14833472486232546,Low,14.699971233856452,0
2722-VOJQL,64,One year,105.65,6903.1,0.148054666100842,Low,15.64197547355396,1
9609-BENEA,35,One year,69.0,2441.7,0.14801359516637166,Low,10.212938066479644,0
9143-CANJF,24,Month-to-month,55.15,1319.85,0.14788719626525912,Low,8.15597887402904,0
9308-ANMVE,47,Month-to-month,55.3,2654.05,0.1478846578544748,Low,8.178021579352455,0
0484-FFVBJ,32,One year,64.85,2010.95,0.14785029603566324,Low,9.58809169791276,0
1810-BOHSY,51,One year,96.4,4911.05,0.14782875100340187,Low,14.250691596727942,0
2739-CCZMB,5,Month-to-month,20.35,122.0,0.14775690338123434,Low,3.0068529838081193,0
8053-WWDRO,6,Month-to-month,19.5,146.3,0.1477516106879785,Low,2.881156408415581,1
6258-NGCNG,7,Month-to-month,23.5,173.0,0.14757825226285676,Low,3.4680889281771337,0
7787-BNTZM,6,Month-to-month,20.15,130.5,0.14753374677840647,Low,2.9728049975848903,0
0442-ZXKVS,54,One year,115.6,6431.05,0.14728480878341232,Low,17.026123895362463,0
9659-ZTWSM,66,One year,107.35,7051.95,0.14724029821306153,Low,15.806246013172155,0
7083-YNSKY,15,Month-to-month,25.4,399.6,0.14720077094649117,Low,3.7388995820408755,1
6465-GSRCL,67,One year,106.6,7244.7,0.14710541501501476,Low,15.681437240600573,0
5074-FBGHB,64,One year,104.65,6889.8,0.14703744041382075,Low,15.387468139306343,0
4140-WJAWW,5,Month-to-month,19.85,108.05,0.14698656486398276,Low,2.917683312550058,1
4422-QVIJA,35,Month-to-month,50.15,1655.35,0.14694451696881927,Low,7.369267525986286,0
1925-GMVBW,5,Month-to-month,20.55,96.1,0.14693437220968553,Low,3.0195013489090377,0
2159-TURXX,5,Month-to-month,20.05,95.55,0.1466463159851743,Low,2.9402586355027447,0
6202-JVYEU,9,One year,19.9,164.6,0.14645374210691017,Low,2.9144294679275125,0
5240-CAOYT,57,Month-to-month,87.55,4884.85,0.1463594003954942,Low,12.813765504625517,0
6806-YDEUL,6,Month-to-month,19.5,106.8,0.14633536035865033,Low,2.8535395269936816,0
7666-WKRON,39,Two year,80.45,3201.55,0.14629531065275475,Low,11.76945774201412,1
1360-XFJMR,67,One year,109.7,7344.45,0.1461275299720774,Low,16.03019003793689,0
6723-WSNTY,66,One year,108.1,7181.95,0.14608403741176942,Low,15.791684444212274,0
9391-LMANN,53,One year,95.95,5036.9,0.145906497643022,Low,13.99972844884796,0
3012-VFFMN,7,Month-to-month,20.65,158.95,0.14554816816562233,Low,3.005569672620101,0
8979-CAMGB,64,One year,102.1,6688.1,0.1455321002590758,Low,14.858827436451637,0
3530-CRZSB,7,Month-to-month,20.65,155.9,0.14543976722021043,Low,3.003331193097345,0
1383-EZRWL,7,Month-to-month,20.05,164.85,0.1454381841815234,Low,2.9160355928395445,1
5774-XZTQC,7,Month-to-month,20.45,150.75,0.14515049873238509,Low,2.968327699077275,0
6671-NGWON,7,Month-to-month,20.35,150.6,0.14509201249583348,Low,2.9526224542902115,0
2040-OBMLJ,31,One year,81.7,2548.65,0.14506591380537348,Low,11.851885157899014,0
2332-EFBJY,16,Month-to-month,19.7,342.4,0.14504042182866925,Low,2.857296310024784,1
5081-NWSUP,10,One year,64.9,685.55,0.14500576231702145,Low,9.410873974374693,0
0750-EKNGL,7,Month-to-month,20.75,141.1,0.14496781870870565,Low,3.0080822382056422,0
4732-RRJZC,7,Month-to-month,20.25,144.35,0.14481744737947072,Low,2.932553309434282,0
2252-JHJGE,61,One year,104.0,6363.45,0.1446675364590571,Low,15.04542379174194,0
7605-SNLQG,45,Month-to-month,50.25,2221.55,0.14450948111166947,Low,7.261601425861391,0
7622-NXQZR,28,Month-to-month,30.1,810.85,0.14436954932104132,Low,4.345523434563344,0
2972-YDYUW,57,One year,94.7,5468.95,0.1443551056511675,Low,13.670428505165562,0
2320-YKQBO,7,Month-to-month,19.3,144.95,0.14433515608007486,Low,2.785668512345445,0
8213-TAZPM,69,One year,108.75,7493.05,0.14390829645994216,Low,15.65002724001871,0
0931-MHTEM,54,One year,100.05,5299.65,0.14382366997194257,Low,14.389558180692854,0
1543-LLLFT,61,One year,98.3,6066.55,0.14365339373972963,Low,14.121128604615421,0
4789-KWMXN,47,One year,110.85,5275.8,0.1436195484444526,Low,15.92022694506757,1
9033-EOXWV,12,One year,74.05,872.65,0.14337370979653102,Low,10.616823210433122,1
6502-KUGLL,14,Month-to-month,59.45,780.85,0.14326631250588204,Low,8.517182278474687,0
1131-SUEKT,61,One year,98.45,6145.2,0.1432008411347279,Low,14.098122809713962,0
5921-NGYRH,64,Month-to-month,73.55,4764.0,0.1430659245580576,Low,10.522498751245136,0
3865-ZYKAD,69,Month-to-month,84.9,5785.65,0.14300010212768113,Low,12.140708670640128,0
6648-INWPS,16,Month-to-month,20.15,341.35,0.14279029796711648,Low,2.8772245040373967,0
5298-GSTLM,60,One year,101.4,6176.6,0.14239174593336199,Low,14.438523037642906,0
8849-PRIQJ,67,One year,109.4,7281.6,0.14223238235520216,Low,15.560222629659117,0
1159-WFSGR,16,Month-to-month,20.4,321.4,0.14222429851822652,Low,2.901375689771821,0
5168-MQQCA,72,One year,108.5,8003.8,0.14219827143894054,Low,15.428512451125048,0
8944-AILEF,15,Month-to-month,19.45,340.85,0.14197034404345077,Low,2.7613231916451175,0
7824-PANSQ,58,Month-to-month,80.65,4807.35,0.14193851363191576,Low,11.447341124414006,0
8433-WPJTV,65,One year,103.9,6767.1,0.14189182308199755,Low,14.742560418219545,0
3092-IGHWF,67,One year,87.4,5918.8,0.14184777414254582,Low,12.397495460058506,1
5996-NRVXR,40,One year,98.15,4116.8,0.14178269571718646,Low,13.915971584641852,0
9470-RTWDV,26,One year,82.0,2083.1,0.14171199691622688,Low,11.620383747130605,0
0233-FTHAV,60,One year,79.2,4765.0,0.14170641083927657,Low,11.223147738470704,0
2560-PPCHE,65,One year,105.05,6744.25,0.14169665008312343,Low,14.885233091232116,0
3181-MIZBN,16,Month-to-month,19.75,313.4,0.14160658617490868,Low,2.7967300769544465,0
9101-BWFSS,50,One year,108.55,5610.7,0.1416056380091262,Low,15.371292005890648,1
4020-KIUDI,6,Month-to-month,19.85,138.85,0.14153586300997936,Low,2.8094868807480906,0
2530-FMFXO,56,Two year,103.2,5873.75,0.14149641551555736,Low,14.60243008120552,0
5151-HQRDG,37,Month-to-month,55.05,2030.75,0.14121563472940535,Low,7.773920691853764,0
1009-IRMNA,7,Month-to-month,20.0,137.6,0.1411643990808177,Low,2.823287981616354,1
9970-QBCDA,6,Month-to-month,19.7,129.55,0.14113520067223215,Low,2.7803634532429733,0
0810-BDHAW,24,One year,78.4,1832.4,0.14100468296696533,Low,11.054767144610082,0
5056-FIMPT,43,One year,106.0,4532.3,0.14099770230117575,Low,14.94575644392463,0
7184-LRUUR,22,One year,65.25,1441.8,0.14098547121346477,Low,9.199301996678576,0
8809-RIHDD,72,Two year,103.4,7372.65,0.14074653359620862,Low,14.553191573847972,1
2408-PSJVE,44,Month-to-month,61.9,2924.05,0.14063202543980727,Low,8.70512237472407,0
3099-OONVS,25,Month-to-month,54.3,1296.8,0.14009950992586565,Low,7.607403388974504,0
9839-ETQOE,43,Month-to-month,40.45,1912.85,0.14003879186313245,Low,5.664569130863708,0
4250-ZBWLV,68,One year,108.45,7176.55,0.14002469687010166,Low,15.185678375562526,1
9518-IMLHK,31,Month-to-month,72.45,2156.25,0.13995281614504435,Low,10.139581529708463,0
8091-TTVAX,58,One year,100.35,5681.1,0.13984767193755834,Low,14.033713878933979,0
9693-XMUOB,59,Month-to-month,50.25,2997.45,0.1397629919270216,Low,7.023090344332836,0
0557-ASKVU,18,One year,54.4,957.1,0.1397202624921774,Low,7.60078227957445,0
1850-AKQEP,8,Month-to-month,20.35,178.7,0.13960732133485462,Low,2.841008989164292,0
1297-VQDRP,68,One year,107.15,7379.8,0.13954345196865475,Low,14.952080878441357,0
2277-BKJKN,71,Two year,99.2,7213.75,0.13948606776537031,Low,13.837017922324735,0
0750-EBAIU,52,One year,91.25,4738.3,0.13947999655431875,Low,12.727549685581586,0
1810-MVMAI,30,Month-to-month,67.6,2000.2,0.13929039504858992,Low,9.416030705284678,0
5160-UXJED,17,One year,44.6,681.4,0.13926844932614513,Low,6.211372839946073,0
2957-JIRMN,62,One year,84.45,4959.15,0.13917075487362046,Low,11.752970249077249,0
4694-PHWFW,8,Month-to-month,19.95,170.9,0.1391342513106264,Low,2.775728313646997,0
8319-QBEHW,26,One year,39.95,1023.75,0.13910907707749687,Low,5.557407629246001,0
2717-HVIZY,8,Month-to-month,20.05,163.6,0.13893574302572934,Low,2.785661647665873,0
5345-BMKWB,8,Month-to-month,20.25,158.35,0.13885874945666757,Low,2.8118896764975183,0
6794-HKIAJ,62,Month-to-month,90.7,5586.45,0.13865214103594078,Low,12.57574919195983,0
5180-UCIIQ,22,Month-to-month,40.05,880.2,0.1384543525722708,Low,5.545096820519444,1
5440-VHLUL,69,One year,105.2,7386.05,0.1383570666930823,Low,14.555163416112258,0
6979-TNDEU,8,Month-to-month,19.2,156.85,0.1382704523715543,Low,2.6547926855338426,0
6425-YQLLO,66,One year,105.95,6975.25,0.1377678529144168,Low,14.59650401628246,1
1347-KTTTA,64,One year,102.45,6654.1,0.13766308402255062,Low,14.10358295811031,0
2212-LYASK,27,One year,45.85,1246.4,0.13748302067717216,Low,6.303596498048344,0
8190-ZTQFB,41,One year,51.35,2075.1,0.1374515249143556,Low,7.058135804352161,0
2165-VOEGB,46,One year,105.2,4822.85,0.1374459372185762,Low,14.459312595394216,1
7964-ZRKKG,67,One year,88.4,5798.3,0.13739374181249223,Low,12.145606776224314,0
4332-MUOEZ,20,One year,94.3,1818.3,0.13715881881908762,Low,12.934076614639961,0
0206-TBWLC,54,One year,114.65,6049.5,0.13676850677370572,Low,15.680509301605362,0
7089-XXAYG,25,One year,38.1,970.4,0.1367508271858897,Low,5.2102065157823985,0
1679-JRFBR,70,One year,108.15,7930.55,0.13652310301734072,Low,14.764973591325399,0
4429-WYGFR,26,Month-to-month,49.15,1237.3,0.1365112975309035,Low,6.709530273643907,0
3428-MMGUB,60,Two year,89.55,5231.2,0.1364504630039596,Low,12.219138962004582,0
1142-IHLOO,51,One year,87.55,4475.9,0.13643670128981264,Low,11.945033197923097,0
1697-BCSHV,58,Month-to-month,66.8,3970.4,0.13630172022822787,Low,9.10495491124562,0
7134-MJPDY,66,One year,102.85,6976.75,0.1362477870846032,Low,14.013084901651437,0
9972-NKTFD,28,Month-to-month,54.65,1517.5,0.13624591298348696,Low,7.445839144547562,0
0142-GVYSN,26,Month-to-month,20.3,511.25,0.13604720359083516,Low,2.761758232893954,0
0787-LHDYT,16,Month-to-month,20.6,330.25,0.13586292331420738,Low,2.7987762202726723,0
0665-XHDJU,72,Two year,99.4,7285.7,0.1357435650244884,Low,13.492910363434147,0
3999-WRNGR,60,Month-to-month,49.75,3069.45,0.13566376885683515,Low,6.749272500627549,0
7845-URHJN,8,Month-to-month,20.15,156.25,0.13556316418425582,Low,2.7315977583127546,1
9114-AAFQH,48,One year,65.65,3094.65,0.13533213816715206,Low,8.884554870673533,0
4801-KFYKL,8,Month-to-month,19.45,159.2,0.13531064864485237,Low,2.6317921161423787,0
3132-TVFDZ,57,Month-to-month,44.85,2572.95,0.13518989182173213,Low,6.063266648204686,1
6302-JGYRJ,31,One year,79.45,2587.7,0.13514596425104444,Low,10.73734685974548,1
5514-YQENT,41,Two year,111.15,4507.15,0.1349205210651691,Low,14.996415916393547,0
9036-CSKBW,51,One year,107.45,5680.9,0.13483312539798487,Low,14.487819324013474,0
5073-WXOYN,60,Month-to-month,50.8,3027.4,0.13478425575526942,Low,6.847040192367686,1
4054-CUMIA,18,Month-to-month,20.25,401.95,0.13463475741654682,Low,2.726353837685073,0
1442-OKRJE,66,One year,103.15,7031.3,0.13452768136520604,Low,13.876530332821003,0
4510-PYUSH,38,Month-to-month,57.15,2250.65,0.13438212147958464,Low,7.679938242558262,1
8017-UVSZU,40,Month-to-month,56.6,2379.1,0.1340670972274195,Low,7.588197703071944,0
9249-FXSCK,52,One year,111.25,5916.45,0.13406315725424178,Low,14.914526244534398,1
1237-WIYYZ,18,Month-to-month,19.55,389.25,0.13386412653505214,Low,2.6170436737602696,0
9555-SAHUZ,38,Month-to-month,54.5,2076.05,0.13383225422254574,Low,7.293857855128743,0
2931-XIQBR,50,One year,103.05,5153.5,0.1338259188729448,Low,13.79076093985696,0
6305-YLBMM,69,One year,104.05,7262.0,0.13361185257517416,Low,13.90231326044687,1
8735-NBLWT,9,Month-to-month,20.4,184.1,0.13356951650172585,Low,2.724818136635207,0
6278-FEPBZ,9,Month-to-month,20.25,186.15,0.1335629449333166,Low,2.704649634899661,0
4568-TTZRT,9,Month-to-month,20.4,181.8,0.1334934423001629,Low,2.723266222923323,0
4083-BFNYK,38,One year,95.0,3591.25,0.13345880203701288,Low,12.678586193516225,0
4083-EUGRJ,9,Month-to-month,20.25,178.5,0.1333100678337963,Low,2.699528873634375,1
0310-VQXAM,9,Month-to-month,19.85,178.8,0.13312203284900873,Low,2.6424723520528235,0
7159-NOKYQ,67,Two year,93.15,6368.2,0.13292250425508537,Low,12.381731271361202,0
1768-HNVGJ,45,Month-to-month,70.05,3062.45,0.13270341538825864,Low,9.295874247947518,0
8220-OCUFY,21,One year,60.25,1258.35,0.13266137237671316,Low,7.992847685696968,0
1179-INLAT,3,One year,19.45,69.25,0.13257145998026584,Low,2.5785148966161704,0
3126-WQMGH,49,Month-to-month,52.15,2583.75,0.13256190102722917,Low,6.913103138570001,0
8634-CILSZ,69,One year,104.7,7220.35,0.1325595280850205,Low,13.878982590501646,1
7868-BGSZA,43,One year,80.2,3581.6,0.13224033975357433,Low,10.605675248236661,0
2791-SFVEW,9,Month-to-month,20.15,238.15,0.1321375164973864,Low,2.6625709574223357,0
1991-VOPLL,9,Month-to-month,19.05,157.65,0.13203245265464142,Low,2.515218223070919,0
2911-UREFD,39,Month-to-month,55.9,2184.35,0.13198803628478134,Low,7.378131228319277,1
3445-HXXGF,58,Month-to-month,45.3,2651.2,0.13187352757384926,Low,5.973870799095371,1
2486-WYVVE,31,One year,79.3,2484.0,0.13164483084352002,Low,10.439435085891137,0
8008-ESFLK,53,One year,110.5,5835.5,0.13144021636450387,Low,14.524143908277678,0
1121-QSIVB,44,One year,77.55,3471.1,0.13142028366402955,Low,10.191642998145491,0
2001-EWBQU,60,Two year,104.7,6333.8,0.13133995285498612,Low,13.751293063917046,0
4374-YMUSQ,34,One year,116.25,3899.05,0.13105419141413932,Low,15.235049751893696,0
8070-AAWZP,24,Month-to-month,34.25,828.2,0.13094345650042302,Low,4.484813385139488,0
5832-TRLPB,29,One year,75.35,2243.9,0.13090912969401017,Low,9.864002922443666,0
6804-GDMOI,61,Two year,106.6,6428.4,0.13072097635092716,Low,13.934856079008835,1
6797-UCJHZ,66,One year,104.6,6819.45,0.1304915904836941,Low,13.649420364594402,0
4011-ARPHK,27,Month-to-month,50.35,1411.35,0.13044634986166284,Low,6.567973715534724,0
3450-WXOAT,46,Month-to-month,45.2,2065.15,0.13037527395147216,Low,5.892962382606542,0
4277-UDIEF,24,Month-to-month,81.0,1923.85,0.1302282634248864,Low,10.548489337415797,0
0098-BOWSO,27,Month-to-month,19.4,529.8,0.1301047645511783,Low,2.524032432292859,0
3571-DPYUH,58,One year,94.7,5430.35,0.13009589187186787,Low,12.320080960265889,0
5756-JYOJT,11,One year,64.9,697.25,0.1300670662467541,Low,8.441352599414342,0
2466-NEJOJ,8,Month-to-month,19.65,169.75,0.1300473132924049,Low,2.5554297061957563,0
2023-VQFDL,18,Month-to-month,19.0,348.8,0.1299920397346079,Low,2.46984875495755,0
6092-QZVPP,36,Month-to-month,79.2,2854.95,0.12994506699622246,Low,10.291649306100819,0
7446-KQISO,45,Two year,109.75,4900.65,0.12993181292293576,Low,14.2600164682922,0
2242-MFOTG,33,One year,80.1,2603.3,0.12981790269519944,Low,10.398414005885474,0
1045-LTCYT,8,Month-to-month,21.05,139.75,0.129756099915359,Low,2.731365903218307,0
2748-MYRVK,63,One year,99.9,6137.0,0.12972968052394862,Low,12.959995084342468,1
4489-SNOJF,35,Month-to-month,72.25,2568.55,0.12970094719020034,Low,9.370893434491974,1
1337-BOZWO,18,One year,46.4,812.4,0.12947536579379657,Low,6.0076569728321605,0
7727-SHVZV,9,Month-to-month,19.5,150.35,0.12897239000522803,Low,2.5149616051019468,0
0708-SJDIS,34,Month-to-month,65.0,2157.5,0.12892716395664064,Low,8.380265657181642,0
2450-ZKEED,11,One year,53.8,651.55,0.1288255723612205,Low,6.930815793033663,0
7572-KPVKK,62,Two year,104.05,6590.5,0.12873954576475566,Low,13.395349736822826,0
4355-CVPVS,56,One year,88.9,4968.0,0.12853895442298308,Low,11.427113048203196,0
5481-NTDOH,67,One year,107.05,7142.5,0.12835505198277702,Low,13.74040831475628,0
4002-BQWPQ,25,Month-to-month,81.75,2028.8,0.12800793438274422,Low,10.46464863578934,0
1353-GHZOS,22,One year,59.75,1374.35,0.12799184142824094,Low,7.647512525337396,0
3714-XPXBW,37,Month-to-month,78.9,2976.95,0.12777057197578864,Low,10.081098128889725,0
2495-TTHBQ,4,One year,20.4,84.75,0.12754168707996977,Low,2.601850416431383,0
7356-AYNJP,4,One year,23.9,97.5,0.12740288779775985,Low,3.04492901836646,0
4742-DRORA,60,One year,95.4,5812.0,0.1272486465623289,Low,12.139520882046178,0
6937-GCDGQ,19,One year,48.95,955.6,0.12720093846713207,Low,6.226485937966115,0
6682-QJDGB,40,Month-to-month,55.25,2139.2,0.12650092666095084,Low,6.9891761980175335,1
3865-YIOTT,72,One year,106.1,7848.5,0.12641635021833358,Low,13.412774758165192,0
9894-QMIMJ,23,One year,55.8,1327.85,0.12640070402344605,Low,7.05315928450829,0
4323-OHFOW,70,One year,105.55,7195.35,0.12620019759333354,Low,13.320430855976355,0
5863-OOKCL,10,Month-to-month,18.85,163.2,0.12616074034414773,Low,2.378129955487185,0
2478-EEWWM,59,Month-to-month,44.3,2666.75,0.12594513250892753,Low,5.579369370145489,0
9711-FJTBX,56,One year,85.85,4793.8,0.12590533310040022,Low,10.80897284666936,0
2778-OCLGR,24,Month-to-month,39.1,971.3,0.12576314599209762,Low,4.917339008291017,1
5223-UZAVK,64,One year,100.3,6603.8,0.1256894813310255,Low,12.606654977501858,0
6286-ZHAOK,20,Month-to-month,25.55,507.4,0.12559699576932642,Low,3.20900324190629,0
0824-VWDPO,45,One year,96.75,4442.75,0.12554707138642524,Low,12.146679156636642,0
3642-GKTCT,61,One year,115.1,6993.65,0.12550559960515711,Low,14.445694514553583,0
3680-CTHUH,60,One year,116.6,7049.5,0.12538820771102913,Low,14.620265019105995,0
5012-YSPJJ,31,Month-to-month,54.35,1647.0,0.12530011405096617,Low,6.810061198670011,0
1397-XKKWR,7,One year,35.3,264.8,0.12523573073225036,Low,4.420821294848437,0
1921-KYSAY,41,One year,68.6,2877.05,0.12506662681608402,Low,8.579570599583363,0
3096-WPXBT,61,One year,100.7,6018.65,0.12495759594399229,Low,12.583229911560025,0
8984-EYLLL,64,Two year,105.25,6823.4,0.12495164770200638,Low,13.151160920636173,0
7102-JJVTX,9,One year,48.6,422.3,0.12480878130102076,Low,6.065706771229609,0
9522-ZSINC,13,One year,19.95,253.8,0.12468140947262028,Low,2.4873941189787745,0
5396-IZEPB,9,Month-to-month,19.7,180.7,0.12453608085028076,Low,2.453360792750531,0
6281-FKEWS,44,One year,49.05,2265.0,0.12443596339424026,Low,6.103584004487485,0
2001-MCUUW,46,Two year,108.65,4903.2,0.12437996503930092,Low,13.513883201520045,0
4622-YNKIJ,33,Two year,88.95,3027.65,0.12427858480655836,Low,11.054580118543367,0
2931-VUVJN,59,One year,94.05,5483.9,0.12424108571673628,Low,11.684874111659047,0
5808-TOTXO,3,One year,20.55,57.4,0.12417094934710651,Low,2.551713009083039,0
6035-RIIOM,54,Two year,97.2,5129.45,0.12403762380018146,Low,12.056457033377638,0
2946-KIQSP,35,Month-to-month,33.45,1175.85,0.1240012315600646,Low,4.147841195684161,0
3863-QSTYI,59,Month-to-month,64.65,3735.45,0.12385324917232322,Low,8.007112558990697,0
4576-CSAJH,22,One year,55.15,1193.05,0.12359701143664117,Low,6.816375180730761,1
0136-IFMYD,69,Two year,109.95,7634.25,0.12355115295560493,Low,13.584449267468761,0
0835-JKADZ,71,Two year,111.25,7984.15,0.12351574905245757,Low,13.741127082085905,0
1877-HKBQX,11,One year,54.6,617.85,0.12350721115117845,Low,6.743493728854344,0
8465-SBRXP,38,Two year,94.9,3616.25,0.12328979068609455,Low,11.700201136110374,0
9107-UKCKY,61,One year,79.8,4914.8,0.12323401651176247,Low,9.834074517638644,0
4830-FAXFM,19,Month-to-month,24.1,439.2,0.12316137477788033,Low,2.9681891321469163,0
2519-TWKFS,25,One year,55.1,1466.1,0.12309771157779446,Low,6.782683907936475,0
9932-WBWIK,11,Month-to-month,20.35,215.25,0.12271210127962662,Low,2.4971912610404017,0
7105-MXJLL,26,One year,60.7,1597.4,0.12269145618918519,Low,7.447371390683541,0
9114-VEPUF,62,One year,96.1,6001.45,0.12267316126092093,Low,11.788890797174501,0
4895-TMWIR,11,Month-to-month,19.95,214.75,0.12251231342434578,Low,2.4441206528156982,1
5555-RNPGT,10,Month-to-month,24.8,223.9,0.12250544819018484,Low,3.0381351151165843,0
6035-BXTTY,32,Month-to-month,54.65,1830.1,0.12246269985226747,Low,6.692586546926417,0
5732-IKGQH,52,One year,104.45,5481.25,0.12244928392267802,Low,12.78982770572372,0
2371-JUNGC,11,Month-to-month,20.25,208.0,0.12244309909164793,Low,2.4794727566058703,0
8769-KKTPH,63,One year,99.65,6311.2,0.12205731001618124,Low,12.163010943112461,0
4385-ZKVNW,44,Month-to-month,54.9,2549.1,0.12195481973519699,Low,6.695319603462314,0
9259-PACGQ,34,Month-to-month,62.65,2274.9,0.12177472069421748,Low,7.629186251492725,1
6297-NOOPG,70,Two year,110.5,7752.05,0.1217295534080752,Low,13.45111565159231,0
4063-EIKNQ,11,Month-to-month,20.95,267.35,0.12170961110186858,Low,2.5498163525841466,0
6603-QWSPR,46,Two year,104.4,4904.2,0.12169917756400256,Low,12.705394137681868,0
5693-PIPCS,41,Two year,99.65,4220.35,0.12162927833216747,Low,12.12035758580049,0
3786-WOVKF,72,One year,106.85,7677.4,0.12145516005809474,Low,12.977483852207422,0
6447-GORXK,31,Month-to-month,25.0,789.2,0.12145371275884508,Low,3.036342818971127,0
3552-CTCYF,63,Two year,104.8,6597.25,0.12140126818602834,Low,12.722852905895769,0
0523-VNGTF,52,Month-to-month,50.5,2566.3,0.12125845015857749,Low,6.1235517330081635,0
4712-UYOOI,20,Month-to-month,20.0,417.65,0.12100084708386517,Low,2.4200169416773036,0
1304-SEGFY,72,Two year,97.85,6841.3,0.12080952331570231,Low,11.82121185644147,0
9256-JTBNZ,11,Month-to-month,20.3,246.3,0.12077171010542787,Low,2.451665715140186,0
1114-CENIM,54,Month-to-month,55.0,3092.65,0.12072178680909697,Low,6.639698274500333,1
4682-BLBUC,44,One year,70.95,3250.45,0.12053507699822436,Low,8.55196371302402,0
9504-DSHWM,20,Month-to-month,59.2,1191.2,0.12026103251335923,Low,7.119453124790867,0
2690-DVRVK,5,One year,20.55,99.45,0.12016368128849045,Low,2.4693636504784786,0
6198-PNNSZ,56,One year,109.8,6109.65,0.12014494707806611,Low,13.19191518917166,0
3635-JBPSG,15,Two year,38.8,603.0,0.12013307959006475,Low,4.661163488094512,0
3318-ISQFQ,20,Month-to-month,19.5,413.0,0.11990007903829336,Low,2.3380515412467204,0
8929-KSWIH,25,Two year,99.3,2513.5,0.1198640609310501,Low,11.902501250453275,0
2428-ZMCTB,10,Month-to-month,19.75,208.25,0.11972563024749273,Low,2.3645811973879813,0
7311-MQJCH,5,One year,19.55,99.6,0.119715855349733,Low,2.34044497208728,0
8707-HOEDG,70,Two year,110.2,7689.8,0.1197042295624973,Low,13.191406097787203,0
5985-BEHZK,72,One year,105.0,7578.05,0.11964280350583326,Low,12.562494368112493,0
7432-FFVAR,46,One year,90.95,4236.6,0.1195732354907674,Low,10.875185767885295,0
0380-ZCSBI,10,Month-to-month,20.0,198.7,0.11955092650361783,Low,2.3910185300723565,0
5193-QLVZB,63,Two year,104.75,6536.5,0.11953846675153061,Low,12.521654392222832,0
2294-DMMUS,62,Month-to-month,70.45,4300.45,0.1194314982377381,Low,8.41394905084865,0
8849-GYOKR,54,One year,106.55,5763.3,0.1194053758836702,Low,12.72264280040506,1
8409-WQJUX,25,One year,54.2,1423.15,0.11926126974404642,Low,6.463960820127316,0
0373-AIVNJ,9,One year,39.55,373.0,0.11914656252713078,Low,4.7122465479480224,0
0074-HDKDG,25,One year,61.6,1611.0,0.11897843086839649,Low,7.329071341493224,0
2908-ZTPNF,36,Month-to-month,34.85,1267.2,0.11891638985107034,Low,4.144236186309802,0
2091-MJTFX,30,Month-to-month,51.2,1561.5,0.11872343215436774,Low,6.078639726303629,1
1539-LNKHM,12,Month-to-month,20.4,266.6,0.11867236987632032,Low,2.4209163454769342,0
5229-DTFYB,41,Two year,98.8,3959.15,0.11859663634376172,Low,11.717347670763658,0
6137-MFAJN,48,Month-to-month,44.8,2104.55,0.1185392047555658,Low,5.310556373049348,0
2324-EFHVG,64,Two year,104.4,6692.65,0.1185084208310412,Low,12.372279134760701,0
8080-POTJR,30,One year,79.3,2427.1,0.11842661086428552,Low,9.39123024153784,0
6476-EPYZR,12,Month-to-month,20.5,255.5,0.11838561035614048,Low,2.42690501230088,0
8942-DBMHZ,12,Month-to-month,20.45,255.35,0.11835877350328702,Low,2.4204369181422196,0
6386-SZZKH,49,Two year,107.95,5293.2,0.11827096968670381,Low,12.767351177679677,1
3537-RYBHH,47,Month-to-month,67.45,3252.0,0.11825917662938483,Low,7.976581463652007,0
0744-GKNGE,64,Month-to-month,86.8,5327.25,0.11806044576494588,Low,10.247646692397302,0
6838-HVLXG,12,Month-to-month,20.3,246.7,0.11803404434522684,Low,2.3960911002081047,0
4628-CTTLA,57,Month-to-month,39.3,2111.45,0.11799614501540838,Low,4.637248499105549,1
7566-DSRLQ,72,Two year,110.15,7998.8,0.11784073262145076,Low,12.980156698252802,0
5062-CJJKH,25,One year,53.65,1355.45,0.11778205223671792,Low,6.319007102499916,0
3750-RNQKR,12,Month-to-month,19.45,246.25,0.11764200773778108,Low,2.288137050499842,0
6784-XYJAE,36,One year,55.8,1941.5,0.11762333833960958,Low,6.563382279350215,0
9086-YJYXS,34,One year,77.2,2753.8,0.11749149441824153,Low,9.070343369088246,0
3623-FQBOX,21,Month-to-month,19.95,416.4,0.11746806301162399,Low,2.3434878570818984,0
6402-SSEJG,25,One year,61.05,1540.2,0.11734475743660787,Low,7.16389744150491,0
5681-LLOEI,43,One year,91.25,4013.8,0.11727788088937693,Low,10.701606631155645,0
9367-TCUYN,12,Month-to-month,20.1,223.6,0.11725957424070052,Low,2.3569174422380805,0
9357-UJRUN,24,One year,58.35,1346.9,0.1171866627977034,Low,6.837841774245994,0
1218-VKFPE,12,Month-to-month,19.0,233.55,0.11706618934253445,Low,2.2242575975081547,1
0345-XMMUG,46,Two year,108.9,4854.3,0.11701214587896795,Low,12.74262268621961,0
1563-IWQEX,12,Month-to-month,19.7,220.35,0.11698624486153686,Low,2.304629023772276,0
6227-FBDXH,69,One year,99.5,6841.45,0.11696839363685366,Low,11.638355166866939,0
8785-EPNCG,11,Month-to-month,23.15,245.2,0.11682360791096351,Low,2.704466523138805,1
2558-BUOZZ,47,One year,94.8,4535.85,0.11623422242314867,Low,11.019004285714493,0
5989-OMNJE,24,One year,57.6,1367.75,0.11619776986716916,Low,6.692991544348944,0
8894-JVDCV,62,One year,115.05,7133.45,0.11599310406651935,Low,13.34500662285305,0
4713-ZBURT,45,Two year,99.7,4634.35,0.11577127138145588,Low,11.542395756731151,0
5153-LXKDT,68,Two year,110.2,7467.5,0.11567402536773415,Low,12.747277595524304,0
1247-QBVSH,43,Month-to-month,50.2,2169.4,0.11554591521658286,Low,5.80040494387246,0
6289-CPNLD,33,One year,73.9,2405.05,0.11525731866595465,Low,8.51751584941405,1
6397-JNZZG,43,Month-to-month,55.55,2342.2,0.11512751985652007,Low,6.39533372802969,1
8199-ZLLSA,67,One year,118.35,7804.15,0.11504095006809938,Low,13.61509644055956,1
6368-NWMCE,38,Month-to-month,68.15,2656.3,0.11479592545713668,Low,7.823342319903865,0
6861-OKBCE,11,Month-to-month,20.1,221.35,0.11478714600492493,Low,2.3072216346989913,1
5013-SBUIH,50,Two year,109.65,5551.15,0.11478443482383982,Low,12.586113278434038,1
7105-BENQF,15,One year,64.85,950.75,0.11458638441601264,Low,7.430927029378419,0
0218-QNVAS,71,One year,100.55,7113.75,0.1145545885713279,Low,11.51846388084702,0
6319-QSUSR,11,Month-to-month,19.7,216.2,0.1144637650584222,Low,2.2549361716509173,0
0487-RPVUM,61,Month-to-month,99.4,5943.65,0.11445395960903999,Low,11.376723585138576,0
3324-OIRTO,71,One year,104.65,7288.4,0.11441746242679664,Low,11.97378744296427,0
7459-IMVYU,38,Month-to-month,69.95,2657.55,0.11436527493732182,Low,7.999850981865662,0
2882-DDZPG,12,Month-to-month,19.45,227.45,0.11434204805858236,Low,2.223952834739427,0
4726-DLWQN,50,Month-to-month,70.35,3454.6,0.11426020430354578,Low,8.038205372754444,0
6743-HHQPF,42,Month-to-month,25.1,1097.15,0.1141880354985195,Low,2.8661196910128397,0
4129-LYCOI,67,Two year,104.0,7039.05,0.1141586915797014,Low,11.872503924288946,0
0536-ACXIP,72,Two year,109.55,8165.1,0.11412713433159898,Low,12.502627566026668,0
6103-LIANB,59,Two year,99.5,5861.75,0.11405581836925371,Low,11.348553927740745,0
9867-NNXLC,22,Month-to-month,20.05,470.2,0.11367073659017635,Low,2.2790982686330357,0
4903-CNOZC,29,One year,70.9,1964.6,0.1136673797000925,Low,8.059017220736559,0
6732-FZUGP,47,One year,94.9,4615.25,0.1135406477428689,Low,10.77500747079826,0
2889-FPWRM,72,One year,117.8,8684.8,0.11348081847256762,Low,13.368040416068466,1
0208-BPQEJ,12,Month-to-month,19.4,198.1,0.11347356050382304,Low,2.2013870737741668,0
9052-DHNKM,26,One year,61.55,1581.95,0.11337682656089229,Low,6.97834367482292,0
4075-WKNIU,0,Two year,73.35,0.0,0.11333556317066278,Low,8.313163558568114,0
0815-MFZGM,42,Two year,99.0,4135.0,0.11332302131374183,Low,11.218979110060442,0
1488-SYSFC,31,Month-to-month,20.65,702.05,0.11331839230365942,Low,2.340024801070567,0
9386-LDCZR,43,One year,90.65,3882.3,0.11318348078621236,Low,10.26008253327015,0
9146-JRIOX,14,Month-to-month,25.55,372.45,0.1131804521666527,Low,2.891760552857977,0
8457-XIGKN,20,Month-to-month,19.6,356.15,0.11316454623442386,Low,2.2180251061947076,0
8402-EIVQS,67,One year,100.9,6733.15,0.11315016511507466,Low,11.416851660111034,0
6778-JFCMK,24,One year,50.6,1288.75,0.11288249220770617,Low,5.711854105709932,0
0076-LVEPS,29,Month-to-month,45.0,1242.45,0.1128640545134985,Low,5.078882453107433,0
0864-FVJNJ,64,One year,113.35,7222.75,0.11283730806283128,Low,12.790108868921925,0
7228-PAQPD,14,One year,59.1,772.85,0.11279566033850034,Low,6.66622352600537,0
9677-AVKED,53,One year,84.6,4449.75,0.11277626831402872,Low,9.540872299366828,0
5678-VFNEQ,71,One year,104.1,7412.25,0.11274937239183315,Low,11.73720966598983,0
7470-DYNOE,53,One year,61.1,3357.9,0.11267846172739088,Low,6.884654011543582,0
5025-GOOKI,20,Month-to-month,18.9,347.65,0.11262076700267187,Low,2.1285324963504983,0
7508-KBIMB,24,One year,56.25,1454.25,0.11239255957222509,Low,6.322081475937662,0
9031-ZVQPT,72,Two year,108.2,7840.6,0.11238371863417265,Low,12.159918356217482,0
4531-AUZNK,51,One year,95.15,5000.05,0.11233767088627078,Low,10.688929384828665,0
2019-HDCZY,63,Two year,102.6,6296.75,0.11228189449908182,Low,11.520122375605794,0
9480-BQJEI,62,One year,92.3,5731.45,0.11227160079536089,Low,10.362668753411809,0
2202-OUTMO,34,Month-to-month,60.85,2003.6,0.1122541620043604,Low,6.830665757965331,0
9128-CPXKI,59,Two year,95.8,5655.45,0.11221995594790055,Low,10.750671779808872,0
1095-WGNGG,61,Two year,101.05,5971.25,0.11221339982542469,Low,11.339164052359164,0
8591-NXRCV,41,Month-to-month,74.65,3090.65,0.11217051041931538,Low,8.373528602801894,0
8467-WYNSR,22,Month-to-month,55.1,1253.15,0.11215293675143309,Low,6.179626815003964,0
3387-PLKUI,13,Month-to-month,18.8,251.25,0.11211964488370335,Low,2.107849323813623,0
8221-EQDGL,35,Month-to-month,61.0,2130.45,0.11209614274317549,Low,6.837864707333705,0
4829-ZLJTK,72,Two year,112.4,8046.85,0.11196237727806697,Low,12.58457120605473,0
2887-JPYLU,41,Month-to-month,45.2,1841.9,0.11192384921471935,Low,5.058957984505315,0
7136-IHZJA,40,Month-to-month,71.35,2847.2,0.11177624614001233,Low,7.975235162089879,0
8405-IGQFX,63,One year,90.05,5817.0,0.11161807897416103,Low,10.0512080116232,0
7055-VKGDA,54,One year,105.4,5643.4,0.11159476336162888,Low,11.762088058315685,1
3259-FDWOY,71,Two year,106.0,7723.7,0.11147493173323966,Low,11.816342763723405,1
4623-ZKHLY,22,Month-to-month,20.45,471.55,0.11120485496136338,Low,2.2741392839598813,0
9770-KXGQU,53,One year,98.6,5311.85,0.11091513237500653,Low,10.936232052175642,0
4282-MSACW,68,One year,117.2,8035.95,0.11090844113342888,Low,12.998469300837865,0
4119-ZYPZY,71,Two year,106.8,7623.2,0.11087775965316453,Low,11.841744730957972,0
7820-ZYGNY,63,One year,90.45,5825.5,0.11080793542013431,Low,10.022577758751149,0
7531-GQHME,12,Month-to-month,20.05,265.45,0.1107287839662882,Low,2.2201121185240784,0
1950-KSVVJ,45,One year,113.3,5032.25,0.11041372827668304,Low,12.509875413748189,0
3137-NYQQI,17,One year,64.8,1175.6,0.11040737084494091,Low,7.154397630752171,0
3417-TSCIC,29,One year,24.85,788.05,0.11037875960344384,Low,2.7429121761455795,0
0547-HURJB,12,Month-to-month,21.05,235.8,0.11031681362536612,Low,2.3221689268139567,0
6242-SGYTS,62,One year,94.95,5791.85,0.11019624946025283,Low,10.463133886251006,0
6900-RBKER,52,Two year,89.45,4577.75,0.11013544461466433,Low,9.851615520781724,0
8646-JCOMS,66,One year,90.55,6130.95,0.10990642277115617,Low,9.952026581928191,0
1042-HFUCW,25,One year,54.75,1266.35,0.10924785531035297,Low,5.981320078241825,0
1730-VFMWO,34,Month-to-month,50.2,1815.3,0.1092388585562714,Low,5.483790699524825,0
1428-IEDPR,52,Two year,109.3,5731.4,0.10922599014626116,Low,11.938400722986344,0
2577-GVSIL,35,One year,73.45,2661.1,0.10913611295278892,Low,8.016047496382347,0
3733-UOCWF,61,One year,85.55,5251.75,0.1091306893883844,Low,9.336130477176285,0
2419-FSORS,72,Two year,108.4,7719.5,0.10905964216907198,Low,11.822065211127402,0
0980-FEXWF,26,One year,50.35,1285.8,0.10903667371473812,Low,5.489996521537065,0
0305-SQECB,11,One year,36.05,402.6,0.10903277389598581,Low,3.930631498950288,0
9092-GDZKO,22,Month-to-month,24.85,493.4,0.10880493034029716,Low,2.7038025189563846,0
9786-IJYDL,35,Two year,113.2,3914.05,0.10856956881132203,Low,12.290075189441653,0
6586-PSJOX,15,One year,55.2,864.55,0.1085189944780819,Low,5.990248495190121,0
5709-LVOEQ,0,Two year,80.85,0.0,0.1084992033120787,Low,8.772160587781562,0
1389-WNUIB,20,One year,76.0,1588.75,0.10849773279864712,Low,8.245827692697182,0
7632-MNYOY,66,One year,110.9,7432.05,0.10848052773960179,Low,12.03049052632184,1
9695-IDRZR,34,Two year,116.15,3946.9,0.10843113908589887,Low,12.594276804827153,0
5195-KPUNQ,53,One year,96.75,5206.55,0.10840694267114376,Low,10.488371703433158,0
8034-RYTVV,55,One year,84.25,4589.85,0.1083724669714494,Low,9.130380342344612,0
5294-IMHHT,53,One year,97.75,5043.2,0.10837105796353674,Low,10.593270915935717,0
3061-BCKYI,14,Month-to-month,19.9,283.75,0.10829966520350327,Low,2.155163337549715,0
1536-YHDOE,17,One year,62.1,1096.65,0.10828431921268156,Low,6.724456223107524,0
9391-TTOYH,23,Month-to-month,19.5,470.2,0.10821528872949271,Low,2.1101981302251076,0
3190-FZATL,14,Month-to-month,19.95,268.4,0.1078972490151163,Low,2.15255011785157,0
1096-ADRUX,66,One year,74.25,4859.25,0.10781720192118328,Low,8.005427242647858,0
3275-RHRNE,28,One year,60.0,1682.05,0.10755156047141534,Low,6.45309362828492,0
0186-CAERR,71,One year,116.3,8309.55,0.10751220310551422,Low,12.503669221171304,0
9498-FIMXL,8,One year,19.2,161.95,0.10737923378911653,Low,2.0616812887510374,0
4833-QTJNO,67,Month-to-month,83.85,5588.8,0.107165501566701,Low,8.985827306367879,0
2667-WYLWJ,8,One year,19.75,145.0,0.10714094455571074,Low,2.116033654975287,1
2958-NHPPS,23,Month-to-month,20.85,473.9,0.10696242967541217,Low,2.230166658732344,0
2363-BJLSL,62,Month-to-month,80.4,4981.15,0.10689705222981619,Low,8.594522999277222,0
9896-UYMIE,66,One year,114.3,7383.7,0.1067056298966612,Low,12.196453497188374,0
6620-HVDUJ,24,Month-to-month,60.45,1440.75,0.10667970077562527,Low,6.448787911886548,0
0193-ESZXP,58,One year,105.5,6205.5,0.10666331058547758,Low,11.252979266767884,1
4826-DXMUP,35,One year,72.1,2495.15,0.10659422785161074,Low,7.685443828101134,0
6840-RESVB,24,One year,84.8,1990.5,0.10656519644894505,Low,9.03672865887054,0
5360-LJCNJ,71,Two year,105.15,7555.0,0.10643994915988896,Low,11.192160654162324,0
4922-CVPDX,26,Two year,73.5,1905.7,0.10630314132485534,Low,7.813280887376868,0
1371-WEPDS,40,One year,55.8,2283.3,0.10628427919530097,Low,5.930662779097793,0
6295-OSINB,72,Two year,109.65,7880.25,0.10619004774475584,Low,11.643738735212478,0
8204-TIFGJ,23,Month-to-month,20.3,470.6,0.10599023896666293,Low,2.1516018510232575,0
3164-YAXFY,57,Month-to-month,53.75,3196.0,0.10596572570663912,Low,5.695657756731853,0
4455-BFSPD,61,One year,101.15,6383.9,0.10589750047048772,Low,10.711532172589834,0
7654-YWJUF,43,One year,84.25,3539.25,0.1057878542035991,Low,8.912626716653223,0
1226-JZNKR,8,One year,19.8,160.05,0.10567896593761064,Low,2.0924435255646907,0
5753-QQWPW,28,One year,59.9,1654.7,0.1055936775350626,Low,6.32506128435025,0
1898-JSNDC,39,One year,58.6,2224.5,0.10549070065499631,Low,6.181755058382784,0
2696-ECXKC,55,One year,100.9,5448.6,0.1054199328710939,Low,10.636871226693374,0
7954-MLBUN,31,Two year,99.45,3109.9,0.10523587153632401,Low,10.465707424287423,0
4366-CTOUZ,50,Two year,100.2,5038.45,0.1051660710278646,Low,10.537640316992032,0
6440-DKQGE,30,One year,64.5,1929.95,0.10488280331018031,Low,6.76494081350663,0
0917-EZOLA,72,Two year,104.15,7689.95,0.10467728742386138,Low,10.902139485195164,1
2926-JEJJC,8,One year,20.2,140.95,0.10467530759699206,Low,2.1144412134592394,0
5913-INRQV,34,One year,90.15,3128.8,0.10458489714095216,Low,9.428328477256837,0
4770-QAZXN,13,Month-to-month,19.45,232.1,0.10448212679614033,Low,2.0321773661849294,0
7013-PSXHK,40,One year,80.75,3208.65,0.10435138179841219,Low,8.426374080221784,0
0347-UBKUZ,15,Month-to-month,19.9,320.45,0.1042659151539538,Low,2.0748917115636805,0
2830-LEWOA,61,One year,103.9,6449.15,0.104095328704415,Low,10.81550465238872,0
8138-EALND,15,Month-to-month,19.75,311.6,0.10396996471704927,Low,2.053406803161723,0
4198-VFOEA,12,One year,33.6,435.45,0.1038900279458289,Low,3.4907049389798512,0
5236-PERKL,57,Two year,112.95,6465.0,0.10364318113853997,Low,11.70649730959809,1
6040-CGACY,15,Month-to-month,19.6,299.4,0.10358579770365477,Low,2.0302816349916335,0
7989-AWGEH,49,Month-to-month,39.2,1838.15,0.1034510169568137,Low,4.055279864707098,0
8387-UGUSU,15,Month-to-month,20.05,284.3,0.10336424873290181,Low,2.0724531870946814,0
5966-EMAZU,64,One year,108.5,6880.85,0.10333428174292117,Low,11.211769569106947,0
5397-TUPSH,65,One year,70.95,4555.2,0.10327692578934272,Low,7.327497884753867,0
0516-QREYC,24,Month-to-month,20.3,459.95,0.10325531905224897,Low,2.096082976760654,0
2272-WUSPA,72,Two year,110.75,7751.7,0.1031876283202849,Low,11.428029836471552,0
4104-PVRPS,24,Month-to-month,53.6,1315.35,0.10307567152592308,Low,5.524855993789477,0
5384-ZTTWP,15,Month-to-month,19.8,272.95,0.10296492261507803,Low,2.038705467778545,0
8631-XVRZL,9,One year,20.15,163.7,0.10282835529810731,Low,2.071991359256862,0
1402-PTHGN,18,One year,61.5,1087.45,0.10279470449183177,Low,6.321874326247654,0
6480-YAGIY,45,One year,112.2,5031.85,0.10268165347353216,Low,11.520881519730308,0
7707-PYBBH,40,Month-to-month,61.9,2647.1,0.10243787865602824,Low,6.340904688808148,0
9412-ARGBX,48,Two year,95.5,4627.85,0.10222955138205776,Low,9.762922156986516,1
8107-RZLNV,72,Two year,106.3,7565.35,0.10222823083823482,Low,10.866860938104361,0
1265-XTECC,68,One year,96.55,6581.9,0.102127815066772,Low,9.860440544696836,1
2533-QVMSK,61,Two year,94.1,5638.3,0.10210640936193377,Low,9.608213120957966,1
4186-ZBUEW,36,One year,70.7,2511.95,0.10154531756345042,Low,7.179253951735945,0
4881-GQJTW,14,Month-to-month,19.6,300.4,0.10145323881171853,Low,1.9884834807096832,0
3374-TTZTK,52,Two year,106.3,5487.0,0.10143365720977503,Low,10.782397761399086,0
6265-SXWBU,69,One year,95.75,6511.25,0.1014205308494071,Low,9.71101582883073,0
8680-CGLTP,29,One year,58.75,1696.2,0.10132495125323272,Low,5.952840886127422,0
4043-MKDTV,71,Two year,105.25,7291.75,0.10126917269267033,Low,10.658580425903551,0
5577-OTWWW,15,Month-to-month,19.75,297.3,0.10112649055075869,Low,1.9972481883774842,1
6266-QHOJZ,65,One year,89.85,5844.65,0.10105902372266724,Low,9.080153281481651,0
4795-WRNVT,40,Month-to-month,65.1,2586.0,0.10096760915933074,Low,6.572991356272431,0
2959-EEXWB,45,Month-to-month,50.9,2333.85,0.10093511907519225,Low,5.1375975609272855,0
3758-CKOQL,59,One year,107.0,6152.3,0.10092134785192262,Low,10.798584220155721,0
9931-DCEZH,28,One year,54.4,1516.6,0.1008972303811457,Low,5.488809332734326,0
5619-PTMIK,46,Month-to-month,53.1,2459.8,0.10087973450514295,Low,5.356713902223091,0
2223-KAGMX,15,Month-to-month,19.4,289.3,0.10078278038673788,Low,1.9551859395027147,1
8109-YUOHE,17,One year,56.1,946.95,0.10072132223802698,Low,5.650466177553313,0
6568-POCUI,45,Two year,95.2,4285.8,0.10071535762909702,Low,9.588102046290036,0
4163-KIUHY,35,Month-to-month,25.6,901.25,0.10056382041100209,Low,2.5744338025216535,0
1140-UKVZG,17,Month-to-month,24.8,475.25,0.10052795895073549,Low,2.49309338197824,0
4423-JWZJN,64,One year,90.25,5629.15,0.10042911698370985,Low,9.063727807779815,0
2120-SMPEX,25,Month-to-month,20.15,536.35,0.10035095767899292,Low,2.0220717972317073,0
0975-UYDTX,26,One year,90.1,2312.55,0.1003005334039163,Low,9.037078059692858,0
8815-LMFLX,25,Month-to-month,25.4,546.85,0.10023276969317726,Low,2.5459123502067023,0
7107-UBYKY,35,Month-to-month,25.75,882.55,0.10013922899703405,Low,2.578585146673627,0
4776-XSKYQ,12,One year,30.25,368.85,0.10013713876744708,Low,3.029148447715274,0
5382-TEMLV,45,Month-to-month,50.9,2298.55,0.10002304089822432,Low,5.091172781719618,0
4079-VTGLK,30,Two year,74.85,2181.75,0.09977863880017361,Low,7.468431114192994,0
2775-SEFEE,0,Two year,61.9,0.0,0.09958503726194189,Low,6.164313806514203,0
5445-PZWGX,62,One year,102.0,6529.25,0.09947696752039784,Low,10.146650687080578,1
4003-OCTMP,31,One year,64.0,1910.75,0.09933092159719736,Low,6.357178982220631,0
5393-HJZSM,32,Month-to-month,76.3,2404.15,0.09925950901757703,Low,7.573500538041127,0
6655-LHBYW,50,One year,114.35,5791.1,0.09918375133146749,Low,11.341661964753307,0
5286-YHCVC,72,Two year,104.8,7470.1,0.09918030509437409,Low,10.394095973890405,0
2239-CFOUJ,1,One year,20.4,20.4,0.09916098008402288,Low,2.022883993714067,0
6036-TTFYU,16,Month-to-month,19.6,314.45,0.09915378663593832,Low,1.9434142180643912,0
7541-YLXCL,36,One year,65.4,2498.4,0.09914527374435855,Low,6.48410090288105,1
5777-KJIRB,40,One year,50.25,2023.55,0.09908629627529648,Low,4.979086387833648,0
5815-HGGHV,20,One year,64.15,1274.45,0.09906462285674564,Low,6.354995556260233,0
4476-OSWTN,69,One year,110.55,7610.1,0.09901042591889797,Low,10.94560258533417,0
8231-BSWXX,71,One year,79.05,5552.5,0.09895311019557575,Low,7.822243360960263,0
5092-STPKP,24,Month-to-month,56.35,1381.2,0.0989162147834702,Low,5.573928703048545,0
4134-BSXLX,28,Month-to-month,60.9,1785.65,0.09888921017847757,Low,6.022352899869284,0
6333-YDVLT,65,One year,110.0,7138.65,0.09885812149792042,Low,10.874393364771246,0
5562-BETPV,1,One year,19.65,19.65,0.09885513668817762,Low,1.94250343592269,0
4318-RAJVY,10,One year,19.8,198.25,0.09878735619685787,Low,1.9559896526977858,0
7812-FZHPE,17,Month-to-month,24.1,409.9,0.0985843688294902,Low,2.375883288790714,1
2746-DIJLO,41,One year,56.3,2364.0,0.09853983581718773,Low,5.547792756507668,0
2967-MXRAV,1,One year,18.8,18.8,0.09850952969403695,Low,1.8519791582478948,0
1492-QGCLU,53,Month-to-month,85.7,4616.1,0.09850455901784208,Low,8.441840707829067,0
0487-VVUVK,25,Month-to-month,19.15,477.6,0.09846376224682978,Low,1.88558104702679,0
7629-WFGLW,56,One year,95.65,5471.75,0.09842947846011986,Low,9.414779614710465,0
4079-ULGFR,16,Month-to-month,20.0,275.7,0.09832056144151885,Low,1.966411228830377,0
4815-TUMEQ,10,One year,19.3,185.2,0.09826568814866986,Low,1.8965277812693284,0
2096-XOTMO,16,Month-to-month,19.35,275.9,0.09807894376620627,Low,1.8978275618760914,0
0068-FIGTF,27,One year,78.2,2078.95,0.09802608373473927,Low,7.665639748056611,0
8079-XRJRS,65,One year,89.75,5769.6,0.09799211578815195,Low,8.794792391986638,1
9501-UKKNL,59,Month-to-month,51.7,3005.8,0.0979228018010678,Low,5.062608853115205,0
8550-XSXUQ,48,One year,70.55,3420.5,0.09786284498239532,Low,6.90422371350799,0
7998-ZLXWN,15,Month-to-month,20.45,330.8,0.09780896115035212,Low,2.000193255524701,0
9848-JQJTX,72,Two year,100.9,7459.05,0.09741892624422942,Low,9.829569658042749,0
4488-PSYCG,16,Month-to-month,20.25,327.45,0.09735450035066742,Low,1.9714286321010153,1
4419-UJMUS,69,Two year,99.35,6856.45,0.09735182365459985,Low,9.671903680084494,0
0723-FDLAY,44,One year,85.25,3704.15,0.09730713804766974,Low,8.295433518563845,0
6778-EICRF,24,One year,74.8,1821.2,0.0970965329711389,Low,7.26282066624119,0
2038-YSEZE,29,Month-to-month,67.45,1801.1,0.09707953657307253,Low,6.548014741853742,0
9057-MSWCO,27,Month-to-month,30.75,805.1,0.09702281397586397,Low,2.9834515297578172,1
0221-NAUXK,10,One year,19.95,219.5,0.09701289752062459,Low,1.9354073055364605,0
5504-WSIUR,70,One year,90.25,6385.95,0.09691909980754641,Low,8.746948757631063,0
1400-WIVLL,57,Two year,107.95,5969.85,0.0968913521331925,Low,10.459421462778131,0
6968-URWQU,43,One year,56.35,2391.15,0.09664444403409168,Low,5.445914421321066,0
8406-LNMHF,59,One year,82.95,4903.15,0.09662224910738412,Low,8.014815563457514,0
4683-WYDOU,62,Two year,107.6,6912.7,0.09656845599769764,Low,10.390765865352266,0
8624-GIOUT,49,Month-to-month,59.75,2934.3,0.09632300287765971,Low,5.755299421940168,1
4000-VGMQP,38,One year,78.95,2862.55,0.09627809615226109,Low,7.601155691221013,0
4827-LTQRJ,66,One year,110.6,7210.85,0.09623917728232693,Low,10.644053007425358,0
6893-ODYYE,50,One year,90.1,4549.45,0.0961283943696332,Low,8.661168332703951,0
6196-HBOBZ,65,Two year,99.35,6347.55,0.09605712279922084,Low,9.54327515010259,0
4472-LVYGI,0,Two year,52.55,0.0,0.09604929920445943,Low,5.047390673194343,0
7516-GMHUV,50,Two year,105.05,5163.3,0.09602097647436346,Low,10.087003578631881,0
0842-IWYCP,46,Month-to-month,44.95,2168.9,0.09589926886760029,Low,4.310672135598633,0
9330-VOFSZ,60,Two year,110.8,6640.7,0.09589571382353984,Low,10.625245091648214,0
4389-UEFCZ,72,Two year,105.5,7544.0,0.09585332846582591,Low,10.112526153144634,0
5533-RJFTJ,49,Month-to-month,30.2,1453.1,0.09568060527257354,Low,2.889554279231721,0
4822-LPTYJ,72,Two year,103.75,7346.2,0.09567038633247464,Low,9.925802581994244,0
6674-KVJHG,11,One year,25.2,245.15,0.09560188775416448,Low,2.4091675714049448,0
0628-CNQRM,22,One year,67.5,1544.05,0.09543845137046267,Low,6.44209546750623,1
7940-UQQUG,64,One year,104.4,6721.6,0.0952959886942394,Low,9.948901219678595,0
4223-BKEOR,21,One year,64.85,1336.8,0.09516503815951259,Low,6.171452724644391,0
6008-NAIXK,54,One year,55.45,2966.95,0.09512484480510615,Low,5.274672644443136,0
5173-ZXXXL,2,One year,19.95,47.7,0.09503348205833592,Low,1.8959179670638016,0
2371-KFUOG,58,One year,99.15,5720.95,0.09502710849881847,Low,9.421937807657851,0
9513-DXHDA,27,One year,81.7,2212.55,0.09492737509713878,Low,7.755566545436238,0
5829-NVSQN,23,One year,68.75,1689.45,0.09491831337369289,Low,6.525634044441386,0
6870-ECSHE,2,One year,20.45,34.8,0.09490069091838145,Low,1.9407191292809005,0
2391-IPLOP,50,One year,69.65,3442.15,0.09484025714331157,Low,6.605623910031651,0
4697-LUPSU,2,One year,20.2,34.75,0.09480747889211513,Low,1.9151110736207255,0
8610-ZIKJJ,2,One year,20.3,31.9,0.09477434180364577,Low,1.9239191386140093,0
4464-JCOLN,2,One year,19.85,35.9,0.09470701780912533,Low,1.8799343035111378,1
4132-POCZS,52,Month-to-month,39.9,2020.9,0.09422552821344436,Low,3.75959857571643,0
0967-BMLBD,11,One year,20.0,196.35,0.09419813361295731,Low,1.8839626722591463,0
6924-TDGMT,11,One year,20.55,184.95,0.09412120500619346,Low,1.9341907628772756,0
0621-JFHOL,10,Two year,29.6,299.05,0.09410286102539439,Low,2.785444686351674,0
8879-XUAHX,71,Two year,116.25,8564.75,0.09404658170173026,Low,10.932915122826143,0
2056-EVGZL,68,One year,105.75,7322.5,0.09400639785307882,Low,9.941176572963085,0
5578-NKCXI,58,One year,99.25,5846.65,0.09389343258080617,Low,9.318923183645012,0
0106-UGRDO,69,Two year,116.0,8182.85,0.09367905520066504,Low,10.866770403277144,0
9591-YVTEB,55,Month-to-month,44.85,2479.05,0.0936551102991831,Low,4.200431696918362,0
2330-PQGDQ,51,One year,84.2,4299.75,0.09345465455140127,Low,7.8688819132279875,0
6993-YCOBK,60,Two year,110.6,6586.85,0.0934473519757622,Low,10.3352771285193,0
9152-AMKAK,6,Two year,80.25,493.4,0.09337374620537958,Low,7.4932431329817115,0
0795-GMVQO,67,One year,109.9,7332.4,0.09335995150586907,Low,10.260258670495011,0
8780-RSYYU,25,Month-to-month,19.2,532.1,0.09321099318766084,Low,1.789651069203088,0
8644-XYTSV,42,Month-to-month,40.15,1626.05,0.09309648280211193,Low,3.7378237845047937,0
2680-XKKNJ,8,One year,58.2,469.25,0.09289346062952601,Low,5.406399408638414,0
5018-LXQQG,30,Month-to-month,66.3,1923.5,0.09280859290902163,Low,6.1532097098681335,0
8984-HPEMB,71,Two year,118.65,8477.6,0.09280757574662048,Low,11.01161886233652,0
5857-XRECV,2,One year,20.5,38.25,0.09272365249982016,Low,1.9008348762463132,0
5447-VYTKW,27,Month-to-month,53.45,1461.45,0.09268588374750533,Low,4.954060486304161,0
8752-GHJFU,71,One year,92.0,6585.2,0.09259356080072051,Low,8.518607593666287,0
5202-IVJNU,39,Month-to-month,30.1,1131.3,0.09255897579010931,Low,2.7860251712822905,1
9330-DHBFL,23,One year,66.25,1533.8,0.09250645108492742,Low,6.128552384376441,0
1064-FBXNK,1,One year,19.85,19.85,0.09232905267744139,Low,1.8327316956472117,0
6128-DAFVY,56,Month-to-month,44.85,2564.95,0.0922982353319255,Low,4.139575854636859,0
8573-CGOCC,16,Month-to-month,19.75,294.9,0.0921187291283718,Low,1.819344900285343,0
1621-YNCJH,36,Two year,106.05,3834.4,0.09210188685768742,Low,9.76740510125775,0
1057-FOGLZ,18,Month-to-month,19.65,391.7,0.09193036750314079,Low,1.8064317214367165,0
9362-MWODR,40,Month-to-month,64.1,2460.35,0.0918868306949549,Low,5.889945847546609,0
2483-XSSMZ,39,One year,47.85,1886.4,0.091730067177994,Low,4.389283714467013,0
0356-OBMAC,56,Two year,99.9,5706.3,0.09145075742451292,Low,9.135930666708841,0
5446-DKWYW,61,One year,65.2,3965.05,0.09143557444190585,Low,5.961599453612262,0
6481-OGDOO,67,One year,90.6,6056.15,0.09140190700052846,Low,8.281012774247877,1
7010-ZMVBF,18,Month-to-month,20.45,357.0,0.09138990496845625,Low,1.8689235566049303,0
2773-OVBPK,67,Two year,111.3,7567.2,0.09130526876263886,Low,10.162276413281706,0
7542-CYDDM,18,Month-to-month,20.05,358.5,0.09128322500998581,Low,1.8302286614502157,0
4393-OBCRR,3,One year,20.25,71.2,0.0912366898975745,Low,1.8475429704258834,0
8909-BOLNL,3,One year,21.2,52.05,0.09112041020493224,Low,1.9317526963445633,0
9715-SBVSU,14,Two year,61.4,815.55,0.0910851440849352,Low,5.592627846815021,0
3354-OADJP,8,One year,54.25,447.75,0.09096732602553291,Low,4.93497743688516,0
9488-FYQAU,63,Two year,109.25,6841.4,0.09093906901021752,Low,9.935093289366264,0
8627-EHGIP,44,One year,53.95,2375.4,0.0908890380307585,Low,4.903463601759421,1
6837-BJYDQ,3,One year,19.6,61.35,0.09077332365169326,Low,1.7791571435731879,0
3898-BSJYF,10,One year,73.55,693.3,0.09074964143946102,Low,6.674636127872358,0
1527-SXDPN,52,Two year,96.25,4990.25,0.09074768491558223,Low,8.734464673124789,1
0742-LAFQK,72,Two year,99.15,7422.1,0.09060804031481594,Low,8.983787197214001,0
5027-YOCXN,51,One year,110.05,5686.4,0.09049151852936613,Low,9.958591614156742,0
7641-TQFHN,39,Two year,100.55,3895.35,0.09046314684184818,Low,9.096069414947834,0
3022-BEXHZ,67,Two year,111.2,7530.8,0.09041033111941539,Low,10.053628820478991,0
6082-GLJIX,18,Month-to-month,19.25,331.35,0.09035925548341445,Low,1.739415668055728,0
8246-SHFGA,17,Month-to-month,21.1,385.55,0.09035582100167332,Low,1.9065078231353072,0
9351-LZYGF,42,Month-to-month,66.4,2727.8,0.0902634033849882,Low,5.993489984763217,0
5844-QVTAT,33,One year,58.45,1955.4,0.08996399759150962,Low,5.258395659223738,0
0748-RDGGM,70,One year,109.5,7534.65,0.08996107323238606,Low,9.850737518946273,1
9924-JPRMC,72,Two year,118.2,8547.15,0.08990177332433325,Low,10.62638960693619,0
5089-IFSDP,58,Two year,109.45,6144.55,0.08972851155428246,Low,9.820785589616216,1
5777-ZPQNC,12,One year,20.15,260.7,0.08970550020066646,Low,1.807565829043429,0
3115-JPJDD,59,One year,81.25,4639.45,0.08964299166080857,Low,7.283493072440696,0
5327-CNLUQ,48,Two year,96.9,4473.45,0.08957508496186058,Low,8.679825732804291,0
0983-TATYJ,33,One year,51.45,1758.9,0.08955700125962465,Low,4.607707714807689,0
1183-CANVH,23,One year,60.0,1347.15,0.08935710152628462,Low,5.361426091577077,0
5271-YNWVR,68,Two year,113.15,7856.0,0.0893003642334145,Low,10.104336213010852,1
9495-REDIY,25,One year,40.65,970.55,0.08910396316730865,Low,3.6220761027510964,0
6981-TDRFT,44,One year,54.3,2317.1,0.08902923433087033,Low,4.834287424166258,0
9134-WYRVP,51,One year,86.35,4267.15,0.08893964464318294,Low,7.679938314938846,0
9546-KDTRB,19,Month-to-month,24.7,465.85,0.08889329644039494,Low,2.195664422077755,0
3824-RHKVR,17,Month-to-month,19.7,340.35,0.08881266665075929,Low,1.749609533019958,0
2266-SJNAT,72,One year,109.15,7789.6,0.0887157344628776,Low,9.68332241662309,0
4759-PXTAN,59,One year,80.1,4693.2,0.08865609688452412,Low,7.101353360450382,0
8133-ANHHJ,49,One year,103.0,5166.2,0.08858542529906158,Low,9.124298805803342,0
4072-IPYLT,36,Month-to-month,51.05,1815.0,0.0885301544648191,Low,4.519464385429015,0
4086-ATNFV,34,One year,60.8,2042.05,0.0884914266574007,Low,5.380278740769962,0
1038-RQOST,19,Month-to-month,20.6,414.95,0.08846407859064036,Low,1.8223600189671916,0
8671-KKKOS,46,Month-to-month,45.55,2062.15,0.08838458208040836,Low,4.025917713762601,0
5090-EMGTC,59,Two year,100.05,6034.85,0.08838146654217034,Low,8.842565727544143,0
5203-XEHAX,34,One year,64.35,2053.05,0.08836777618712428,Low,5.686466397641447,0
9405-GPBBG,64,Two year,110.5,7069.25,0.08832113253195331,Low,9.759485144780841,0
5260-UMPWX,26,Month-to-month,20.25,493.95,0.08831271425216333,Low,1.7883324636063074,0
4616-ULAOA,65,Two year,110.8,7245.9,0.08822637082045737,Low,9.775481886906675,0
8314-DPQHL,9,One year,50.8,463.6,0.0880013188364858,Low,4.470466996893479,0
6598-RFFVI,2,One year,19.3,28.3,0.08799006188275978,Low,1.6982081943372638,1
5961-VUSRV,12,One year,19.35,219.35,0.0879117230900996,Low,1.7010918417934275,0
6408-OTUBZ,66,One year,104.55,6779.05,0.08790568017238481,Low,9.190538862022832,0
6260-XLACS,4,One year,19.7,117.8,0.08781380173325981,Low,1.7299318941452182,0
2868-LLSKM,68,One year,83.65,5733.4,0.08779652454965974,Low,7.344179278579038,0
5269-NRGDP,42,One year,73.15,3088.25,0.08765653397856153,Low,6.412075460531777,0
0164-APGRB,72,Two year,114.9,8496.7,0.08759186226057517,Low,10.064304973740088,0
3192-NQECA,68,Two year,110.0,7611.85,0.08757820716275992,Low,9.633602787903591,1
6131-IUNXN,19,Month-to-month,20.2,382.2,0.08757494854491255,Low,1.7690139606072333,0
4837-QUSFT,65,One year,100.15,6643.5,0.08753406516422887,Low,8.766536626197523,0
3096-YXENJ,65,Two year,107.65,7082.85,0.0873858122395452,Low,9.40708268758704,0
1004-NOZNR,56,One year,94.8,5264.3,0.08733480839230447,Low,8.279339835590463,0
9967-ATRFS,19,Month-to-month,19.9,367.55,0.08713855646769325,Low,1.7340572737070956,0
3729-OWRVL,65,Two year,110.35,7246.15,0.08709288342342203,Low,9.61069968577462,0
0128-MKWSG,26,Month-to-month,45.8,1147.0,0.08698736632706794,Low,3.9840213777797113,0
5546-QUERU,13,One year,19.95,257.0,0.08688936567429277,Low,1.7334428452021406,0
5161-XEUVX,37,Two year,94.3,3460.95,0.08682479899756201,Low,8.187578545470098,0
5619-XZZKR,4,One year,19.95,68.2,0.08676948096963694,Low,1.7310511453442567,0
6341-JVQGF,31,One year,81.15,2545.75,0.08675110217835072,Low,7.039851941773161,0
4578-PHJYZ,52,One year,68.75,3482.85,0.08674324730427152,Low,5.9635982521686675,0
1150-FTQGN,60,One year,94.15,5811.8,0.086659364330035,Low,8.158979151672796,0
7997-EASSD,63,One year,81.2,4965.1,0.08660739592486737,Low,7.032520549099231,0
1984-GPTEH,29,Month-to-month,25.15,702.0,0.08656702622407644,Low,2.1771607095355225,0
4808-YNLEU,35,One year,62.15,2215.45,0.08654161520327625,Low,5.378561384883619,0
5236-XMZJY,42,Month-to-month,59.65,2536.55,0.08653096573351747,Low,5.161572106004317,0
7841-FCRQD,33,One year,53.75,1857.3,0.08647177144519454,Low,4.647857715179207,0
0308-GIQJT,71,One year,105.75,7382.85,0.08645661544940142,Low,9.1427870837742,0
2233-TXSIU,17,One year,44.45,792.15,0.08628668986907943,Low,3.835443364680581,0
8263-QMNTJ,72,Two year,115.55,8425.3,0.0861934216123337,Low,9.95964986730516,0
8015-IHCGW,72,Two year,115.5,8425.15,0.08617316910473624,Low,9.953001031597037,0
5297-MDOIR,63,One year,81.15,5224.5,0.08603559117410702,Low,6.981788223778785,0
1060-ENTOF,67,One year,105.4,7035.6,0.08587499637404535,Low,9.05122461782438,0
4654-GGUII,18,One year,40.2,711.95,0.08586693348438923,Low,3.4518507260724474,0
2930-UOTMB,31,Month-to-month,65.25,1994.3,0.0857511559802907,Low,5.595262927713969,1
7931-PXHFC,38,One year,62.3,2354.8,0.08572245824356708,Low,5.340509148574229,1
7657-DYEPJ,38,One year,70.15,2497.35,0.08556314412644497,Low,6.002254560470115,1
8681-ICONS,29,Month-to-month,20.65,654.85,0.08555462976467056,Low,1.7667031046404469,0
4906-ZHGPK,54,One year,70.7,3770.0,0.08552476317046864,Low,6.0466007561521335,0
9917-KWRBE,41,One year,78.35,3211.2,0.08549531167182604,Low,6.69855766948757,0
3327-YBAKM,64,One year,96.9,6314.35,0.08530381490773202,Low,8.265939664559234,0
6738-ISCBM,44,One year,54.0,2440.25,0.08526911712879781,Low,4.604532324955082,0
8189-DUKMV,4,One year,20.5,79.05,0.0850924292653736,Low,1.7443947999401588,0
1545-JFUML,71,Two year,99.0,6994.6,0.08501155674967094,Low,8.416144118217423,0
6500-JVEGC,68,One year,101.35,7110.75,0.08497192105527118,Low,8.611904198951734,0
0956-SYCWG,13,One year,19.65,244.8,0.08495226146411188,Low,1.6693119377697982,0
4654-DLAMQ,64,One year,97.0,6430.9,0.08488313305614884,Low,8.233663906446438,0
1599-MMYRQ,62,One year,81.45,4983.05,0.08488080052576785,Low,6.913541202823792,0
3282-ZISZV,32,One year,83.7,2633.3,0.08482324316124593,Low,7.099705452596284,0
0519-DRGTI,20,Month-to-month,20.35,442.6,0.08481421263031276,Low,1.7259692270268647,0
6506-EYCNH,28,Month-to-month,19.55,543.8,0.08475161722853625,Low,1.6568941168178837,0
7740-KKCXF,51,Month-to-month,30.05,1529.45,0.08466986932727016,Low,2.5443295732844686,0
1832-PEUTS,62,Two year,89.1,5411.65,0.08454832825129897,Low,7.533256047190738,0
1334-PDUKM,68,One year,86.45,5762.95,0.08452846190366194,Low,7.307485531571575,0
8565-HBFNN,69,One year,107.2,7317.1,0.08449274862081067,Low,9.057622652150904,0
0052-DCKON,66,One year,115.8,7942.15,0.08448054668496176,Low,9.78284730611857,0
2636-SJDOU,64,One year,84.3,5289.05,0.08439779736432103,Low,7.114734317812262,0
9586-JGQKH,64,Two year,105.4,6794.75,0.08432214345716607,Low,8.887553920385304,0
6505-OZNPG,6,Two year,63.4,348.8,0.08419499415104308,Low,5.337962629176131,0
2164-SOQXL,20,Month-to-month,20.05,406.05,0.08390781300628569,Low,1.682351650776028,0
2243-FNMMI,20,Month-to-month,19.4,415.4,0.08389915332467372,Low,1.6276435744986701,0
6543-JXSOO,23,One year,57.75,1282.85,0.08381743157071378,Low,4.84045667320872,0
6838-YAUVY,54,Two year,95.1,5064.85,0.08362624028115541,Low,7.952855450737879,0
2307-FYNNL,65,Two year,109.05,7108.2,0.0835803233462925,Low,9.114434260913198,0
1125-SNVCK,49,Month-to-month,43.8,2106.05,0.08327835785353041,Low,3.6475920739846317,0
1338-CECEE,41,One year,68.5,2839.95,0.08318823680185158,Low,5.698394220926834,0
0607-MVMGC,45,One year,78.75,3600.65,0.08318238641963663,Low,6.550612930546384,0
7956-XQWGU,27,Month-to-month,19.4,460.25,0.08312298407241438,Low,1.6125858910048387,0
8752-IMQOS,5,One year,20.1,85.1,0.08307957204476546,Low,1.6698993980997858,0
6941-KXRRV,48,One year,58.95,2789.7,0.083048971322157,Low,4.895736859441155,0
3423-HHXAO,14,One year,19.5,272.0,0.08295758068760857,Low,1.617672823408367,0
2129-ALKBS,40,Month-to-month,26.2,1077.5,0.0829570065972471,Low,2.173473572847874,0
3256-EZDBI,51,Month-to-month,29.45,1459.35,0.08293387384447894,Low,2.4424025847199045,0
3941-XTSKM,42,One year,45.1,2049.05,0.08282633165741199,Low,3.735467557749281,0
1137-DGOWI,30,One year,70.25,2198.9,0.08280518208762411,Low,5.817064041655594,0
7718-UPSKJ,69,One year,106.4,7251.9,0.08280133669472632,Low,8.81006222431888,0
3486-KHMLI,21,Month-to-month,24.7,467.15,0.08271885865685938,Low,2.0431558088244266,0
9715-WZCLW,71,Two year,97.2,6910.3,0.08256944279324453,Low,8.02574983950337,0
9575-IWCAZ,6,One year,25.1,171.0,0.08254950842193802,Low,2.0719926613906443,0
6419-ZTTLE,23,One year,20.75,485.2,0.08249864074385367,Low,1.7118467954349637,0
4116-IQRFR,4,One year,24.1,73.1,0.08233964769576353,Low,1.9843855094679013,0
9013-AQORL,48,Month-to-month,45.55,2108.35,0.0821171929825311,Low,3.7404381403542915,0
0530-IJVDB,70,Two year,114.6,7882.5,0.08208548537532692,Low,9.406996624012464,0
1090-PYKCI,69,One year,105.1,7234.8,0.082010439568431,Low,8.619297198642098,0
8035-BUYVG,40,One year,42.35,1716.45,0.08182476421841783,Low,3.4652787646499954,1
0661-WCQNQ,22,One year,56.25,1292.2,0.08175072091046824,Low,4.598478051213839,0
1452-XRSJV,39,Month-to-month,51.05,2066.0,0.08174662653891507,Low,4.173165284811614,0
0020-INWCK,71,Two year,95.75,6849.4,0.08171691171694695,Low,7.824394296897671,0
6752-APNJL,42,Month-to-month,54.5,2301.15,0.0817126432141366,Low,4.453339055170445,0
4137-JOPHL,50,Two year,89.7,4304.5,0.08145635976409042,Low,7.306635470838911,0
3397-AVTKU,43,Two year,60.0,2548.55,0.08145208929288392,Low,4.887125357573035,0
7255-SSFBC,72,Two year,112.25,8041.65,0.08144231011953364,Low,9.141899310917651,0
7182-OVLBJ,62,Two year,101.15,6638.35,0.08141984807110825,Low,8.2356176323926,0
5061-PBXFW,32,Month-to-month,61.4,1864.65,0.08139353924828306,Low,4.99756330984458,0
0447-BEMNG,48,Month-to-month,45.3,2145.0,0.08137941389163951,Low,3.6864874492912696,1
6727-IOTLZ,14,Two year,81.95,1181.75,0.08136799721243014,Low,6.6681073715586505,0
3301-VKTGC,68,One year,85.5,5696.6,0.0813141431685717,Low,6.95235924091288,0
2150-WLKUW,40,One year,63.9,2635.0,0.0812758756373096,Low,5.193528453224084,0
2911-IJORQ,37,One year,90.6,3358.65,0.08123629469405659,Low,7.360008299281526,0
4023-RTIQM,31,One year,50.4,1580.1,0.08118437009570438,Low,4.091692252823501,0
5372-FBKBN,21,Month-to-month,20.75,452.2,0.08112432851744542,Low,1.6833298167369923,0
7901-IIDQV,24,One year,54.6,1242.25,0.08109194438982133,Low,4.427620163684245,0
4174-LPGTI,41,One year,66.5,2728.6,0.0810728361046164,Low,5.39134360095699,1
0725-CXOTM,36,One year,89.65,3348.1,0.08095750625699563,Low,7.257840435939658,0
5537-UXXVS,20,Month-to-month,19.25,375.25,0.08095498054726717,Low,1.558383375534893,0
4526-RMTLL,8,Two year,76.15,645.8,0.08095247999256494,Low,6.164531351433821,0
5304-EFJLP,72,Two year,111.65,8022.85,0.08084986907387574,Low,9.026887882098228,0
2323-ARSVR,67,Two year,111.05,7321.05,0.08082632819886602,Low,8.975763746484072,0
3612-YUNGG,64,Two year,109.2,6741.15,0.0806406293177436,Low,8.805956721497601,0
8853-TZDGH,72,Two year,111.6,8012.75,0.08061967936774221,Low,8.99715621744003,0
4701-AHWMW,55,Month-to-month,54.55,2978.3,0.08050993241224434,Low,4.391816813087929,1
9402-ROUMJ,67,One year,100.25,6689.0,0.08042311318790751,Low,8.062417097087728,0
7872-RDDLZ,67,Month-to-month,54.9,3725.5,0.08038666795244553,Low,4.41322807058926,0
5795-KTGUD,68,Two year,110.8,7553.6,0.0803216311210854,Low,8.899636728216262,0
7519-JTWQH,69,Two year,110.5,7455.45,0.08023926958785729,Low,8.866439289458231,0
6250-CGGUN,54,One year,84.4,4484.05,0.08021411102949805,Low,6.770070970889636,0
7047-YXDMZ,21,Month-to-month,20.0,417.7,0.08015487062153917,Low,1.6030974124307833,0
7472-EQOAV,71,One year,86.7,6179.35,0.08014606358414259,Low,6.948663712745162,0
4403-BWPAY,14,One year,24.8,321.7,0.08000124532739278,Low,1.984030884119341,0
7435-ZNUYY,6,One year,20.6,116.6,0.07994925936406327,Low,1.6469547428997036,0
7721-JXEAW,59,Month-to-month,41.05,2452.7,0.07991252397485692,Low,3.280409109167876,1
5730-RIITO,43,Month-to-month,33.45,1500.25,0.07990383311898848,Low,2.672783217830165,0
2469-DTSGX,72,Two year,111.65,7943.45,0.07968493385766262,Low,8.896822865208032,0
3969-JQABI,58,Month-to-month,65.25,3791.6,0.07967444272086753,Low,5.198757387536606,0
2862-JVEOY,6,One year,19.15,124.4,0.07965668456912087,Low,1.5254255094986644,0
8309-PPCED,72,Two year,110.45,7982.5,0.07961913742686315,Low,8.793933728797034,0
5640-CAXOA,30,One year,40.35,1187.05,0.07961125222684484,Low,3.2123140273531896,0
0895-LNKRC,6,One year,19.45,113.5,0.07952260093526696,Low,1.5467145881909423,0
7049-GKVZY,17,One year,79.85,1387.35,0.07944988503571772,Low,6.344073320102059,0
1729-VLAZJ,10,One year,40.25,411.45,0.07933845075633998,Low,3.193372642942684,0
2205-LPVGL,58,One year,89.85,5125.75,0.07933555344295692,Low,7.128299476849679,0
1097-FSPVW,42,Month-to-month,54.55,2455.05,0.0793275880305939,Low,4.327319927068897,0
9987-LUTYD,13,One year,55.15,742.9,0.07931792152831121,Low,4.374383372286363,0
9170-GYZJC,41,Month-to-month,79.9,3326.2,0.07923827069281696,Low,6.331137828356075,1
7762-ONLJY,6,One year,19.7,94.45,0.07920298099203688,Low,1.5602987255431264,0
7816-VGHTO,6,Two year,40.55,217.5,0.07919931662395421,Low,3.211532289101343,0
2530-ENDWQ,71,Two year,93.7,6585.35,0.07915394101738403,Low,7.416724273328884,1
2586-CWXVV,54,Month-to-month,30.4,1621.35,0.07906594143911258,Low,2.4036046197490224,0
9378-FXTIZ,54,One year,70.15,3715.65,0.07897806558794788,Low,5.540311300994545,1
8152-VETUR,72,Two year,97.7,6869.7,0.07885205078887801,Low,7.703845362073382,0
0454-OKRCT,33,Two year,80.6,2651.1,0.07883942178916319,Low,6.354457396206552,0
5975-BAICR,36,One year,63.7,2188.5,0.07869197831266711,Low,5.012679018516895,0
3594-UVONA,35,One year,85.95,3110.1,0.07868571949542139,Low,6.763037590631468,1
8400-WZICQ,55,Month-to-month,55.7,3131.8,0.07864497286751988,Low,4.3805249887208575,0
3716-LRGXK,60,Two year,101.15,6067.4,0.07861830869133848,Low,7.952241924128888,0
9127-FHJBZ,72,Two year,114.0,8093.15,0.07852053505812578,Low,8.951340996626339,0
8071-SBTRN,70,Two year,111.15,7737.55,0.07849208784632396,Low,8.724395564118907,0
2578-JQPHZ,44,Two year,100.1,4378.35,0.07845923094250314,Low,7.853769017344564,0
6663-JOCQO,31,One year,75.25,2344.5,0.07845025168154171,Low,5.903381439036013,0
8350-NYMVI,39,Month-to-month,41.1,1597.05,0.07836715391569464,Low,3.22089002593505,0
1162-ECVII,72,Two year,109.75,7932.5,0.07836104843460305,Low,8.600125065697684,0
4451-RWASJ,15,One year,19.5,239.75,0.07834807134370819,Low,1.5277873912023097,0
9076-AXYIK,64,Two year,102.1,6538.45,0.07831147238016001,Low,7.9956013300143365,0
4806-DXQCE,70,Two year,113.65,7714.65,0.07824763025452035,Low,8.892843178426238,0
1136-XGEQU,50,One year,84.15,4164.4,0.07812908619441326,Low,6.574562603259877,0
9039-RBEEE,39,Month-to-month,48.95,1880.85,0.07810066461682562,Low,3.8230275329936143,1
0960-HUWBM,65,Two year,104.1,6700.05,0.07794323490252923,Low,8.113890753353292,0
6308-CQRBU,71,Two year,109.25,7707.7,0.07789101953631368,Low,8.50959388434227,0
1395-OFUWC,43,Month-to-month,29.3,1224.05,0.0778771095259664,Low,2.2817993091108155,0
0699-NDKJM,57,Month-to-month,58.75,3437.45,0.07775147229605302,Low,4.567898997393114,0
0303-UNCIP,41,One year,65.0,2531.8,0.07755238889239173,Low,5.040905278005463,0
2484-DGXPZ,31,Month-to-month,19.55,658.95,0.07736996410636392,Low,1.5125827982794147,1
2673-ZALNP,7,One year,19.9,173.15,0.07707045271491875,Low,1.533702009026883,0
7691-XVTZH,68,Two year,89.95,5974.3,0.07686222409120007,Low,6.913757057003447,0
3750-YHRYO,7,One year,20.65,150.0,0.07682868421739901,Low,1.5865123290892895,0
0117-LFRMW,37,Month-to-month,40.2,1448.8,0.07682804826173678,Low,3.088487540121819,1
0323-XWWTN,3,Two year,26.4,121.25,0.0768162720748071,Low,2.0279495827749074,0
3205-MXZRA,26,One year,59.45,1507.0,0.0767976452232989,Low,4.56562000852512,0
5748-RNCJT,69,Two year,106.5,7348.8,0.07679364596917121,Low,8.178523295716733,1
8200-KLNYW,21,One year,80.9,1714.95,0.07676630414746667,Low,6.210394005530054,0
3800-LYTRK,14,One year,55.7,795.15,0.07675193604277242,Low,4.275082837582424,0
5440-FLBQG,69,Two year,108.4,7318.2,0.07675074602888371,Low,8.319780869530994,1
4815-YOSUK,72,One year,104.9,7537.5,0.07666474336485213,Low,8.042131578972988,0
7765-LWVVH,72,Two year,95.1,6843.15,0.0766261568342927,Low,7.2871475149412355,0
4508-OEBEY,31,One year,75.5,2424.45,0.07661300163814358,Low,5.78428162367984,0
6718-BDGHG,43,One year,64.85,2908.2,0.0765966860495834,Low,4.967295090315483,0
0533-UCAAU,57,One year,71.1,4140.1,0.07657695249487478,Low,5.444621322385597,0
2351-RRBUE,7,One year,20.65,134.05,0.07650590795585199,Low,1.5798469992883435,0
7753-USQYQ,55,One year,64.2,3627.3,0.07648045075164005,Low,4.910044938255291,0
9754-CLVZW,26,Month-to-month,38.85,1025.15,0.0764186926603574,Low,2.9688662098548853,0
3229-USWAR,34,One year,79.95,2727.3,0.07635701655824871,Low,6.104743473831984,0
7353-YOWFP,7,One year,20.25,129.15,0.0762861163128132,Low,1.5447938553344673,0
4328-VUFWD,39,One year,59.3,2209.15,0.0762539588026774,Low,4.5218597569987695,0
9705-ZJBCG,13,One year,54.15,701.05,0.0762298393918165,Low,4.127845803066863,0
1015-JPFYW,7,One year,19.45,136.75,0.07619767391679509,Low,1.4820447576816644,0
2550-QHZGP,7,One year,19.5,128.6,0.07604888764206501,Low,1.4829533090202676,0
6869-FGJJC,68,One year,79.6,5461.45,0.07600571474836477,Low,6.050054893969835,0
3530-VWVGU,22,Month-to-month,19.9,400.3,0.07595568436352702,Low,1.5115181188341877,0
9822-BIIGN,53,Month-to-month,71.85,3827.9,0.07595417770068667,Low,5.457307667794337,0
6734-FQAJX,67,Two year,105.05,7171.7,0.07588759646728754,Low,7.971992008888556,0
2055-SIFSS,55,Month-to-month,51.65,2838.55,0.0758471279487955,Low,3.9175041585552877,0
9845-PEEKO,59,Two year,79.2,4590.35,0.0758287019652851,Low,6.00563319565058,0
1291-CUOCY,72,Two year,110.6,7962.2,0.07569640196878595,Low,8.372022057747726,0
8847-GEOOQ,60,Month-to-month,60.2,3582.4,0.07562419209228118,Low,4.552576363955327,0
4291-YZODP,7,One year,20.05,96.8,0.07557708729747033,Low,1.51532060031428,0
9691-HKOVS,55,One year,90.15,4916.95,0.07555554126408863,Low,6.811332044957591,0
5306-BVTKJ,48,One year,55.8,2651.2,0.07555498999614764,Low,4.215968441785038,0
6075-QMNRR,52,Month-to-month,49.75,2535.55,0.07551658127696896,Low,3.7569499185292057,0
3648-GZPHF,32,One year,36.25,1151.05,0.07550833822374461,Low,2.7371772606107423,0
8777-MBMTS,65,Two year,105.85,6725.5,0.0754757846992511,Low,7.9891118104157295,0
7089-RKVSZ,8,One year,24.4,203.95,0.07531973475742777,Low,1.8378015280812376,0
2364-UFROM,30,One year,70.4,2044.75,0.0751471568909366,Low,5.2903598451219365,0
1915-OAKWD,16,One year,19.3,360.35,0.07507951668863809,Low,1.4490346720907152,0
4957-TIALW,15,One year,65.6,1010.0,0.07496137906851016,Low,4.9174664668942665,0
1431-CYWMH,22,Month-to-month,19.05,454.05,0.07490350882587606,Low,1.4269118431329388,0
7134-HBPBS,72,Two year,108.1,7774.05,0.07466155659830079,Low,8.070914268276315,0
1866-ZSLJM,21,Month-to-month,20.5,402.85,0.07455249079016683,Low,1.5283260611984202,0
7925-PNRGI,45,Month-to-month,81.3,3541.1,0.07441754688824909,Low,6.050146562014651,0
5985-TBABQ,32,One year,74.75,2282.95,0.07434241139428067,Low,5.5570952517224805,0
0743-HRVFF,51,One year,56.15,2898.95,0.07432880822236673,Low,4.173562581685892,0
7445-WMRBW,48,One year,73.85,3581.4,0.07424041955298898,Low,5.482654983988235,0
8097-VBQTZ,54,Month-to-month,69.9,3883.3,0.07417752682795889,Low,5.185009125274327,0
2499-AJYUA,72,Two year,110.8,7882.25,0.07417154323018375,Low,8.21820698990436,0
8822-KNBHV,48,One year,83.45,3887.85,0.07409888990842152,Low,6.183552362857776,0
8559-CIZFV,21,One year,77.5,1625.0,0.0739594142869867,Low,5.731854607241469,1
2794-XIMMO,53,One year,60.45,3184.25,0.07392128925141589,Low,4.468541935248091,1
0661-KQHNK,6,One year,19.0,105.5,0.07381626971796966,Low,1.4025091246414236,0
0623-EJQEG,65,One year,93.55,6069.25,0.07380547893484271,Low,6.9045025543545355,0
8901-UPRHR,72,Two year,109.2,7711.45,0.07375596716183694,Low,8.054151614072595,0
4378-BZYFP,17,One year,20.5,365.8,0.07373986278050214,Low,1.5116671870002938,0
1322-AGOQM,46,Month-to-month,30.3,1380.1,0.07365043440613535,Low,2.231608162505901,1
4159-NAAIX,63,Two year,97.45,6253.0,0.0735537726189601,Low,7.167815141717662,0
3580-HYCSP,72,Two year,110.3,7966.9,0.07352056505333379,Low,8.109318325382716,0
6047-SUHPR,39,One year,59.8,2343.85,0.07344686522012603,Low,4.392122540163537,0
7317-GGVPB,71,Two year,108.6,7690.9,0.07340831732735674,Low,7.972143261750942,1
2790-XUYMV,71,One year,85.45,6028.95,0.07321422025597865,Low,6.256155120873376,0
6584-VQMYT,27,One year,56.2,1567.55,0.07303211688907942,Low,4.104404969166263,0
3239-TPHPZ,12,Two year,20.05,264.55,0.07276229798290033,Low,1.4588840745571519,0
1303-SRDOK,55,Two year,69.05,3842.6,0.07270714780856102,Low,5.020428556181138,0
5954-BDFSG,72,Two year,107.5,7853.7,0.07265440876695595,Low,7.810348942447765,0
3197-NNYNB,65,Two year,105.1,6631.85,0.07257484090202256,Low,7.6276157788025705,0
3597-YASZG,70,Two year,104.45,7349.35,0.0725393313728726,Low,7.576733161896544,0
5120-ZBLAI,50,One year,75.7,3876.2,0.07246897711198907,Low,5.4859015673775735,0
3518-FSTWG,72,Two year,109.55,7920.7,0.0724098166717893,Low,7.932495416394518,0
4636-OLWOE,54,One year,61.0,3283.05,0.07240501488718126,Low,4.416705908118057,0
7696-AMHOD,49,One year,78.0,3824.2,0.07235729612939064,Low,5.64386909809247,0
0222-CNVPT,52,Month-to-month,48.8,2555.05,0.07222546603770359,Low,3.524602742639935,0
8823-RLPWL,72,Two year,110.65,8065.65,0.07217741952285257,Low,7.986431470203637,0
7614-QVWQL,49,One year,51.8,2541.25,0.07200754883652119,Low,3.7299910297317975,1
0667-NSRGI,48,One year,69.55,3435.6,0.07198411261931605,Low,5.006495032673431,0
2387-KDZQY,17,One year,20.1,279.5,0.07195784951222484,Low,1.4463527751957193,0
9473-CBZOP,28,One year,59.0,1654.45,0.07194824892532879,Low,4.244946686594399,0
9861-PDSZP,72,Two year,108.05,7806.6,0.0719095696748554,Low,7.769829003368126,0
8904-OPDCK,54,Month-to-month,24.95,1364.75,0.07184181444509481,Low,1.7924532704051155,0
8065-QBYTO,71,One year,99.65,7181.25,0.07176226880072858,Low,7.151110085992604,0
4670-TABXH,72,Two year,109.75,7758.9,0.07148687748612012,Low,7.845684804101683,0
4018-KJYUY,22,Month-to-month,20.15,432.5,0.07144111179472917,Low,1.4395384026637927,0
0266-CLZKZ,67,Two year,105.65,6717.9,0.07143809869630616,Low,7.5474351272647455,0
8573-JGCZW,17,One year,19.65,351.55,0.07141604043019432,Low,1.4033251944533183,0
7762-URZQH,66,Two year,106.05,6981.35,0.07138387910287194,Low,7.57026037885957,1
5032-USPKF,38,One year,84.1,3187.65,0.07124570354845434,Low,5.99176366842501,0
3160-TYXLT,53,Month-to-month,46.3,2546.85,0.07113393660450053,Low,3.2935012647883743,0
4378-MYPGO,68,Two year,105.25,7173.15,0.07105931392963798,Low,7.478992791094397,0
3407-JMJQQ,71,Two year,109.0,7661.8,0.07085329730221906,Low,7.723009405941878,0
5307-UVGNB,53,Month-to-month,48.7,2495.2,0.07083848452814494,Low,3.4498341965206585,0
0895-UADGO,8,Two year,44.55,343.45,0.07077111154276787,Low,3.1528530192303084,0
5414-OFQCB,57,Two year,90.45,5229.8,0.07074219997284328,Low,6.398631987543675,0
5724-BIDBU,49,One year,55.35,2633.95,0.07066812527416616,Low,3.911480733925097,0
7492-TAFJD,7,Two year,38.55,280.0,0.07055903368352089,Low,2.72005074849973,0
2988-QRAJY,69,Two year,110.05,7430.75,0.07050893877270878,Low,7.759508711936601,0
9730-DRTMJ,32,One year,72.8,2333.05,0.07044040905114662,Low,5.128061778923474,0
4501-UYKBC,46,One year,69.1,3255.35,0.07039992776701506,Low,4.86463500870074,0
9060-HJJRW,51,One year,56.4,2928.5,0.0703466508062763,Low,3.9675511054739836,0
7036-TYDEC,69,Two year,104.0,7028.5,0.07029991415739449,Low,7.311191072369027,0
9483-GCPWE,9,One year,20.1,190.25,0.07023974148475254,Low,1.4118188038435262,0
8261-GWDBQ,60,Two year,116.05,6925.9,0.07023467568717821,Low,8.150734113497032,0
0862-PRCBS,68,Two year,103.75,7039.45,0.07020107404782612,Low,7.28336143246196,0
5998-DZLYR,61,Two year,94.35,5703.0,0.07007166074707452,Low,6.611261191486481,0
4537-CIBHB,9,One year,20.25,172.35,0.06994810348457334,Low,1.4164490955626101,0
9592-ERDKV,37,One year,79.25,2911.8,0.06994206965204637,Low,5.542909019924675,0
5214-NLTIT,72,Two year,90.8,6511.8,0.0697892466461769,Low,6.336863595472862,0
6999-CHVCF,68,Two year,102.1,7149.35,0.06973072442273259,Low,7.1195069635609975,0
3915-ODIYG,60,One year,71.75,4374.55,0.06970779492861301,Low,5.001534286127983,0
6211-WHMYA,64,Month-to-month,43.85,2751.0,0.06966705220414228,Low,3.054900239151639,0
0201-OAMXR,70,One year,115.55,8127.6,0.06962310892537522,Low,8.044950236327107,1
6616-AALSR,65,Two year,104.3,6725.3,0.06956709844432575,Low,7.255848367743176,0
7208-PSIHR,70,Two year,104.3,7188.5,0.06946433381134398,Low,7.245130016523177,0
2834-JRTUA,71,Two year,108.05,7532.15,0.06942657671886351,Low,7.501541614473203,1
1298-PHBTI,71,Two year,84.8,6152.4,0.06936082508106277,Low,5.881797966874123,0
2039-JONDJ,27,One year,55.45,1477.65,0.0693482605449419,Low,3.845361047217029,0
8089-UZWLX,71,Two year,104.05,7413.55,0.06933268350838061,Low,7.214065719047002,0
9720-JJJOR,41,One year,60.3,2511.3,0.06928398821838283,Low,4.177824489568485,0
1904-WAJAA,24,Two year,64.35,1558.65,0.06926148016332291,Low,4.456976248509829,0
1744-JHKYS,34,Month-to-month,24.7,780.2,0.06909486445921338,Low,1.7066431521425705,0
5524-KHNJP,33,One year,74.75,2453.3,0.0689768179063524,Low,5.156017138499842,0
8548-AWOFC,66,Month-to-month,63.85,4264.6,0.0689112691077173,Low,4.39998453252775,0
2171-UDMFD,32,Month-to-month,19.45,674.55,0.06888220075947492,Low,1.3397588047717872,0
4091-TVOCN,48,One year,78.75,3682.45,0.06886686956134781,Low,5.42326597795614,0
1866-NXPSP,36,One year,75.55,2680.15,0.06885862987899438,Low,5.202269487358025,0
4626-OZDTJ,51,One year,78.65,3950.85,0.06877735949107021,Low,5.409339323972672,0
1696-HXOWK,71,One year,95.65,6856.95,0.06877291906410522,Low,6.578129708481665,0
9931-KGHOA,46,Month-to-month,55.0,2473.95,0.06872634506835874,Low,3.7799489787597307,0
7520-HQWJU,66,Month-to-month,67.45,4508.65,0.0687245129341201,Low,4.6354683974064015,0
9933-QRGTX,60,Two year,97.2,5611.75,0.0685977589452807,Low,6.6677021694812835,0
9938-ZREHM,37,One year,72.1,2658.4,0.06853143251400683,Low,4.941116284259892,0
3351-NQLDI,67,One year,94.35,6341.45,0.0684422323840777,Low,6.457524625437731,1
2834-JKOOW,15,One year,45.9,693.45,0.06841131976447612,Low,3.1400795771894536,0
4049-ZPALD,64,Two year,99.0,6375.8,0.06828066648956625,Low,6.759785982467059,0
7407-SUJIZ,25,Month-to-month,20.6,541.5,0.06823439698581808,Low,1.4056285779078526,0
0254-FNMCI,72,Two year,109.9,7624.2,0.06822686277013826,Low,7.498132218438195,0
7839-NUIAA,61,Month-to-month,59.8,3641.5,0.0681540446978,Low,4.075611872928439,0
1702-CCFNJ,52,Month-to-month,61.35,3169.55,0.06805621014368397,Low,4.175248492315012,0
7677-SJJJK,8,One year,19.9,153.95,0.06800722805006063,Low,1.3533438381962064,0
3724-BSCVH,10,One year,20.45,242.4,0.06788969880119403,Low,1.3883443404844178,0
8226-BXGES,64,One year,89.45,5692.65,0.06778783746614468,Low,6.063622061346642,0
5278-PNYOX,49,Two year,100.65,4917.75,0.06777756644027721,Low,6.821812062213902,0
9350-ZXYJC,4,Two year,25.3,116.95,0.06775202764602259,Low,1.7141262994443716,0
0930-EHUZA,36,One year,76.35,2606.35,0.06773433675332988,Low,5.171516611116735,0
8883-ANODQ,68,Two year,84.4,5746.75,0.06759612664427884,Low,5.705113088777135,0
2338-BQEZT,55,Month-to-month,50.55,2832.75,0.06754687148122718,Low,3.4144943533760337,0
8076-FEZKJ,10,One year,19.5,225.85,0.06733478963578675,Low,1.3130283978978416,0
8591-TKMZH,59,Two year,111.1,6555.2,0.0672008806253249,Low,7.466017837473595,0
9432-RUVSL,48,Two year,102.5,4904.25,0.06703457401077788,Low,6.871043836104732,0
1760-CAZHT,25,Month-to-month,20.8,460.2,0.0668249140842424,Low,1.389958212952242,0
0661-KBKPA,53,One year,78.75,3942.45,0.06678888159456127,Low,5.2596244255717,0
7663-CUXZB,59,Two year,113.75,6561.25,0.06677550417084244,Low,7.595713599433327,0
1444-VVSGW,70,One year,115.65,7968.85,0.06676693404590703,Low,7.721595922409148,1
1952-DVVSW,10,One year,20.1,184.4,0.06675444901445672,Low,1.3417644251905803,0
7665-VIGUD,10,One year,20.35,176.3,0.06667697949030608,Low,1.356876532627729,0
9074-KGVOX,50,Month-to-month,39.45,2021.35,0.06662601825797244,Low,2.628396420277013,0
3285-UCQVC,37,Month-to-month,28.6,973.55,0.06659286776882327,Low,1.9045560181883456,1
9467-ROOLM,25,Month-to-month,19.05,461.3,0.06637824401922228,Low,1.2645055485661845,0
1696-MZVAU,39,One year,25.25,947.75,0.06626305335543088,Low,1.6731420972246298,0
6257-DTAYD,71,Two year,104.15,7365.3,0.06613545115244772,Low,6.888007237527431,0
7691-KGKGP,53,Month-to-month,65.0,3363.8,0.06609110996626964,Low,4.295922147807527,0
1320-GVNHT,72,Two year,108.4,7767.25,0.06607163792526914,Low,7.162165551099175,0
8582-KRHPJ,50,Month-to-month,35.0,1782.4,0.06594810865562416,Low,2.3081838029468456,0
3224-DFQNQ,66,One year,89.0,5898.6,0.06593373801342543,Low,5.868102683194864,0
2927-CVULT,53,Two year,104.05,5566.4,0.06583985288438166,Low,6.850636692619911,0
2316-ESMLS,12,One year,33.15,444.75,0.0657042757326022,Low,2.1780967405357625,0
3363-DTIVD,71,Two year,105.55,7405.5,0.06569432703686016,Low,6.93403621874059,0
9619-GSATL,43,One year,55.45,2444.25,0.06565030750165086,Low,3.6403095509665406,0
3528-HFRIQ,71,Month-to-month,52.3,3765.05,0.06563798145973088,Low,3.4328664303439247,0
1036-GUDCL,60,Month-to-month,79.05,4663.4,0.06560780805150068,Low,5.186297226471129,0
9625-QNLUX,68,Two year,103.25,7074.4,0.06556209965974569,Low,6.769286789868742,0
2710-WYVXG,3,Two year,71.1,213.35,0.06551566486095357,Low,4.658163771613799,0
9139-TWBAS,26,One year,47.85,1190.5,0.06547073118923229,Low,3.132774487404765,0
6950-TWMYB,54,Two year,79.95,4362.05,0.0653812093264478,Low,5.227227685649502,0
7156-MXBJE,43,One year,85.1,3662.25,0.06531505536658365,Low,5.558311211696268,0
9742-XOKTS,67,One year,89.55,6038.55,0.06528406384033357,Low,5.846187916901871,0
8075-GXIUB,9,One year,19.85,183.15,0.06522028285595081,Low,1.2946226146906237,0
6933-VLYFX,31,One year,59.95,1848.8,0.06513444584177956,Low,3.9048100282146847,0
2348-KCJLT,44,One year,61.5,2722.2,0.06510794727487997,Low,4.0041387574051175,0
3146-JTQHR,10,One year,19.6,189.45,0.06506094846643411,Low,1.2751945899421087,0
7336-RLLRH,27,One year,80.85,2204.35,0.06505832785941418,Low,5.259965807433636,0
6661-EIPZC,48,Month-to-month,29.5,1423.05,0.06499308316161923,Low,1.9172959532677671,0
2522-WLNSF,34,One year,64.2,2106.3,0.06482280408029031,Low,4.161624021954639,0
9313-QOLTZ,26,Month-to-month,20.9,518.3,0.06461922990084586,Low,1.3505419049276783,0
2907-ILJBN,11,One year,20.6,233.9,0.06450599999764883,Low,1.328823599951566,0
0401-WDBXM,72,Two year,105.55,7542.25,0.06442986903454358,Low,6.800572676596074,0
4445-KWOKW,42,One year,60.15,2421.6,0.06434494223249625,Low,3.870348275284649,0
3556-BVQGL,20,One year,20.0,416.45,0.06433446909651683,Low,1.2866893819303367,0
0201-MIBOL,66,Two year,102.4,6471.85,0.06432611793799972,Low,6.586994476851172,0
4854-SSLTN,2,Two year,59.5,130.5,0.06427568871061289,Low,3.8244034782814667,0
1964-SVLEA,20,One year,19.7,415.9,0.06424766870957549,Low,1.2656790735786372,0
8332-OSJDW,12,One year,26.4,314.95,0.06420873824235204,Low,1.6951106895980939,0
7649-PHJVR,11,One year,19.5,226.8,0.06410024183289349,Low,1.249954715741423,0
8869-LIHMK,64,Two year,115.1,7334.05,0.06402396355990556,Low,7.369158205745129,0
2651-ZCBXV,54,Two year,108.0,5760.65,0.06401134404652245,Low,6.913225157024424,0
7868-TMWMZ,60,Two year,110.0,6668.35,0.06400529906569004,Low,7.040582897225904,0
0723-VSOBE,45,One year,34.2,1596.6,0.06398643295926501,Low,2.1883360072068636,0
8084-OIVBS,11,One year,20.0,211.95,0.06397422762484724,Low,1.2794845524969447,0
4404-HIBDJ,25,One year,74.3,1863.8,0.06388229914951808,Low,4.7464548268091935,1
6171-ZTVYB,43,Month-to-month,66.25,2907.35,0.06372779157640723,Low,4.221966191936979,0
5915-DGNVC,49,One year,71.8,3472.05,0.06353110096248335,Low,4.561533049106305,0
7801-CEDNV,27,One year,48.7,1421.75,0.06349058311152452,Low,3.091991397531244,0
8879-ZKJOF,41,One year,79.85,3320.75,0.06330337840320843,Low,5.054774765496193,0
1301-LOPVR,29,One year,55.35,1636.95,0.06327885816672783,Low,3.5024847995283857,0
6766-HFKLA,56,Two year,103.2,5744.35,0.06325535639463128,Low,6.527952779925949,0
4785-QRJHC,46,One year,59.9,2816.65,0.06322254206904585,Low,3.7870302699358462,1
5539-HIVAK,28,Month-to-month,25.7,734.6,0.06321204940604912,Low,1.6245496697354622,0
5149-QYTTU,71,One year,95.15,6770.85,0.0631780643142851,Low,6.011392819504228,0
1834-ABKHQ,52,One year,50.95,2610.65,0.06303573377547508,Low,3.2116706358604556,0
1371-DWPAZ,0,Two year,56.05,0.0,0.0629301434134773,Low,3.5272345383254025,0
0496-AHOOK,24,One year,74.4,1712.9,0.06289926031792517,Low,4.679704967653633,0
8608-OZTLB,38,One year,74.05,2802.3,0.06287420252695158,Low,4.655834697120764,0
2546-KZAAT,52,One year,75.4,3865.45,0.06287358357299334,Low,4.7406682014036985,0
1708-PBBOA,42,One year,54.75,2348.45,0.06286820957588134,Low,3.4420344742795033,0
3026-ATZYV,37,One year,75.1,2658.8,0.06270830811898341,Low,4.709393939735654,0
4139-SUGLD,31,Month-to-month,35.4,1077.5,0.06255878980966872,Low,2.2145811592622726,1
7569-NMZYQ,72,Two year,118.75,8672.45,0.06251593165078892,Low,7.423766883531184,0
0565-JUPYD,63,One year,104.5,6590.8,0.06247717714786872,Low,6.5288650119522815,0
8819-ZBYNA,58,Two year,109.1,6393.65,0.0624606729429088,Low,6.81445941807135,0
6746-WAUWT,19,One year,19.7,386.5,0.06235811096948388,Low,1.2284547860988324,0
0357-NVCRI,25,Month-to-month,20.05,471.7,0.062218168448815725,Low,1.2474742773987553,0
4686-GEFRM,70,Two year,98.7,6858.9,0.062200711569799824,Low,6.139210231939243,0
0392-BZIUW,72,Two year,105.0,7589.8,0.06215467368986683,Low,6.526240737436018,0
0866-QLSIR,34,One year,64.4,2088.75,0.062077770497738695,Low,3.997808420054372,1
5982-PSMKW,23,Two year,91.1,2198.3,0.06203419678567766,Low,5.651315327175235,0
3280-MRDOF,30,Two year,69.1,2093.9,0.06192890451612781,Low,4.279287302064431,0
3090-HAWSU,61,Two year,111.6,6876.05,0.061862035824140495,Low,6.903803197974079,1
9938-TKDGL,68,Two year,99.55,6668.0,0.061797233913657,Low,6.151914636104554,0
8313-AFGBW,47,Two year,73.6,3522.65,0.061682988098766434,Low,4.539867924069209,0
1429-UYJSV,12,One year,19.7,260.9,0.06160560787171004,Low,1.2136304750726876,0
7971-HLVXI,72,Two year,84.5,6130.85,0.06146609800729378,Low,5.193885281616325,0
1930-BZLHI,21,One year,20.35,422.7,0.06140813389382715,Low,1.2496555247393826,0
6797-LNAQX,70,Two year,98.3,6859.5,0.06139579908903669,Low,6.035207050452306,1
9046-JBFWA,27,Month-to-month,19.15,537.35,0.06137243727857896,Low,1.175282173884787,0
9702-AIUJO,50,One year,44.8,2230.85,0.06134417441216566,Low,2.7482190136650213,0
8788-DOXSU,59,One year,61.35,3645.5,0.061267769678549876,Low,3.758777669779035,0
6371-NZYEG,16,Two year,64.25,1024.0,0.0611130500031769,Low,3.926513462704116,0
5602-BVFMK,12,One year,19.3,228.75,0.06097819066244402,Low,1.1768790797851696,0
6967-PEJLL,37,One year,40.2,1525.35,0.06096077387337968,Low,2.450623109709863,0
2878-RMWXY,72,Two year,102.65,7550.3,0.06092098470897302,Low,6.253539080376081,0
7005-CYUIL,71,Two year,99.4,7168.25,0.060846193762811376,Low,6.0481116600234515,0
4369-NYSCF,56,One year,75.75,4284.65,0.060778022994390404,Low,4.603935241825073,0
8883-GRDWQ,20,One year,54.0,1055.9,0.06077716564832416,Low,3.2819669450095046,0
6635-MYYYZ,30,One year,85.35,2530.4,0.060744883325713206,Low,5.184575791849622,1
4057-FKCZK,58,Two year,82.5,4828.05,0.0606567821120563,Low,5.0041845242446445,0
9558-IHEZX,71,Two year,106.75,7283.25,0.06058948443442581,Low,6.467927463374955,0
1557-EMYVT,43,Two year,115.05,4895.1,0.060575229540855716,Low,6.96918015867545,0
7923-IYJWY,67,Two year,116.1,7839.85,0.060542527654256086,Low,7.028987460659131,0
7730-CLDSV,72,Two year,98.65,7129.45,0.06054199037841846,Low,5.972467350830981,0
8383-SGHJU,33,One year,59.4,1952.8,0.060511592155215066,Low,3.5943885740197747,0
8016-ZMGMO,66,One year,70.85,4738.85,0.06027087394032542,Low,4.270191418672056,0
0727-BNRLG,69,Two year,97.65,6743.55,0.06023939291509834,Low,5.882376718159353,0
0840-DCNZE,47,One year,86.95,4138.9,0.060206377978954236,Low,5.234944565270071,0
6445-TNRXS,68,Two year,114.7,7849.85,0.06017461355340037,Low,6.9020281745750225,0
5049-MUBWG,26,One year,75.0,1908.35,0.0601580584953467,Low,4.511854387151002,0
6992-TKNYO,38,One year,69.0,2669.45,0.06014397274298865,Low,4.1499341192662165,0
2030-BTZRO,6,Two year,20.4,107.6,0.06001093653236577,Low,1.2242231052602617,0
4425-OWHWB,20,One year,19.35,433.75,0.06000597836096601,Low,1.1611156812846923,0
9442-JTWDL,11,One year,20.05,237.7,0.05997300639192437,Low,1.2024587781580838,0
1163-VIPRI,65,Two year,109.3,7337.55,0.05996071621200282,Low,6.553706281971908,0
1038-ZAGBI,12,One year,19.8,229.6,0.059594546935696185,Low,1.1799720293267846,1
3372-CDXFJ,13,One year,24.5,343.6,0.059581592468348876,Low,1.4597490154745474,0
8659-HDIYE,64,Month-to-month,74.65,4869.35,0.059570202117086184,Low,4.446915588040484,0
1891-QRQSA,64,Two year,111.6,7099.0,0.059271492362509184,Low,6.614698547656024,0
1680-VDCWW,12,One year,19.8,202.25,0.05915787322311065,Low,1.171325889817591,0
5204-HMGYF,49,One year,87.2,4345.0,0.059133316418019284,Low,5.156425191651282,0
0536-BGFMZ,28,Month-to-month,20.5,563.05,0.05911767519104446,Low,1.2119123414164115,0
1063-DHQJF,69,Two year,92.15,6480.9,0.058993286137230844,Low,5.436231317545823,0
8975-SKGRX,71,Two year,116.1,8310.55,0.05898755938374832,Low,6.848455644453179,0
5039-LZRQT,13,One year,20.2,273.25,0.05892781177680614,Low,1.1903417978914839,0
1488-PBLJN,72,Two year,116.85,8477.7,0.05887859426813026,Low,6.8799637402310205,0
3823-KYNQY,12,One year,24.95,280.4,0.05886882621841264,Low,1.4687772141493953,0
5726-CVNYA,8,Two year,19.85,146.6,0.05885349104200462,Low,1.168241797183792,0
2223-GDSHL,71,Two year,116.05,8297.5,0.05876896537583478,Low,6.820138431865626,0
9589-ABEPT,69,Two year,92.45,6460.55,0.058742210572039835,Low,5.430717367385083,0
0019-EFAEP,72,Two year,101.3,7261.25,0.058738673662552386,Low,5.950227642016556,0
2788-CJQAQ,13,One year,19.45,270.2,0.05870162716590787,Low,1.141746648376908,0
0635-WKOLD,40,One year,70.75,2921.75,0.05867442181427594,Low,4.151215343360023,0
4203-QGNZA,28,Month-to-month,20.25,535.35,0.05861960076795066,Low,1.1870469155510008,0
6007-TCTST,72,Two year,115.8,8476.5,0.05861081678142328,Low,6.787132583288816,0
6244-BESBM,69,Two year,95.2,6671.7,0.0585060301661893,Low,5.569774071821222,0
0458-HEUZG,13,Two year,35.4,450.4,0.05844182722252441,Low,2.068840683677364,0
9207-ZPANB,37,One year,67.45,2443.3,0.05843481385601438,Low,3.94142819458817,0
2682-KEVRP,22,One year,20.05,417.0,0.058265342183681755,Low,1.1682201107828192,0
4323-ELYYB,13,One year,20.0,218.55,0.058019739085293454,Low,1.160394781705869,0
9617-UDPEU,22,One year,19.25,412.55,0.058007956410738075,Low,1.1166531609067079,0
9788-HNGUT,72,Two year,116.95,8594.4,0.05800771307693864,Low,6.784002044347974,0
3396-DKDEL,70,Two year,115.15,8250.0,0.057994411100594265,Low,6.67805643823343,0
9174-IHETN,50,Two year,70.35,3533.6,0.057977034071366604,Low,4.078684346920641,0
4367-NUYAO,0,Two year,25.75,0.0,0.05791200925844391,Low,1.4912342384049309,0
7758-UJWYS,34,Two year,40.55,1325.85,0.05781965985415599,Low,2.3445872070860254,0
3213-VVOLG,0,Two year,25.35,0.0,0.05781855641082322,Low,1.4657004050143687,0
5914-XRFQB,72,Two year,115.8,8424.9,0.05780219864557,Low,6.6934946031570055,0
6670-MFRPK,69,Two year,79.2,5420.65,0.05772070835545136,Low,4.571480101751748,0
5499-ECUTN,47,One year,66.05,3021.45,0.05761383485149379,Low,3.8053937919411647,0
1480-BKXGA,72,Two year,116.05,8404.9,0.05754968697669253,Low,6.678641173645167,0
5135-GRQJV,72,Two year,114.5,8331.95,0.05751245794199065,Low,6.585176434357929,0
5993-BQHEA,12,One year,20.05,267.0,0.0575081554653236,Low,1.1530385170797381,0
5825-XJOCM,48,One year,64.4,3035.35,0.0572649833968812,Low,3.6878649307591496,0
2434-EEVDB,64,Two year,94.6,5948.7,0.05710980568407617,Low,5.402587617713605,0
7576-ASEJU,41,One year,74.7,3187.65,0.057099938567048904,Low,4.2653654109585535,0
0675-NCDYU,72,Two year,116.4,8543.25,0.057086842286456885,Low,6.644908442143581,0
6650-BWFRT,72,Two year,117.15,8529.5,0.05704827990798274,Low,6.683205991220178,0
3214-IYUUQ,61,One year,93.7,5860.7,0.056898900132394924,Low,5.331426942405405,0
2380-DAMQP,72,Two year,115.15,8349.7,0.05686371449978831,Low,6.547856724650624,0
3795-CAWEX,70,Two year,116.55,8152.3,0.056807895725789356,Low,6.620960246840749,0
5917-HBSDW,37,Month-to-month,19.35,683.75,0.05678272649899657,Low,1.0987457577555837,0
8996-ZROXE,57,One year,53.5,3035.8,0.056677514825828175,Low,3.0322470431818074,0
6416-JNVRK,46,One year,55.65,2688.85,0.05665298438886889,Low,3.1527385812405537,0
1345-ZUKID,14,One year,19.35,324.8,0.056648408821492906,Low,1.0961467106958878,0
3115-CZMZD,0,Two year,20.25,0.0,0.056639378389837354,Low,1.1469474123942065,0
3258-ZKPAI,72,Two year,116.6,8337.45,0.05663855249489143,Low,6.60405522090434,0
5663-QBGIS,72,Two year,98.35,6929.4,0.05663742221902182,Low,5.570290475240796,0
3727-OWVYD,35,One year,61.2,2021.2,0.05659333442195002,Low,3.463512066623341,0
2520-SGTTA,0,Two year,20.0,0.0,0.05658216054507674,Low,1.1316432109015349,0
7644-OMVMY,0,Two year,19.85,0.0,0.05654785592369119,Low,1.12247494008527,0
7710-JSYOA,69,Two year,93.3,6398.05,0.056513994724375266,Low,5.272755707784212,0
9845-QOMAD,14,One year,19.75,309.35,0.05650415985072199,Low,1.1159571570517592,0
5575-GNVDE,34,One year,56.95,1889.5,0.0564386848032604,Low,3.21418309954568,0
3810-DVDQQ,72,Two year,117.6,8308.9,0.056431801687957375,Low,6.636379878503787,0
1325-USMEC,70,Two year,99.35,6944.5,0.056427272694046744,Low,5.606049542153544,0
3726-TBHQT,71,Two year,114.0,8175.9,0.056405909905574196,Low,6.430273729235458,0
8041-TMEID,63,Two year,108.5,6991.9,0.056389931825848415,Low,6.118307603104553,0
8498-XXGWA,65,Month-to-month,55.15,3673.15,0.056346716993328896,Low,3.1075214421820885,0
1498-DQNRX,29,Month-to-month,19.85,573.05,0.05624351000574485,Low,1.1164336736140354,0
3131-NWVFJ,14,One year,19.55,294.5,0.0562327628643256,Low,1.0993505139975657,0
0134-XWXCE,44,One year,74.85,3268.05,0.05620249253127338,Low,4.206756565965812,0
5701-GUXDC,26,One year,35.4,978.6,0.056147528808421616,Low,1.9876225198181252,0
1779-PWPMG,72,Two year,114.65,8333.95,0.056140656316128336,Low,6.436526246644114,0
2809-ILCYT,25,One year,26.8,733.55,0.056137125107996295,Low,1.5044749528943007,0
6827-IEAUQ,27,One year,66.15,1874.45,0.05612002656143587,Low,3.7123397570389836,0
6993-YGFJV,69,Two year,112.55,7806.5,0.056093217617533664,Low,6.313291642853414,0
1925-LFCZZ,55,One year,50.05,2743.45,0.056055556065591636,Low,2.8055805810828613,0
9298-WGMRW,72,Two year,115.5,8312.75,0.05601267550664266,Low,6.469464021017227,0
2388-LAESQ,72,Two year,114.85,8317.95,0.05594402826102301,Low,6.425171645778493,0
2188-SXWVT,34,One year,55.0,1885.15,0.05592960969662992,Low,3.0761285333146455,0
3893-JRNFS,68,Month-to-month,39.9,2796.35,0.05588841892638296,Low,2.22994791516268,0
6736-DHUQI,67,One year,84.8,5598.3,0.05588431362712418,Low,4.73898979558013,0
0017-IUDMW,72,Two year,116.8,8456.75,0.05586060948871278,Low,6.524519188281652,0
6904-JLBGY,72,Two year,117.35,8436.25,0.05567612823028767,Low,6.533593647824258,0
2368-GAKKQ,70,Two year,113.65,7939.25,0.05555041267993771,Low,6.313304401074921,0
5451-YHYPW,72,Two year,115.75,8443.7,0.055428118969271314,Low,6.415804770693154,0
4376-KFVRS,72,Two year,114.05,8468.2,0.055413384605387105,Low,6.319896514244399,0
3230-JCNZS,71,Two year,99.0,7061.65,0.05532096375631602,Low,5.476775411875286,0
7032-LMBHI,37,One year,64.65,2347.85,0.055295728235584214,Low,3.57486883043052,0
3082-WQRVY,14,One year,19.65,228.65,0.055264398163240504,Low,1.0859454239076758,0
5789-LDFXO,24,One year,24.6,592.65,0.05526207667035286,Low,1.3594470860906804,0
8707-RMEZH,69,One year,87.3,6055.55,0.0551443754893231,Low,4.814103980217906,0
6061-GWWAV,41,One year,70.2,2894.55,0.055036752972632774,Low,3.8635800586788207,0
7838-LAZFO,45,One year,78.8,3597.5,0.05499252055448451,Low,4.333410619693379,0
8792-AOROI,8,Two year,65.5,564.35,0.05487933611901228,Low,3.5945965157953044,0
8606-CIQUL,72,Two year,115.75,8399.15,0.0547650966448892,Low,6.339059936645924,0
7817-OMJNA,14,One year,20.4,275.7,0.05473706236561873,Low,1.1166360722586222,0
1352-HNSAW,72,Two year,115.6,8220.4,0.054655139118418,Low,6.318134082089121,0
9388-ZEYVT,43,One year,44.15,1931.3,0.05465169567923198,Low,2.412872364238092,0
6556-DBKZF,71,Two year,76.05,5436.45,0.05462662338058384,Low,4.154354708093401,0
3082-YVEKW,23,Two year,77.15,1759.4,0.0545953870027783,Low,4.212034107264346,0
9313-CDOGY,38,Month-to-month,19.6,717.3,0.054559215154316276,Low,1.069360617024599,0
6859-QNXIQ,72,Two year,113.1,8248.5,0.05451679703266387,Low,6.165849744394284,0
6064-PUPMC,23,One year,57.2,1423.35,0.05445455507940611,Low,3.1148005505420295,0
2592-HODOV,13,One year,19.3,259.65,0.054429696987889215,Low,1.050493151866262,0
5375-XLDOF,69,Two year,114.35,7665.8,0.05439663366911963,Low,6.220255060063829,0
8029-XYPWT,71,Two year,115.05,8016.6,0.05426094651191847,Low,6.24272189619622,0
8559-WNQZS,1,Two year,20.45,20.45,0.05421777648354488,Low,1.1087535290884927,0
5906-CVLHP,45,One year,54.15,2319.8,0.0542119881313943,Low,2.935579157315001,1
6435-VWCCY,65,Two year,92.7,5968.4,0.05419502350955402,Low,5.023878679335658,0
1099-GODLO,1,Two year,20.35,20.35,0.054194340075332484,Low,1.1028548205330162,0
6919-ELBGL,72,Two year,114.95,8196.4,0.05415885867453244,Low,6.225560804637504,0
1272-ILHFG,15,One year,19.65,332.65,0.054063919727844925,Low,1.0623560226521527,0
0197-PNKNK,69,One year,84.45,5848.6,0.05402158844838256,Low,4.562123144465907,0
2200-DSAAL,68,Two year,80.65,5330.2,0.054005614920568615,Low,4.355552843343859,0
8099-MZPUJ,48,Two year,111.8,5443.65,0.053997540091625724,Low,6.036924982243756,0
5671-RQRLP,70,Two year,75.65,5411.4,0.053987353458276294,Low,4.084143289118602,0
2027-DNKIV,37,One year,58.75,2203.1,0.053875913745475144,Low,3.1652099325466647,0
0422-OHQHQ,15,One year,20.55,295.95,0.05372562229075138,Low,1.104061538074941,0
3721-CNZHX,15,One year,19.8,304.6,0.053687946453521165,Low,1.063021339779719,0
5038-ETMLM,72,Two year,113.65,8182.75,0.05367562619347916,Low,6.1002349168889065,0
1544-JJMYL,27,One year,69.35,1927.3,0.053651009865348986,Low,3.720697534161952,0
3766-EJLFL,68,Two year,109.05,7508.55,0.05364522477340614,Low,5.85001176153994,0
1741-WTPON,56,Two year,115.85,6567.9,0.05356374120338346,Low,6.205359418411974,0
0907-HQNTS,70,Two year,113.0,7987.6,0.05356068916100144,Low,6.052357875193163,0
7375-WMVMT,71,Two year,95.5,6707.15,0.05351245581179009,Low,5.110439530025953,0
2121-JAFOM,72,Two year,115.55,8312.4,0.05345203249903159,Low,6.1763823552631,0
6508-NJYRO,15,One year,18.8,294.95,0.05333118636243987,Low,1.0026263036138696,0
1577-HKTFG,30,Month-to-month,19.65,655.85,0.053295392705979085,Low,1.047254466672489,1
2292-XQWSV,40,One year,60.3,2448.5,0.05320494907285015,Low,3.2082584290928637,0
8628-MFKAX,72,Two year,116.75,8277.05,0.05320148523978316,Low,6.211273401744684,0
8777-PVYGU,52,One year,64.3,3410.6,0.05318685535591807,Low,3.419914799385532,0
5312-TSZVC,15,One year,19.65,270.6,0.053163901935842056,Low,1.0446706730392963,0
4778-IZARL,63,Two year,110.1,6705.7,0.053149014802936725,Low,5.851706529803333,0
6176-YJWAS,72,Two year,97.95,7114.25,0.05314516287187852,Low,5.205568703300501,0
0112-QWPNC,49,One year,84.35,4059.35,0.05311228176260574,Low,4.480020966675794,1
0716-BQNDX,57,Two year,93.75,5625.55,0.052920825844286326,Low,4.961327422901843,0
6461-PPAXN,35,One year,54.95,1916.0,0.052903348758760745,Low,2.907039014293903,0
8639-NHQEI,72,Two year,95.9,6954.15,0.05289727354748261,Low,5.072848533203582,0
3892-NXAZG,72,Two year,114.05,8289.2,0.05279507821996997,Low,6.0212786709875745,0
3669-WHAFY,71,Two year,115.15,8078.1,0.052661657505120175,Low,6.063989861714589,0
9866-OCCKE,72,Two year,109.75,8075.35,0.05263853524482868,Low,5.777079243119948,0
9142-XMYJH,29,Month-to-month,19.35,601.6,0.05262092627225368,Low,1.0182149233681088,0
5887-IKKYO,58,Two year,94.35,5563.65,0.05261322402528175,Low,4.964057686785333,0
6848-YLDFR,58,One year,75.2,4300.8,0.05259501329960166,Low,3.9551450001300448,0
1555-DJEQW,70,Two year,114.2,7723.9,0.05252471213198675,Low,5.998322125472887,1
7176-WRTNX,70,Two year,114.95,7711.25,0.0525047014951193,Low,6.035415436863964,0
9500-IWPXQ,61,One year,79.4,4820.55,0.05236517151260406,Low,4.157794618100763,0
3178-CIFOT,23,One year,19.65,478.1,0.05233414955304637,Low,1.028366038717361,0
4973-RLZVI,30,One year,74.65,2308.6,0.05228807514446411,Low,3.903304809534246,0
3617-XLSGQ,66,Two year,109.25,7082.5,0.05227335485610039,Low,5.710864018028968,0
8738-JOKAR,42,One year,67.7,2882.25,0.05225266270575345,Low,3.5375052651795085,0
3340-QBBFM,36,One year,54.1,1992.85,0.05213695624008496,Low,2.8206093325885964,0
8348-JLBUG,64,One year,80.3,5017.7,0.0520076097573472,Low,4.17621106351498,0
1401-FTHFQ,23,One year,20.0,445.3,0.05194487655734173,Low,1.0388975311468345,0
3870-SPZSI,70,Two year,113.05,7869.05,0.05187903038887704,Low,5.864924385462549,0
0813-TAXXS,55,Two year,77.8,4323.35,0.051867555152905226,Low,4.0352957908960265,0
3963-RYFNS,72,Two year,116.45,8013.55,0.05185791971303859,Low,6.038854750583344,0
1821-BUCWY,30,Two year,55.65,1653.85,0.05185571988796282,Low,2.885770811765131,0
6614-FHDBO,72,Two year,109.2,7878.3,0.05181450516712112,Low,5.658143964249627,0
0013-SMEOE,71,Two year,109.7,7904.25,0.05150453255010705,Low,5.650047220746743,0
0484-JPBRU,41,Month-to-month,25.25,996.45,0.05145819992249032,Low,1.2993195480428807,0
9351-HXDMR,72,Two year,110.9,8240.85,0.05144537687267286,Low,5.7052922951794205,0
6693-DJWTY,35,One year,55.6,2016.45,0.05139801511458078,Low,2.8577296403706915,0
9553-DLCLU,13,Two year,88.95,1161.75,0.051361458804537984,Low,4.568601760663654,0
7602-MVRMB,72,Two year,110.45,8058.85,0.05123395933142729,Low,5.658790808156144,0
7951-VRDVK,36,One year,85.85,3003.55,0.05123316403931148,Low,4.39836713277489,0
8690-UPCZI,29,One year,69.05,1958.45,0.05123197660853591,Low,3.5375679848194044,0
0307-BCOPK,16,One year,19.05,326.65,0.05120978731414563,Low,0.9755464483344743,0
5183-KLYEM,72,Two year,112.75,8192.6,0.05115991447081647,Low,5.768280356584557,0
2703-AMTUL,36,One year,53.65,1939.35,0.05106102496820771,Low,2.7394239895443437,0
6103-QCKFX,44,Month-to-month,56.25,2419.55,0.051049935411649386,Low,2.871558866905278,0
1043-UXOVO,71,Two year,113.15,7993.3,0.05104849130402444,Low,5.776136791050366,0
4199-QHJNM,67,Two year,102.9,6989.7,0.051023744801365865,Low,5.250343340060548,0
3243-ZHOHY,16,One year,20.1,296.15,0.05100516803507352,Low,1.0252038775049777,0
7100-FQPRV,43,One year,71.9,3173.35,0.05087495768127,Low,3.657909457283313,0
3259-QMXUN,58,Two year,86.1,4890.5,0.050742394076672644,Low,4.368920130001515,0
4500-HKANN,23,Two year,59.7,1414.2,0.050715944829439544,Low,3.027741906317541,0
1264-FUHCX,49,One year,56.3,2780.6,0.050689243029693576,Low,2.8538043825717483,0
7055-JCGNI,70,Two year,111.95,7795.95,0.050633630355755306,Low,5.668434918326807,0
8570-KLJYJ,36,One year,54.45,1893.5,0.05059407929297162,Low,2.7548476175023047,0
5003-OKNNK,15,One year,20.35,335.95,0.050474623614973235,Low,1.0271585905647054,0
6427-FEFIG,24,Two year,78.6,1846.65,0.05042983210658877,Low,3.963784803577877,0
8741-LQOBK,46,Month-to-month,35.05,1620.25,0.05040400099136716,Low,1.7666602347474187,0
9239-GZHZE,72,Two year,113.65,8124.2,0.05040329931521993,Low,5.728334967174746,0
7030-FZTFM,72,Two year,110.9,7922.75,0.050378255677911855,Low,5.586948554680425,0
1069-QJOEE,25,One year,19.9,505.45,0.05036155762147231,Low,1.002194996667299,0
9867-JCZSP,17,One year,20.75,418.25,0.05027100181541127,Low,1.0431232876697838,0
8612-GXIDD,12,Two year,25.4,313.0,0.05024206994073159,Low,1.2761485764945824,0
3520-FJGCV,72,Two year,112.6,8126.65,0.05022176032640673,Low,5.654970212753398,0
9621-OUPYD,25,One year,20.2,507.9,0.05012619435555782,Low,1.0125491259822679,0
1530-ZTDOZ,49,Month-to-month,40.65,2070.75,0.050112687729150854,Low,2.037080756189982,0
3452-FLHYD,25,One year,20.95,495.15,0.050105688537559284,Low,1.049714174861867,0
0428-AXXLJ,25,One year,19.5,516.3,0.05009770449305893,Low,0.9769052376146491,0
4616-EWBNJ,16,One year,20.1,318.6,0.05002708619883666,Low,1.005544432596617,0
9637-CDTKZ,72,Two year,114.1,8086.4,0.04998008805016166,Low,5.702728046523445,0
0829-DDVLK,15,One year,20.1,302.45,0.049966727725531956,Low,1.0043312272831924,0
6050-FFXES,69,Two year,105.35,7240.65,0.049888991421115796,Low,5.255805246214549,0
6527-PZFPV,24,One year,20.8,469.65,0.04988784266478855,Low,1.037667127427602,0
7771-ZONAT,22,Two year,56.75,1304.85,0.04986816356592366,Low,2.8300182823661677,0
8434-PNQZX,42,Two year,78.45,3373.4,0.049852652003862324,Low,3.9109405497029996,0
4909-JOUPP,72,Two year,109.7,7898.45,0.04980303310806843,Low,5.463392731955107,0
5696-CEIQJ,67,Two year,103.15,6895.5,0.04978613591019259,Low,5.135439919136366,0
2724-FJDYW,39,One year,54.85,2191.7,0.04975791694486009,Low,2.729221744425576,0
1725-IQNIY,54,Two year,109.75,6110.2,0.04975059181865524,Low,5.460127452097412,1
2190-PHBHR,72,Two year,94.45,6921.7,0.049728817784398256,Low,4.696886839736416,0
8318-LCNBW,35,One year,53.15,1930.9,0.04972017718341116,Low,2.642627417298303,0
0266-GMEAO,72,Two year,114.3,8058.55,0.04964382987249337,Low,5.674289754425992,0
3896-RCYYE,67,Month-to-month,53.4,3579.15,0.049558760738384174,Low,2.646437823429715,0
1222-KJNZD,40,Month-to-month,20.4,745.3,0.04955838984038576,Low,1.0109911527438695,0
3549-ZTMNH,12,Two year,24.0,269.65,0.0493716546928079,Low,1.1849197126273896,0
0619-OLYUR,72,Two year,111.9,8071.05,0.049328127698561465,Low,5.519817489469029,0
5505-OVWQW,17,One year,20.15,353.65,0.04927598520928292,Low,0.9929111019670508,0
3410-YOQBQ,31,Two year,79.2,2497.2,0.04926598725263418,Low,3.901866190408627,0
1407-DIGZV,3,Two year,19.1,52.0,0.04918668738010741,Low,0.9394657289600516,0
0942-KOWSM,30,Two year,80.8,2369.3,0.04909978124899688,Low,3.967262324918948,0
9680-NIAUV,72,Two year,109.7,8129.3,0.049088752923814594,Low,5.385036195742461,0
3696-XRIEN,50,One year,82.5,4179.1,0.04908064409107543,Low,4.0491531375137235,0
5073-RZGBK,50,One year,80.05,4042.2,0.049079756903828035,Low,3.928834540151434,0
5442-BXVND,33,Month-to-month,24.25,838.5,0.04907446701320334,Low,1.190055825070181,0
4933-IKULF,17,One year,20.65,330.6,0.04906808747382685,Low,1.0132560063345244,0
7319-ZNRTR,25,One year,19.6,411.15,0.04902783196084984,Low,0.9609455064326569,0
0572-ZJKLT,46,Two year,99.65,4630.2,0.049005908864661905,Low,4.883438818363559,0
7672-VFMXZ,57,Month-to-month,55.7,3171.6,0.048924697932644125,Low,2.725105674848278,0
3186-AJIEK,66,Two year,105.65,6844.5,0.048859886980848304,Low,5.162047059526624,0
1150-WFARN,67,Two year,108.75,7156.2,0.04885118035641514,Low,5.312565863760146,1
3259-KNMRR,57,Two year,79.75,4438.2,0.0487748205839233,Low,3.8897919415678834,0
1455-HFBXA,52,Two year,91.6,4627.8,0.04876485761481175,Low,4.466860957516756,0
9847-HNVGP,17,One year,19.95,310.6,0.048662929411010934,Low,0.9708254417496681,0
6478-HRRCZ,32,One year,70.5,2201.75,0.048563031351341206,Low,3.423693710269555,0
9766-HGEDE,17,One year,19.35,307.0,0.04849651804442444,Low,0.938407624159613,0
9229-RQABD,18,One year,23.75,424.5,0.0484727005054846,Low,1.1512266370052593,0
5294-CDGWY,51,One year,59.3,3014.65,0.04829905266664944,Low,2.8641338231323115,1
0679-TDGAK,50,One year,75.5,4025.6,0.0482774136768064,Low,3.644944732598883,0
7609-NRNCA,17,One year,19.55,280.85,0.048192021983137955,Low,0.942154029770347,0
5791-KAJFD,56,One year,68.75,3808.0,0.04809556789873723,Low,3.3065702930381846,0
9027-TMATR,43,Two year,78.8,3460.3,0.04804033187668764,Low,3.785578151882986,0
0868-VJRDR,64,Two year,104.05,6605.55,0.047990946555459275,Low,4.993457989095537,0
9640-ZSLDC,53,One year,60.6,3297.0,0.04796361756828377,Low,2.9065952246379965,0
6878-GGDWG,32,Month-to-month,19.4,641.15,0.047955602286891795,Low,0.9303386843657008,0
2245-ADZFJ,31,Two year,80.55,2471.6,0.04795525381147606,Low,3.862795694514397,0
7996-BPXHY,13,Two year,25.0,332.5,0.04795009622556299,Low,1.1987524056390748,0
6726-NNFWD,71,Two year,89.45,6435.25,0.04793260835929836,Low,4.287571817739239,0
5546-BYZSM,41,Month-to-month,20.45,775.6,0.04783671005131942,Low,0.9782607205494821,0
9782-LGXMC,49,Month-to-month,61.75,3024.15,0.04783614640382138,Low,2.9538820404359702,0
8884-MRNSU,17,One year,19.9,329.75,0.04767491630620628,Low,0.9487308344935049,0
6100-FJZDG,26,One year,20.05,505.9,0.047608605472892876,Low,0.9545525397315022,0
4115-BNPJY,29,Two year,75.55,2054.4,0.047593218989617464,Low,3.5956676946655994,0
7279-NMVJC,17,One year,19.9,323.15,0.047589326584289396,Low,0.9470275990273589,0
3043-SUDUA,32,Month-to-month,19.9,601.55,0.047538315150287704,Low,0.9460124714907252,0
1133-KXCGE,18,One year,20.1,407.05,0.04752997035982016,Low,0.9553524042323852,0
8763-KIAFH,27,One year,20.55,583.3,0.04752330446774443,Low,0.976603906812148,0
8969-PRHFK,18,One year,19.65,411.25,0.04749703267543156,Low,0.9333166920722301,0
8499-BRXTD,18,One year,20.1,401.85,0.047462718664146586,Low,0.9540006451493465,0
2511-MORQY,50,One year,54.9,2614.1,0.047457218131427434,Low,2.605401275415366,0
2877-VDUER,35,One year,40.9,1383.6,0.04734988321650034,Low,1.936610223554864,0
1790-NESIO,13,Two year,20.4,261.3,0.047348511363597266,Low,0.9659096318173842,0
2325-ZUSFD,57,One year,70.1,3913.3,0.04731985191685797,Low,3.3171216193717434,1
4311-QTTAI,16,One year,19.35,295.55,0.04727751410767463,Low,0.9148198979835042,0
6147-CBCRA,33,Month-to-month,20.05,669.45,0.04726294084010011,Low,0.9476219638440072,0
0754-EEBDC,4,Two year,19.9,76.65,0.04723729656258109,Low,0.9400222015953636,0
4994-OBRSZ,14,Two year,76.1,1054.8,0.047194715083009736,Low,3.591517817817041,0
0042-JVWOJ,26,One year,19.6,471.85,0.04708258756101501,Low,0.9228187161958942,0
3244-CQPHU,72,Two year,110.1,7746.7,0.04699876678041106,Low,5.174564222523258,0
2634-HCZGT,53,One year,60.05,3229.65,0.04698747781381174,Low,2.821598042719395,1
0384-LPITE,40,One year,62.05,2511.55,0.04693026496622858,Low,2.9120229411544836,0
7021-XSNYE,7,Two year,49.65,305.55,0.04690684160512022,Low,2.328924685694219,0
8328-SKJNO,23,One year,40.65,947.4,0.04689717953081362,Low,1.9063703479275735,0
1661-CZBAU,48,One year,70.95,3629.2,0.04674736698164485,Low,3.3167256873477022,0
5855-EIBDE,49,Two year,106.65,5174.35,0.046738316231530845,Low,4.9846414260927645,0
9534-NSXEM,26,One year,20.65,595.5,0.0466462494104044,Low,0.9632450503248507,0
8915-NNTRC,72,Two year,107.7,7919.8,0.04653438322392437,Low,5.011753073216655,0
3482-ABPKK,28,One year,54.3,1546.3,0.04652775787378013,Low,2.526457252546261,0
9070-BCKQP,72,Two year,110.15,7881.2,0.04651064178807172,Low,5.1231471929561,0
8024-XNAFQ,72,Two year,107.4,7748.75,0.04650919942845865,Low,4.9950880186164595,0
1053-MXTTK,72,Two year,108.65,7726.35,0.04646280531074323,Low,5.0481837970122525,0
9220-ZNKJI,55,Two year,88.8,4805.3,0.046439827822707676,Low,4.123856710656441,0
0254-KCJGT,52,One year,81.4,4354.45,0.046332304846747926,Low,3.7714496145252814,0
1474-JUWSM,58,One year,68.4,3972.25,0.04624354610409686,Low,3.1630585535202256,0
5172-RKOCB,72,Two year,108.95,7875.0,0.04620493878813325,Low,5.034028080967118,0
0516-VRYBW,18,One year,20.15,390.85,0.0461360949766416,Low,0.9296423137793283,1
1841-YSJGV,72,Two year,109.95,7852.4,0.046109170918996106,Low,5.069703342543622,0
3831-YCPUO,72,Two year,109.5,7854.9,0.04605581393545342,Low,5.043111625932149,0
9802-CAQUT,72,Two year,109.55,7887.25,0.04592953438475061,Low,5.031580491849429,0
1763-KUAAW,18,One year,20.35,369.6,0.04590701970861941,Low,0.9342078510704052,0
3078-ZKNTS,13,Two year,19.75,246.7,0.045848349317491564,Low,0.9055048990204584,0
6519-ZHPXP,72,Two year,108.3,7679.65,0.045809295599299915,Low,4.9611467134041805,0
4139-JPIAM,51,Month-to-month,44.45,2181.55,0.04576847467835448,Low,2.034408699452857,0
6194-HBGQN,51,One year,81.15,4126.2,0.045745578944060956,Low,3.712253731310547,0
7581-EBBOU,60,One year,70.15,4224.7,0.045632564546166585,Low,3.201124402913586,0
6016-LVTJQ,34,Month-to-month,20.65,716.4,0.0456258226228917,Low,0.9421732371627135,0
4359-INNWN,17,One year,20.05,337.9,0.04560131911353722,Low,0.9143064482264214,0
2812-ENYMO,26,One year,54.55,1362.85,0.04556694292610521,Low,2.4856767366190393,0
0859-YGKFW,18,One year,20.05,345.9,0.04555524793824219,Low,0.913382721161756,0
6211-WWLTF,63,Two year,99.7,6330.4,0.045466811224336365,Low,4.533041079066336,0
4685-TFLLS,18,One year,19.8,342.3,0.045464004620441666,Low,0.900187291484745,0
3717-FDJFU,5,Two year,20.45,106.9,0.045384414546861346,Low,0.9281112774833145,0
8480-PPONV,62,Two year,115.55,7159.05,0.04527325414565542,Low,5.231324516530483,0
2798-NYLMZ,71,Two year,108.55,7616.0,0.04521078685141211,Low,4.907630912720784,0
1576-PFZIW,70,Two year,105.35,7511.9,0.04508789025895509,Low,4.750009238780919,0
3422-WJOYD,28,One year,54.35,1426.45,0.04504041432309718,Low,2.447946518460332,0
9860-LISIZ,34,Month-to-month,20.35,673.2,0.04503574788453292,Low,0.916477469450245,0
7833-PKIHD,51,One year,76.4,3966.3,0.045032798680063525,Low,3.4405058191568534,0
5161-UBZXI,69,Two year,106.35,7261.75,0.04500517657641455,Low,4.786300528901687,0
3374-PZLXD,34,Month-to-month,19.7,675.6,0.044945540629055473,Low,0.8854271503923928,0
2138-VFAPZ,14,Two year,19.7,263.65,0.04491603692378973,Low,0.8848459273986576,0
7136-RVDTZ,70,One year,45.25,3264.45,0.04484453126317605,Low,2.029215039658716,1
8670-MEFCP,36,Two year,92.9,3379.25,0.04482086101761178,Low,4.163857988536134,0
9411-TPQQV,40,One year,54.55,2236.2,0.04479091515015409,Low,2.4433444214409055,0
0253-ZTEOB,48,Two year,79.65,3870.3,0.04471959996077681,Low,3.5619161368758734,0
4803-LBYPN,34,Month-to-month,20.8,635.9,0.04466158413905025,Low,0.9289609500922452,0
9209-NWPGU,44,One year,65.4,2774.55,0.044597307444075286,Low,2.916663906842524,0
3283-WCWXT,6,Two year,25.4,153.3,0.044590262313825096,Low,1.1325926627711573,0
6339-TBELP,71,Two year,86.4,6172.0,0.04458167627102531,Low,3.8518568298165867,0
6322-HRPFA,49,Month-to-month,59.6,2970.3,0.044566609079874565,Low,2.656169901160524,0
6048-UWKAL,69,Two year,105.4,6998.95,0.0445625205444503,Low,4.696889665385061,0
8461-EFQYM,38,One year,24.25,914.4,0.04454811607511389,Low,1.080291814821512,0
8748-HFWBO,19,One year,19.9,357.7,0.044547642958391205,Low,0.8864980948719849,0
6968-MHOMU,58,One year,45.0,2689.35,0.044389999444334194,Low,1.9975499749950387,0
1561-BWHIN,19,One year,19.8,344.5,0.04436913137582817,Low,0.8785088012413979,0
3658-QQJYD,62,One year,74.3,4698.05,0.04417395371739725,Low,3.282124761202615,0
7636-PEPNS,58,One year,44.1,2413.05,0.04411859488818858,Low,1.9456300345691167,0
6368-TZZDT,4,Two year,19.5,96.85,0.04408503813055549,Low,0.8596582435458321,0
7570-WELNY,68,Two year,84.7,5711.05,0.04408405256239753,Low,3.733919252035071,0
9199-PWQVC,63,One year,79.7,4786.15,0.04397864651752704,Low,3.5050981274469053,0
2282-YGNOR,29,One year,58.0,1734.5,0.04394851370373959,Low,2.5490137948168963,0
3315-IKYZQ,28,One year,50.8,1386.8,0.04391221406561482,Low,2.2307404745332327,0
5965-GGPRW,72,Two year,105.25,7609.75,0.04386551511071123,Low,4.616845465402357,0
2321-OMBXY,38,One year,80.3,3058.65,0.043841177927356784,Low,3.5204465875667497,1
3134-DSHVC,63,Two year,98.0,6218.45,0.043791819972206096,Low,4.2915983572761975,0
1354-YZFNB,4,Two year,19.55,68.8,0.043757313769833404,Low,0.8554554842002431,0
4322-RCYMT,68,One year,75.8,5293.95,0.04374579486973498,Low,3.3159312511259116,1
2984-TBYKU,72,Two year,104.9,7732.65,0.04371300433851949,Low,4.585494155110695,0
9959-WOFKT,71,Two year,106.7,7382.25,0.04362041228489166,Low,4.65429799079794,0
5989-AXPUC,68,Two year,118.6,7990.05,0.04356151313192878,Low,5.166395457446753,0
7663-YJHSN,72,Two year,103.95,7556.9,0.04351708292456787,Low,4.52360077000883,0
7017-VFHAY,61,Two year,115.1,7008.15,0.04350376494605013,Low,5.00728334529037,0
6434-TTGJP,10,Two year,53.7,521.0,0.04345968771059629,Low,2.333785230059021,0
7369-TRPFD,19,One year,18.8,279.2,0.043406026669315,Low,0.816033301383122,0
5995-WWKKG,37,One year,19.8,695.05,0.043337651095474494,Low,0.858085491690395,0
8259-DZLIZ,64,One year,53.85,3399.85,0.043253717765367766,Low,2.329212701665054,0
7196-LIWRH,6,Two year,19.55,124.45,0.04319220853393617,Low,0.8444076768384521,0
4092-OFQZS,20,One year,20.65,417.5,0.043178305527788424,Low,0.8916320091488309,0
1431-AIDJQ,33,Two year,82.1,2603.1,0.04312167684437357,Low,3.54028966892307,0
9750-BOOHV,32,One year,30.15,927.65,0.04309076750040062,Low,1.2991866401370786,0
4106-HADHQ,39,One year,80.0,3182.95,0.04306335820532626,Low,3.4450686564261006,1
2587-YNLES,6,Two year,20.1,100.35,0.04300528230704451,Low,0.8644061743715946,0
9289-LBQVU,64,One year,70.15,4480.7,0.042997376239919484,Low,3.0162659432303522,0
4717-GHADL,50,Two year,79.6,4024.2,0.042948952244326134,Low,3.41873659864836,0
8085-MSNLK,62,Two year,113.95,6891.4,0.04289043272334673,Low,4.88736480882536,0
7813-TKCVO,20,One year,20.35,393.15,0.04283888422797083,Low,0.8717712940392065,0
3850-OKINF,71,One year,66.2,4692.55,0.04283371753257149,Low,2.835592100656233,0
2320-TZRRH,20,One year,19.5,403.15,0.04280675106874028,Low,0.8347316458404355,0
3882-IYOIJ,60,Two year,115.25,6758.45,0.042770012071437234,Low,4.929243891233141,0
0320-DWVTU,53,Two year,99.5,5424.25,0.04269868024234963,Low,4.2485186841137885,0
2829-HYVZP,29,One year,19.8,572.2,0.04269019307747731,Low,0.8452658229340507,0
3621-CHYVB,57,Month-to-month,49.9,2782.4,0.04268246933891187,Low,2.1298552200117022,0
9046-DQMTP,35,Month-to-month,20.75,739.9,0.0425657014195006,Low,0.8832383044546375,0
5716-EZXZN,65,Two year,99.05,6416.7,0.042454540416795306,Low,4.2051222282835745,0
6509-TSGWN,37,Month-to-month,26.45,911.6,0.04233794165071729,Low,1.1198385566614724,0
4853-RULSV,70,Two year,104.0,7250.15,0.04223804123668198,Low,4.392756288614925,1
8668-KNZTI,52,One year,53.75,2790.65,0.042224146227292175,Low,2.2695478597169543,0
3926-YZVVX,41,One year,50.05,2029.05,0.042187020619279175,Low,2.1114603819949225,0
8224-UAXBZ,58,One year,45.35,2540.1,0.04217576941091684,Low,1.9126711427850787,0
1032-MAELW,68,One year,78.45,5333.35,0.042130446864836434,Low,3.3051335565464184,0
3569-VLDHH,66,One year,75.1,5013.0,0.042130013387466435,Low,3.163964005398729,0
5840-NVDCG,16,Two year,68.25,1114.85,0.04198591599062286,Low,2.86553876636001,0
8756-RDDLT,68,Month-to-month,44.95,3085.35,0.04198417072976637,Low,1.8871884743029983,0
3441-CGZJH,43,One year,60.4,2640.55,0.04197634895446925,Low,2.5353714768499427,0
9928-BZVLZ,12,Two year,49.85,552.1,0.04194299110782576,Low,2.0908581067251144,0
1452-UZOSF,72,Two year,106.1,7548.6,0.04177098854774436,Low,4.431901884915677,0
1178-PZGAB,19,One year,20.25,383.65,0.04176100728310264,Low,0.8456603974828285,0
0670-ANMUU,71,One year,97.65,6687.85,0.04173629490801342,Low,4.0755491977675105,0
2664-XJZNO,72,Two year,104.9,7559.55,0.0416905184547755,Low,4.37333538590595,0
2466-FCCPT,20,One year,19.7,395.6,0.04166958768977266,Low,0.8208908774885213,0
9018-PCIOK,55,Two year,64.75,3617.1,0.041613999454674845,Low,2.694506464690196,0
4598-ZADCK,53,One year,53.6,2879.2,0.041583755648156855,Low,2.2288893027412073,0
4709-LKHYG,29,One year,20.0,540.05,0.041551443529064196,Low,0.8310288705812839,0
3546-GHEAE,7,Two year,19.45,165.35,0.041501385721939156,Low,0.8072019522917165,0
6867-ACCZI,24,Two year,52.5,1208.15,0.04144574741282091,Low,2.1759017391730975,0
9127-QRZMH,44,One year,59.85,2603.95,0.04133103439349923,Low,2.473662408450929,0
8314-HTWVE,7,Two year,19.85,144.15,0.04132883799688275,Low,0.8203774342381227,0
1154-HYWWO,38,One year,70.6,2708.2,0.041182899103985954,Low,2.907512676741408,0
0181-RITDD,62,Two year,108.15,6825.65,0.04113380935295412,Low,4.448621481521988,0
7527-QNRUS,17,Two year,25.15,412.6,0.04109304179977244,Low,1.0334900012642767,0
5186-PEIZU,35,Month-to-month,19.25,617.65,0.04091101463400943,Low,0.7875370317046816,0
8659-IOOPU,71,Two year,100.45,7159.7,0.04074684779885285,Low,4.093020861394769,0
2453-SAFNS,54,One year,72.1,3886.05,0.040742753327648915,Low,2.9375525149234867,0
3705-RHRFR,69,Two year,99.15,6875.35,0.0407393205070535,Low,4.039303628274355,0
2144-ESWKO,43,One year,35.2,1463.7,0.04068622794982612,Low,1.4321552238338795,0
5872-OEQNH,60,One year,44.45,2773.9,0.040474631578449355,Low,1.799097373662074,0
6374-NTQLP,72,Two year,104.1,7447.7,0.040298798141431336,Low,4.195104886523001,0
9541-PWTWO,52,Two year,80.95,4233.95,0.040278216757275484,Low,3.2605216465014504,0
8809-XKHMD,72,Two year,100.55,7325.1,0.0402738573495621,Low,4.049536356498469,0
0056-EPFBG,20,Two year,39.4,825.4,0.040264966888311805,Low,1.586439695399485,0
7037-MTYVW,38,Two year,85.4,3297.0,0.04026447635540993,Low,3.4385862807520082,0
8595-SIZNC,22,One year,25.6,548.8,0.04022284657680868,Low,1.0297048723663023,0
4304-TSPVK,68,Two year,114.9,7843.55,0.04017178144981037,Low,4.615737688583212,0
8779-YIQQA,21,One year,19.8,350.1,0.04015010185653422,Low,0.7949720167593776,0
5756-OZRIO,61,One year,64.05,3902.6,0.04014305737372876,Low,2.571162824787327,0
8746-BFOAJ,21,One year,20.5,429.55,0.040107812742036106,Low,0.8222101612117402,0
9150-KPBJQ,6,Two year,19.65,116.85,0.04007458226965956,Low,0.7874655415988103,0
7995-ZHHNZ,42,One year,56.1,2386.85,0.039998323593853,Low,2.2439059536151533,0
3739-YBWAB,36,One year,35.35,1317.95,0.03998712598117936,Low,1.4135449034346903,0
9670-BPNXF,45,One year,62.55,2796.45,0.03992879162986622,Low,2.4975459164481317,0
0020-JDNXP,34,One year,61.25,1993.2,0.03991400242669227,Low,2.4447326486349015,0
5781-BKHOP,72,Two year,100.65,7334.05,0.03991389036046983,Low,4.017333064781289,0
9530-GRMJG,70,Two year,84.1,5979.7,0.039907090628655904,Low,3.3561863218699615,0
6195-MELTI,57,One year,54.65,3134.7,0.039805166558707264,Low,2.175352352433352,0
7168-HDQHG,36,Month-to-month,19.2,702.9,0.039795567384248214,Low,0.7640748937775657,0
1171-TYKUR,47,Month-to-month,25.4,1139.2,0.03978902701164506,Low,1.0106412860957843,0
4877-TSOFF,55,One year,75.75,4264.25,0.0397819987708367,Low,3.01348640689088,0
2005-DWQZJ,8,Two year,19.05,201.7,0.03977509519861628,Low,0.7577155635336401,0
0487-CRLZF,49,Two year,74.45,3721.9,0.03968904230188421,Low,2.9548491993752797,0
8388-DMKAE,8,Two year,20.25,174.65,0.03967628300521232,Low,0.8034447308555496,0
9739-JLPQJ,72,Two year,117.5,8670.1,0.03963405857313168,Low,4.657001882342972,0
9030-QGZNL,8,Two year,20.85,161.65,0.0396326772658149,Low,0.8263413209922408,0
7690-KPNCU,64,One year,73.05,4688.65,0.039604220328134924,Low,2.8930882949702563,0
5847-MXBEO,22,One year,20.3,475.1,0.03957274520366648,Low,0.8033267276344296,0
0224-NIJLP,8,Two year,20.15,165.5,0.03956045172706556,Low,0.7971431023003709,0
9053-JZFKV,67,Two year,116.2,7752.3,0.03951499217703713,Low,4.591642090971714,1
0022-TCJCI,45,One year,62.7,2791.5,0.03942915103532566,Low,2.472207769914919,1
2229-DPMBI,8,Two year,19.5,162.15,0.03941847024477189,Low,0.7686601697730518,0
2904-GGUAZ,72,Two year,84.05,6052.25,0.03940471136534786,Low,3.3119659902574874,0
3585-YNADK,57,One year,74.6,4368.95,0.039323422625838544,Low,2.933527327887555,0
2017-CCBLH,8,Two year,20.0,141.6,0.03927740427267123,Low,0.7855480854534246,0
5647-URDKA,8,Two year,19.7,130.25,0.03910681083971622,Low,0.7704041735424095,0
4632-PAOYU,22,One year,19.95,433.5,0.03906687654093676,Low,0.7793841869916883,0
4522-XRWWI,42,One year,80.45,3375.9,0.03905806185126417,Low,3.1422210759342026,0
2749-CTKAJ,22,One year,20.15,419.9,0.03895325816039327,Low,0.7849081519319244,0
2061-VVFST,37,Month-to-month,19.5,805.2,0.03894718866226823,Low,0.7594701789142304,0
4135-FRWKJ,55,One year,76.25,4154.55,0.03893886901546138,Low,2.9690887624289304,0
5453-YBTWV,70,Two year,101.1,6994.8,0.03891423144206631,Low,3.9342287987929034,0
0269-XFESX,23,One year,24.35,538.5,0.03891363625150507,Low,0.9475470427241485,0
6481-LXPWL,56,One year,36.1,1971.5,0.03891191891334215,Low,1.4047202727716517,0
3392-EHMNK,67,Two year,94.1,6302.8,0.03891108670805991,Low,3.661533259228437,0
8022-BECSI,22,One year,19.6,422.5,0.038892890695768755,Low,0.7623006576370677,0
8166-ZZTFS,66,Two year,80.55,5265.1,0.03888883929621145,Low,3.1324960053098323,1
9200-NLNPD,56,One year,54.05,2959.8,0.03880762648994436,Low,2.0975522117814926,0
5574-NXZIU,63,Two year,109.2,7049.75,0.038800583842206325,Low,4.237023755568931,0
4981-FLTMF,57,Month-to-month,65.2,3687.85,0.038786023136879705,Low,2.528848708524557,0
7321-ZNSLA,13,Two year,40.55,590.35,0.03877327806168697,Low,1.5722564254014064,0
6072-NUQCB,22,One year,20.25,488.25,0.038697914085626346,Low,0.7836327602339335,0
3021-VLNRJ,50,One year,70.8,3478.15,0.03862415596901482,Low,2.734590242606249,0
6463-HHXJR,71,Two year,100.5,7030.65,0.038615795346712375,Low,3.880887432344594,0
8208-EUMTE,16,Two year,54.85,916.15,0.03860711481513445,Low,2.1176002476101248,0
7929-SKFGK,70,Two year,114.3,8244.3,0.03852582867631121,Low,4.403502217702371,0
9777-IQHWP,64,Two year,93.4,5822.3,0.038426023801060014,Low,3.5889906230190056,0
7619-PLRLP,53,One year,74.1,3833.95,0.03841100056968249,Low,2.8462551422134723,0
4565-EVZMJ,47,One year,58.9,2813.05,0.03840873193356795,Low,2.262274310887152,0
8966-OIQHG,22,One year,20.75,452.35,0.03839697252542965,Low,0.7967371799026652,0
9746-UGFAC,22,One year,20.85,450.65,0.03839485196506573,Low,0.8005326634716206,0
7337-CINUD,8,Two year,19.5,159.35,0.0383861902703292,Low,0.7485307102714194,0
2789-CZANW,64,Two year,110.3,6997.3,0.03829558011228803,Low,4.22400248638537,0
7233-IOQNP,43,Month-to-month,34.0,1505.35,0.03818839852243619,Low,1.2984055497628304,0
1206-EHBDD,56,Two year,80.3,4513.65,0.03818483230333442,Low,3.066242033957754,0
3551-GAEGL,34,One year,30.4,938.65,0.03809182706786867,Low,1.1579915428632075,0
1271-UODNO,39,Two year,53.85,2200.7,0.03807698816002701,Low,2.0504458124174545,0
3352-RICWQ,9,Two year,19.75,210.65,0.038003567670811964,Low,0.7505704614985362,0
2085-JVGAD,37,Month-to-month,20.35,697.65,0.03794529727759106,Low,0.7721867995989781,0
5057-RKGLH,9,Two year,20.35,191.1,0.03789340304503927,Low,0.7711307519665492,0
9184-GALIL,38,Month-to-month,20.45,781.25,0.037878743014320204,Low,0.7746202946428481,0
6598-KELSS,50,One year,43.05,2208.05,0.03786894916196386,Low,1.630258261422544,0
9424-CMPOG,9,Two year,19.6,197.4,0.03784191766058638,Low,0.7417015861474932,0
8630-QSGXK,51,Two year,75.2,3901.25,0.03777424186014426,Low,2.8406229878828486,0
5468-BPMMO,46,Month-to-month,19.6,851.2,0.03776824618861598,Low,0.7402576252968733,0
8510-TMWYB,54,Two year,59.8,3246.45,0.03776653067970418,Low,2.25843853464631,0
9796-MVYXX,14,Two year,39.7,692.35,0.037763211155777555,Low,1.499199482884369,0
0906-QVPMS,72,Two year,115.15,8349.45,0.03769713224257967,Low,4.34082477773305,0
1682-VCOIO,23,One year,20.45,481.1,0.03769361757734982,Low,0.7708344794568038,0
7325-ENZFI,39,One year,40.3,1630.4,0.03764393669323863,Low,1.5170506487375166,0
3034-ZBEQN,48,One year,34.7,1604.5,0.03762427726513932,Low,1.3055624211003345,1
2054-PJOCK,60,One year,80.55,4847.05,0.03761010180635704,Low,3.029493700502059,0
0657-DOGUM,48,One year,60.6,2985.25,0.03755881435258748,Low,2.2760641497668015,0
9801-NOSHQ,23,One year,19.8,465.45,0.03743117749980882,Low,0.7411373144962147,0
6252-DFGTK,37,One year,68.1,2479.25,0.03742381720259292,Low,2.548561951496578,0
0743-HNPFG,51,One year,69.75,3562.5,0.03740470811180424,Low,2.6089783907983457,0
6551-ZCOTS,33,One year,24.9,847.8,0.03739249502041006,Low,0.9310731260082105,0
6719-FGEDO,72,Two year,97.0,7104.2,0.03735175096185475,Low,3.6231198432999108,0
5906-DVAPM,55,One year,75.0,4213.9,0.03729204253086119,Low,2.7969031898145893,0
6064-ZATLR,27,Two year,52.85,1498.65,0.037164337013825585,Low,1.9641352111806822,0
8207-DMRVL,72,Two year,114.55,8306.05,0.03715752916107358,Low,4.256394965400978,0
6082-OQFBA,23,One year,19.65,436.9,0.037115239415043064,Low,0.7293144545055962,0
6682-VCIXC,43,One year,51.25,2151.6,0.03707118251232013,Low,1.8998981037564067,0
0083-PIVIK,64,One year,81.25,5567.55,0.03706395851435149,Low,3.0114466292910587,0
8898-KASCD,39,One year,35.55,1309.15,0.03704960488081425,Low,1.3171134535129465,0
6510-UPNKS,23,One year,24.8,615.35,0.036995972092822245,Low,0.9175001079019917,0
5322-TEUJK,71,Two year,114.6,8100.25,0.03695570997299945,Low,4.2351243629057365,0
5876-QMYLD,23,One year,20.05,415.1,0.03695411974522533,Low,0.7409301008917679,0
4835-YSJMR,39,Two year,49.8,1971.15,0.0368736911018392,Low,1.836309816871592,0
1094-BKOSX,45,One year,51.0,2264.5,0.03686219119015281,Low,1.8799717506977935,0
9648-BCHKM,18,Two year,24.65,471.35,0.03680251314961973,Low,0.9071819491381262,0
4227-OJHAL,68,One year,73.0,5163.0,0.03679620140990728,Low,2.6861227029232317,0
1131-ALZWV,24,One year,24.6,605.25,0.03674418505597678,Low,0.9039069523770288,0
2055-BFOCC,63,One year,84.0,5329.55,0.036701336164801396,Low,3.0829122378433174,0
3125-RAHBV,22,One year,20.3,467.15,0.036687663902175045,Low,0.7447595772141534,0
2995-YWTCD,19,Two year,24.9,467.7,0.03668507236476319,Low,0.9134583018826034,0
3655-SNQYZ,69,Two year,113.25,7895.15,0.03666817929852747,Low,4.152671305558236,0
1937-OTUKY,72,Two year,98.2,7015.9,0.03663570666439393,Low,3.597626394443484,0
7554-NEWDD,10,Two year,25.7,251.6,0.036477564594872704,Low,0.9374734100882285,0
8454-AATJP,72,Two year,115.05,8405.0,0.03647715605874094,Low,4.196696804558145,0
1099-BTKWT,68,One year,54.4,3723.65,0.03642780193407212,Low,1.9816724252135234,0
8871-JLMHM,68,Two year,90.2,6297.65,0.036335920966356246,Low,3.2775000711653335,0
5474-LAMUQ,24,One year,20.1,533.9,0.03629131914546357,Low,0.7294555148238178,0
1752-OZXFY,60,One year,59.8,3561.15,0.036290376228566484,Low,2.1701644984682757,0
0248-PGHBZ,67,Two year,92.45,6140.85,0.03628502997498637,Low,3.3545510211874903,0
1494-EJZDW,10,Two year,20.15,220.8,0.03627499114660236,Low,0.7309410716040375,0
8148-WOCMK,8,Two year,19.6,125.0,0.03626641362849469,Low,0.710821707118496,0
8194-PEEBY,24,One year,19.9,533.5,0.03625735872672337,Low,0.7215214386617951,0
3508-CFVZL,71,Two year,111.3,7985.9,0.03624971799292913,Low,4.034593612613012,0
6174-NRBTZ,46,One year,30.75,1489.3,0.03621650068000125,Low,1.1136573959100384,0
7359-WWYJV,72,Two year,114.45,8375.05,0.03608787525764371,Low,4.1302573232373225,0
3442-ZHHCC,68,One year,76.9,5023.0,0.03597894713111148,Low,2.766781034382473,0
1430-SFQSA,29,One year,35.6,1072.6,0.0359650235065397,Low,1.2803548368328133,0
4304-XUMGI,50,Two year,75.15,3822.45,0.03596465394928716,Low,2.7027437442889304,0
4884-TVUQF,57,Two year,101.3,5779.6,0.03595297143326202,Low,3.6420360061894423,0
1734-ZMNTZ,11,Two year,25.0,300.7,0.03595000062417198,Low,0.8987500156042996,0
5519-TEEUH,33,One year,20.15,682.15,0.035947840822503005,Low,0.7243489925734355,0
5469-NUJUR,19,Two year,19.95,373.5,0.03593861667736029,Low,0.7169754027133378,0
7137-NAXML,23,One year,20.15,405.6,0.03593241778070752,Low,0.7240382182812565,0
8513-OLYGY,72,Two year,115.8,8332.15,0.03586319230230466,Low,4.15295766860688,0
6261-RCVNS,42,One year,73.9,3160.55,0.03582946918939322,Low,2.6477977730961593,1
8097-OMULG,59,One year,76.75,4541.9,0.035822352641141725,Low,2.7493655652076274,0
6352-GIGGQ,67,One year,88.8,5903.15,0.035748171024856154,Low,3.1744375870072266,0
9258-CNWAC,71,Two year,113.65,8166.8,0.035741666860057336,Low,4.062040438645517,0
0203-HHYIJ,25,One year,25.3,676.35,0.03570948870641528,Low,0.9034500642723066,1
4730-AWNAU,36,One year,60.7,2234.55,0.035708352443303976,Low,2.1674969933085513,0
7471-MQPOS,71,One year,72.9,5139.65,0.03556933360784939,Low,2.5930044200122206,0
8670-ERCJH,72,Two year,113.4,8164.1,0.03556325196107712,Low,4.0328727723861455,0
6990-YNRIO,65,Two year,108.65,6937.95,0.03555840064842474,Low,3.8634202304513483,1
3778-FOAQW,24,One year,20.15,456.85,0.03553612065731709,Low,0.7160528312449392,0
0835-DUUIQ,24,One year,21.05,531.55,0.03548136913366857,Low,0.7468828202637234,0
4942-VZZOM,64,One year,66.15,4392.5,0.035480697684760705,Low,2.347048151846921,0
1834-WULEG,24,One year,20.25,439.75,0.035383582124420825,Low,0.7165175380195217,0
1498-NHTLT,59,Two year,86.75,5186.0,0.035349493686926914,Low,3.06656857734091,0
9224-VTYID,47,Two year,90.5,4318.35,0.03532472795826608,Low,3.19688788022308,0
9297-FVVDH,57,Two year,84.5,4845.4,0.03531249284532226,Low,2.9839056454297306,0
4513-CXYIX,71,Two year,80.7,5676.0,0.03515373629401887,Low,2.836906518927323,0
2550-AEVRU,57,One year,53.45,3053.0,0.03513734802190245,Low,1.878091251770686,0
2999-AANRQ,21,Two year,71.05,1524.85,0.035136364958319545,Low,2.4964387302886037,0
2040-XBAVJ,72,Two year,114.45,8100.55,0.03509744277582473,Low,4.016902325693141,0
1960-UOTYM,52,Two year,79.2,4016.3,0.035066077956150694,Low,2.777233374127135,0
7994-XIRTR,54,One year,65.25,3529.95,0.03499774895367977,Low,2.283603119227605,0
6765-MBQNU,26,One year,26.0,684.05,0.03499502678187273,Low,0.909870696328691,0
4355-HBJHH,67,Two year,79.7,5293.4,0.03496454168809748,Low,2.786673972541369,1
8869-TORSS,48,One year,60.35,2896.4,0.03490311074132942,Low,2.1064027332392308,1
9347-AERRL,23,One year,19.3,486.2,0.0349001884164968,Low,0.6735736364383883,0
3174-AKMAS,46,Two year,64.2,3009.5,0.03474042228679955,Low,2.2303351108125313,0
3133-PZNSR,72,Two year,97.75,6991.6,0.03462636114657,Low,3.3847268020772177,0
4707-YNOQA,34,One year,25.6,917.15,0.034625368994099695,Low,0.8864094462489522,0
6698-OXETB,11,Two year,20.4,231.45,0.03460550440465401,Low,0.7059522898549417,0
9108-EQPNQ,10,Two year,26.1,225.55,0.0345813393597571,Low,0.9025729572896604,0
2057-BOYKM,72,Two year,96.6,6827.5,0.03455210876634633,Low,3.3377337068290553,0
4393-GEADV,70,Two year,114.75,7842.3,0.03455185083295078,Low,3.964824883081102,0
5495-GPSRW,20,Two year,19.7,419.4,0.034547726254000974,Low,0.6805902072038191,0
2632-IVXVF,68,Two year,111.75,7511.3,0.03450000452216573,Low,3.8553755053520202,0
4648-YPBTM,53,Two year,73.9,3958.25,0.034462167772737,Low,2.5467541984052646,0
9225-BZLNZ,72,Two year,85.25,6083.1,0.0344528002810238,Low,2.937101223957279,0
0486-LGCCH,11,Two year,19.65,225.75,0.03444405380047183,Low,0.6768256571792715,0
4024-CSNBY,72,Two year,94.25,6849.75,0.034428554721657956,Low,3.2448912825162624,0
7632-YUTXB,25,One year,20.05,520.1,0.03434559129517609,Low,0.6886291054682806,0
2073-QBVBI,41,One year,35.45,1391.65,0.0342071944291181,Low,1.2126450425122366,0
5641-DMBFJ,58,Two year,84.3,4916.4,0.03418814562939518,Low,2.8820606765580132,0
2650-GYRYL,33,One year,19.45,600.25,0.03414823154346334,Low,0.6641831035203619,0
7973-DZRKH,66,Two year,90.95,5930.05,0.034133888810484875,Low,3.1044771873135995,0
5893-PYOLZ,56,Two year,81.8,4534.45,0.034133319175047784,Low,2.7921055085189086,0
4530-NDRKU,42,One year,19.05,761.85,0.03411329795137133,Low,0.6498583259736238,0
2193-SFWQW,72,Two year,111.95,8033.1,0.03409565893091869,Low,3.8170090173163476,0
3841-NFECX,71,Two year,96.35,6766.95,0.03405406482273581,Low,3.2811091456705954,0
6114-TCFID,29,One year,39.5,1082.75,0.03404636895974068,Low,1.344831573909757,0
6603-YRDCJ,33,Two year,61.05,2018.4,0.033913696816313135,Low,2.070431190635917,0
7269-JISCY,55,One year,45.05,2462.6,0.033906919728028194,Low,1.52750673374767,0
2639-UGMAZ,71,One year,56.45,3985.35,0.0338753728129551,Low,1.9122647952913154,0
9758-MFWGD,48,One year,29.9,1388.75,0.033868542612495896,Low,1.0126694241136271,0
8311-UEUAB,67,Two year,75.5,5229.45,0.03376079950653642,Low,2.5489403627434997,0
7244-KXYZN,24,One year,20.45,527.35,0.03369891425836938,Low,0.6891427965836537,0
2239-CGBUZ,51,One year,60.5,3145.15,0.03366115710761787,Low,2.0365000050108812,0
8999-YPYBV,45,Two year,84.35,3858.05,0.0335943303826293,Low,2.8336817677747814,0
8221-HVAYI,35,Two year,69.15,2490.15,0.033497502815224525,Low,2.316352319672776,0
9548-ZMVTX,72,Two year,90.45,6565.85,0.03349056954038845,Low,3.029222014928135,0
2361-FJWNO,40,One year,36.0,1382.9,0.03343575344781151,Low,1.2036871241212144,0
0014-BMAQU,63,Two year,84.65,5377.8,0.03328750956520652,Low,2.817787684694732,0
3594-BDSOA,24,One year,20.4,482.8,0.03327975921563726,Low,0.678907087999,0
1776-SPBWV,34,One year,20.1,682.1,0.033275960631786526,Low,0.6688468086989092,0
2676-SSLTO,49,Two year,66.15,3199.0,0.03320664879433125,Low,2.1966198177450127,0
7322-OCWHC,72,Two year,93.05,6735.05,0.03318959361775928,Low,3.0882916861325005,0
5442-PPTJY,12,Two year,19.7,258.35,0.03302855480816644,Low,0.6506625297208788,0
2091-GPPIQ,72,Two year,78.95,5730.15,0.032932411183782415,Low,2.6000138629596217,0
1623-NLDOT,42,One year,33.55,1445.3,0.03272697131762718,Low,1.0979898877063918,1
5820-PTRYM,56,One year,68.45,4014.0,0.03263632041214714,Low,2.2339561322114716,0
3258-SYSWS,72,Two year,113.8,7845.8,0.03262489853353873,Low,3.7127134531167076,0
3985-HOYPM,26,One year,19.4,525.55,0.032592977515040304,Low,0.6323037637917819,0
5394-MEITZ,60,Two year,80.6,4946.7,0.03253770190129331,Low,2.6225387732442407,0
6828-HMKWP,12,Two year,21.05,262.05,0.032396761153864986,Low,0.681951822288858,0
0536-ESJEP,54,Two year,74.55,4191.45,0.03237288219685499,Low,2.4133983677755393,0
9577-WJVCQ,68,Month-to-month,54.45,3687.75,0.032290755750338636,Low,1.7582316506059388,0
6161-ERDGD,71,One year,85.45,6300.85,0.03228140276008301,Low,2.7584458658490933,0
7191-ADRGF,44,Two year,54.3,2390.45,0.03227397071159445,Low,1.7524766096395785,0
2516-XSJKX,41,Two year,78.45,3126.45,0.032242459301456056,Low,2.5294209321992276,0
8331-ZXFOE,58,One year,71.1,4299.2,0.03222720823275491,Low,2.291354505348874,0
4627-MIHJH,69,Two year,110.25,7467.55,0.0321836314136155,Low,3.548245363351109,0
1936-UAFEH,68,Two year,110.25,7279.35,0.03215751646767555,Low,3.545366190561229,0
4114-QMKVN,56,One year,68.75,3815.4,0.03206619781574365,Low,2.204551099832376,0
1642-HMARX,68,Two year,91.7,6424.7,0.03205194252047653,Low,2.939163129127698,0
1439-LCGVL,26,One year,19.2,459.6,0.03197718761681081,Low,0.6139620022427675,0
9867-XOBQA,21,Two year,53.15,1183.2,0.031962660832977184,Low,1.6988154232727373,0
0064-SUDOG,12,Two year,20.3,224.5,0.03196235014548665,Low,0.6488357079533791,0
1093-YSWCA,11,Two year,19.55,223.15,0.03195449260947525,Low,0.6247103305152412,0
5158-RIVOP,11,Two year,20.9,202.3,0.031949078896240955,Low,0.667735748931436,0
6061-PQHMK,25,One year,19.9,527.5,0.03194458829707607,Low,0.6356973071118137,0
6016-NXBNJ,35,One year,19.15,638.0,0.03192536753526655,Low,0.6113707883003544,0
0378-CJKPV,72,Two year,112.1,7965.95,0.03192053145958823,Low,3.5782915766198404,0
6479-OAUSD,25,One year,19.9,510.8,0.03179728348817313,Low,0.6327659414146453,0
0104-PPXDV,58,One year,50.3,2878.55,0.03177645315429668,Low,1.5983555936611231,0
4573-JKNAE,12,Two year,19.35,212.3,0.03172929839999591,Low,0.6139619240399209,0
5214-CHIWJ,27,One year,20.3,595.05,0.03168359395180465,Low,0.6431769572216345,0
2878-DHMIN,35,One year,19.9,666.0,0.03165838873953471,Low,0.6300019359167406,0
1843-TLSGD,13,Two year,20.85,272.35,0.031650826310761375,Low,0.6599197285793748,0
5696-JVVQY,48,Two year,70.1,3238.4,0.03164898326006102,Low,2.2185937265302775,0
2361-UPSND,46,One year,70.6,3231.05,0.03161772816980972,Low,2.232211608788566,0
2599-CIPQE,71,Two year,109.3,7782.85,0.03157073213130204,Low,3.450681021951313,0
6901-GOGZG,60,Two year,84.95,4984.85,0.03153355560592094,Low,2.6787755487229843,0
5197-YPYBZ,12,Two year,25.25,274.7,0.031530405405531405,Low,0.7961427364896679,0
5063-IUOKK,13,Two year,19.75,265.75,0.031449141911541904,Low,0.6211205527529526,0
9891-NQDBD,28,One year,25.55,672.2,0.031426634560468354,Low,0.8029505130199664,0
0854-UYHZD,13,Two year,19.55,265.3,0.03141912995346805,Low,0.6142439905903004,0
5684-FJVYR,72,Two year,90.35,6563.4,0.03129787423651823,Low,2.827762937269422,0
5014-GSOUQ,13,Two year,19.95,243.65,0.03128323359925873,Low,0.6241005103052115,0
6013-BHCAW,61,Two year,81.0,4976.15,0.0312161367948699,Low,2.528507080384462,0
8760-ZRHKE,71,One year,69.2,4982.5,0.03121607942335714,Low,2.160152696096314,0
5318-YKDPV,43,Two year,79.15,3566.6,0.03120936261437603,Low,2.470221050927863,0
8466-PZBLH,67,Two year,104.6,6885.75,0.031111355921550034,Low,3.2542478293941333,0
5055-BRMNE,67,Two year,106.7,7009.5,0.03095378741837763,Low,3.3027691175408935,0
0872-CASZJ,59,One year,69.1,4096.9,0.030914572367797113,Low,2.13619695061478,0
4667-QONEA,60,One year,74.85,4456.35,0.030854988893431017,Low,2.3094959186733113,0
3705-PSNGL,45,One year,20.4,930.45,0.03082069371170457,Low,0.6287421517187732,1
9570-KYEUA,64,Two year,99.25,6549.45,0.030817442737108357,Low,3.0586311916580047,0
2541-YGPKE,42,One year,63.7,2763.35,0.030776067614012817,Low,1.9604355070126165,0
8908-SLFCJ,21,Two year,20.85,435.25,0.030763345884534794,Low,0.6414157616925505,0
1998-VHJHK,27,One year,19.15,501.35,0.030724916473769816,Low,0.5883821504726919,0
4872-VXRIL,56,One year,64.65,3665.55,0.03060734924953694,Low,1.9787651289825632,0
2150-OEGBV,27,One year,20.1,562.6,0.030569561828243507,Low,0.6144481927476946,0
2197-OMWGI,68,Two year,53.0,3656.25,0.030466721903242545,Low,1.614736260871855,0
6754-LZUKA,61,Two year,80.9,4932.5,0.030461589717053608,Low,2.464342608109637,0
7605-BDWDC,31,Two year,49.85,1520.1,0.030449364775189912,Low,1.5179008340432172,0
8727-XDPUD,37,Two year,35.8,1316.9,0.0303026947998534,Low,1.0848364738347516,0
0945-TSONX,47,Two year,85.3,4107.25,0.030287412480722902,Low,2.5835162846056634,0
3230-IUALN,45,Two year,81.0,3533.6,0.030285451525017392,Low,2.453121573526409,0
4056-QHXHZ,72,Two year,107.45,7576.7,0.03027055740566407,Low,3.2525713932386044,0
3055-VTCGS,63,One year,58.55,3503.5,0.030250106579108402,Low,1.7711437402067969,0
0946-FKYTX,52,One year,30.1,1623.4,0.03023903647285789,Low,0.9101949978330225,0
1245-HARPS,14,Two year,20.4,292.4,0.030178339905153055,Low,0.6156381340651222,0
3523-BRGUW,26,One year,19.3,504.2,0.03007626176431297,Low,0.5804718520512403,0
2706-QZIHY,15,Two year,25.2,387.9,0.030029686336514705,Low,0.7567480956801705,0
9531-NSBMR,36,One year,19.25,679.8,0.029906891253539177,Low,0.5757076566306292,0
8143-ETQTI,23,Two year,19.65,451.55,0.02988186619614197,Low,0.5871786707541897,0
7109-CQYUZ,52,Two year,89.25,4652.4,0.02983216062575287,Low,2.6625203358484435,0
5627-TVBPP,35,One year,20.1,644.5,0.02981700915270848,Low,0.5993218839694405,0
0310-SUCIN,71,One year,84.8,6046.1,0.029800399047045567,Low,2.527073839189464,0
9926-PJHDQ,72,Two year,76.8,5468.45,0.029797034401657773,Low,2.288412242047317,0
6691-CCIHA,62,Two year,84.95,5150.55,0.02979353307070957,Low,2.530960634356778,0
4795-UXVCJ,26,One year,19.8,457.3,0.029749385530631483,Low,0.5890378335065034,0
4751-ERMAN,72,Two year,75.4,5480.25,0.029721201065779697,Low,2.2409785603597894,0
7473-ZBDSN,14,Two year,18.8,255.55,0.02967347831834455,Low,0.5578613923848775,0
2819-GWENI,28,One year,19.9,543.0,0.029617746841035228,Low,0.589393162136601,0
5788-YPOEG,34,Two year,84.75,2839.45,0.02958901595615694,Low,2.507669102284301,0
1090-ESELR,72,Two year,105.5,7611.55,0.029539396252629285,Low,3.1164063046523895,0
4032-RMHCI,41,One year,35.4,1412.4,0.029528855379183986,Low,1.045321480423113,0
5944-UGLLK,53,One year,54.9,3045.75,0.02941839705638276,Low,1.6150699983954133,0
1552-TKMXS,42,Month-to-month,20.35,869.9,0.029365959703845167,Low,0.5975972799732492,0
0853-TWRVK,72,Two year,105.6,7581.5,0.02930631586720032,Low,3.094746955576354,0
5020-ZSTTY,54,One year,82.45,4350.1,0.02926303787875886,Low,2.412737473103668,1
2088-IEBAU,68,Two year,88.15,6148.45,0.029255191474713612,Low,2.5788451284960052,0
7277-KAMWT,13,Two year,20.0,268.45,0.029255012184888355,Low,0.5851002436977671,0
9178-JHUVJ,24,Two year,24.1,587.4,0.029254452152182548,Low,0.7050322968675995,0
0334-ZFJSR,55,One year,66.05,3462.1,0.029191697750612276,Low,1.9281116364279407,0
2351-BKRZW,43,Two year,75.2,3254.35,0.02919166704441696,Low,2.1952133617401555,0
8007-YYPWD,15,Two year,25.05,369.1,0.029088098956541374,Low,0.7286568788613614,0
5127-BZENZ,56,One year,65.2,3512.15,0.02904973846675644,Low,1.89404294803252,0
5849-ASHZJ,27,One year,20.05,552.9,0.02904855724329193,Low,0.5824235727280033,0
1982-FEBTD,23,Two year,25.6,514.75,0.028943838332181285,Low,0.7409622613038409,0
2167-FQSTQ,72,Two year,92.4,6786.1,0.0289345782583347,Low,2.6735550310701264,0
4452-ROHMO,15,Two year,19.6,331.6,0.028883597074306586,Low,0.5661185026564092,0
7446-SFAOA,37,One year,19.85,717.5,0.02877875198208372,Low,0.5712582268443619,0
1872-EBWSC,29,One year,20.35,617.35,0.028773755200876806,Low,0.5855459183378431,0
3057-VJJQE,35,Two year,55.25,1924.1,0.028762088497530123,Low,1.5891053894885392,0
3982-JGSFD,36,One year,20.35,695.85,0.028759183827200586,Low,0.585249390883532,0
8265-HKSOW,72,Two year,107.45,7658.3,0.02875013888532538,Low,3.0892024232282123,0
1089-XZWHH,24,Two year,19.7,494.05,0.028727151407384237,Low,0.5659248827254695,0
1023-BQXZE,57,Two year,74.35,4317.35,0.02871280410052839,Low,2.1347969848742854,0
2933-XEUJM,46,Two year,79.2,3593.8,0.028688761923617637,Low,2.272149944350517,0
1897-RCFUM,39,One year,24.2,914.6,0.028663617019232552,Low,0.6936595318654277,0
0604-THJFP,59,Two year,75.95,4542.35,0.028624468895304612,Low,2.1740284125983855,0
6242-FEGFD,66,Two year,96.6,6424.25,0.028608706129366463,Low,2.7636010120968,0
4716-MRVEN,29,One year,20.0,599.3,0.028588220834371188,Low,0.5717644166874237,0
7247-XOZPB,53,One year,77.4,4155.95,0.028583885775633863,Low,2.2123927590340613,0
5668-MEISB,72,Two year,106.1,7657.4,0.028581884459266776,Low,3.0325379411282047,0
0993-OSGPT,68,One year,60.65,3975.9,0.028571761720006122,Low,1.7328773483183713,0
4611-ANLQC,60,One year,50.05,2911.5,0.02856393555424884,Low,1.4296249744901544,0
4890-VMUAV,63,One year,71.5,4576.3,0.028483462127120274,Low,2.0365675420890996,0
2266-FUBDZ,15,Two year,19.35,278.85,0.028433998154173076,Low,0.550197864283249,0
2040-LDIWQ,65,Two year,84.2,5324.5,0.02836955116733552,Low,2.388716208289651,0
6898-RBTLU,49,Two year,79.3,3902.45,0.028250550466031844,Low,2.2402686519563253,0
5232-NXPAY,47,Two year,74.45,3510.3,0.02824631414739665,Low,2.1029380882736803,0
4962-CHQPW,29,One year,19.85,535.05,0.0280649954944349,Low,0.5570901605645329,0
8571-ZCMCX,47,Two year,60.0,2768.65,0.028045018579821585,Low,1.6827011147892952,0
9955-QOPOY,69,One year,60.8,4263.4,0.02802872866476565,Low,1.7041467028177515,0
6754-WKSHP,30,One year,25.35,723.3,0.02799995631755724,Low,0.7097988926500761,0
8873-TMKGR,29,One year,19.1,529.5,0.02793434082030526,Low,0.5335459096678306,0
4178-EGMON,70,Two year,88.0,5986.45,0.027892631444496822,Low,2.4545515671157205,0
7945-HLKEA,60,One year,64.75,4039.5,0.02784042795745059,Low,1.8026677102449256,0
2252-NKNSI,52,Two year,85.15,4461.85,0.027816215851375854,Low,2.368550779744654,0
0164-XAIRP,24,Two year,19.55,470.2,0.027786207908586463,Low,0.5432203646128654,0
0513-RBGPE,37,Two year,62.8,2278.75,0.027765991891213843,Low,1.7437042907682292,0
1051-EQPZR,44,Month-to-month,19.6,780.25,0.027747919514076666,Low,0.5438592224759027,0
8398-TBIYD,72,Two year,84.7,6185.15,0.027524950939019726,Low,2.331363344534971,0
3458-IDMFK,25,Two year,20.75,499.4,0.027446189554057813,Low,0.5695084332466996,0
7501-IWUNG,61,Two year,73.8,4616.05,0.027413995576064294,Low,2.0231528735135447,0
5199-FPUSP,33,One year,34.05,1113.95,0.02734011633713514,Low,0.9309309612794514,0
7026-YMSBE,30,One year,19.7,625.05,0.027314512079275984,Low,0.5380958879617369,0
1534-OULXE,61,One year,49.7,2961.4,0.027285207315049204,Low,1.3560748035579455,0
6339-RZCBJ,48,Two year,78.9,3771.5,0.02728409155233614,Low,2.1527148234793216,0
9958-MEKUC,72,Two year,103.95,7517.7,0.027248394640884705,Low,2.832470622919965,0
6823-SIDFQ,28,One year,18.25,534.7,0.02724699448837971,Low,0.49725764941292966,0
2773-MADBQ,36,Two year,53.1,1901.25,0.027228589937839234,Low,1.4458381256992634,0
6696-YDAYZ,16,Two year,20.5,290.55,0.02722510530630788,Low,0.5581146587793115,0
0654-PQKDW,62,One year,70.75,4263.45,0.02722174991426032,Low,1.9259388064339176,0
1699-TLDLZ,16,Two year,19.7,301.55,0.027217590250926123,Low,0.5361865279432446,0
9251-WNSOD,67,One year,75.1,5064.45,0.027149907734281286,Low,2.0389580708445245,0
7781-EWARA,70,One year,60.35,4138.7,0.027117056009449435,Low,1.6365143301702734,0
9227-UAQFT,16,Two year,19.75,284.35,0.027093353219802167,Low,0.5350937260910927,0
2498-XLDZR,32,Two year,73.6,2316.85,0.027078273978479544,Low,1.9929609648160942,0
3605-JISKB,55,One year,60.0,3316.1,0.027007817258062106,Low,1.6204690354837263,0
1265-HVPZB,59,One year,66.4,3958.2,0.026985123447685236,Low,1.7918121969263,0
6034-ZRYCV,72,Two year,54.2,3937.45,0.02694874822275513,Low,1.460622153673328,1
5327-XOKKY,72,Two year,73.45,5329.0,0.026937359267264618,Low,1.9785490381805861,0
3161-ONRWK,60,One year,65.85,3928.3,0.026935007076775007,Low,1.7736702160056341,0
1525-LNLOJ,66,Two year,63.3,4189.7,0.026890188045831098,Low,1.7021489033011084,0
1930-QPBVZ,68,Two year,95.1,6683.4,0.02685455770082462,Low,2.5538684373484215,0
2123-VSCOT,59,Two year,72.1,4194.85,0.02683948810951065,Low,1.9351270926957176,0
6188-UXBBR,38,One year,20.25,814.75,0.026805401584299147,Low,0.5428093820820578,0
8067-NIOYM,24,Two year,21.1,490.65,0.02680062389501889,Low,0.5654931641848987,0
2683-JXWQQ,61,Month-to-month,33.6,2117.2,0.026738360159889812,Low,0.8984089013722978,0
8106-GWQOK,38,Two year,60.0,2193.2,0.02671149709465832,Low,1.6026898256794992,0
4615-PIVVU,42,Two year,66.5,2762.75,0.026661079232272438,Low,1.7729617689461172,0
0234-TEVTT,48,One year,45.0,2196.3,0.026651028346742336,Low,1.1992962756034051,0
7338-ERIVA,39,One year,45.05,1790.6,0.02661611377817956,Low,1.199055925706989,0
7711-YIJWC,61,One year,84.9,5264.5,0.026582332936062696,Low,2.256840066271723,0
3812-LRZIR,27,Two year,24.5,761.95,0.026535222351975397,Low,0.6501129476233972,0
8821-KVZKQ,70,One year,58.4,4113.15,0.02652769929408611,Low,1.5492176387746288,0
6447-EGDIV,31,One year,20.95,683.25,0.026503678364068705,Low,0.5552520617272394,0
7061-OVMIM,30,One year,19.55,608.5,0.026472309109945732,Low,0.5175336430994391,0
2521-NPUZR,70,Two year,101.0,7085.5,0.026457402590197118,Low,2.672197661609909,0
9236-NDUCW,21,Two year,35.1,770.4,0.026440450435191328,Low,0.9280598102752157,0
9945-PSVIP,25,Two year,18.7,383.65,0.026350268988980203,Low,0.49275003009392976,0
1929-ZCBHE,47,One year,40.3,1794.8,0.02631375777235668,Low,1.0604444382259741,0
1022-RKXDR,41,One year,24.85,962.25,0.02627369809448916,Low,0.6529013976480557,0
3525-DVKFN,17,Two year,19.4,358.05,0.026226884129067582,Low,0.5088015521039111,0
7153-CHRBV,57,One year,59.3,3274.35,0.02617714441285483,Low,1.5523046636822913,0
0810-DHDBD,52,One year,74.0,3877.65,0.026168169061878188,Low,1.936444510578986,0
1282-IHQAC,70,One year,44.05,3011.65,0.026164964877725783,Low,1.1525667028638207,0
0078-XZMHT,72,Two year,85.15,6316.2,0.026164841148639886,Low,2.2279362238066867,0
8672-OAUPW,51,One year,47.85,2356.75,0.02614691040778134,Low,1.2511296630123372,0
4342-HFXWS,48,One year,69.7,3023.65,0.026140240737496292,Low,1.8219747794034915,0
6234-RAAPL,72,Two year,99.9,7251.7,0.0261116226216355,Low,2.6085510999013866,0
3266-FTKHB,17,Two year,19.15,343.45,0.02609326116587889,Low,0.4996859513265807,0
1092-WPIVQ,18,Two year,25.1,428.45,0.026012961143770517,Low,0.6529253247086401,0
9359-UGBTK,67,One year,72.35,4991.5,0.02593294488715908,Low,1.876248562585959,0
2126-GSEGL,70,Two year,84.8,5917.55,0.025922903436788675,Low,2.1982622114396797,0
8565-WUXZU,72,Two year,84.8,6141.65,0.02592261687594124,Low,2.198237911079817,0
4293-ETKAP,65,Two year,79.4,5071.9,0.025920947747886943,Low,2.0581232511822236,0
9028-LIHRP,71,Two year,100.2,7209.0,0.02591968032944531,Low,2.59715196901042,0
3720-DBRWL,51,Two year,83.85,4307.1,0.025901791710627092,Low,2.1718652349360816,0
7670-ZBPOQ,58,One year,61.05,3478.75,0.025826619690929906,Low,1.5767151321312707,0
7054-DMVAS,54,Two year,65.3,3512.9,0.025802423816539643,Low,1.6848982752200385,0
4547-FZJWE,55,One year,59.45,3157.0,0.025778720130232403,Low,1.5325449117423164,0
4568-KNYWR,52,Two year,63.25,3342.45,0.02577218386013996,Low,1.6300906291538524,0
3489-VSFRD,56,One year,60.25,3282.75,0.02574746291620076,Low,1.5512846407010958,0
3649-JPUGY,72,Two year,88.6,6201.95,0.025713193625199308,Low,2.2781889551926584,0
6772-WFQRD,40,One year,20.4,854.9,0.02567646429417385,Low,0.5237998716011465,0
8292-FRFZQ,39,One year,41.15,1700.9,0.02554048859659585,Low,1.050991105749919,0
5321-NTRKC,66,Two year,79.85,5234.95,0.0255010505744734,Low,2.0362588883717008,0
9717-IOAAF,27,Two year,25.85,788.55,0.02544321310116923,Low,0.6577070586652246,0
2430-RRYUW,66,One year,54.8,3465.7,0.025438426545377986,Low,1.3940257746867135,0
7244-QWYHG,50,One year,44.45,2188.45,0.025419651695496644,Low,1.129903517864826,0
0756-MPZRL,46,One year,33.7,1537.85,0.025395545771828558,Low,0.8558298925106225,0
7469-LKBCI,16,Two year,18.95,326.8,0.02536433617377394,Low,0.4806541704930162,0
0757-WCUUZ,54,Two year,63.35,3409.1,0.025334144180211394,Low,1.6049180338163918,0
0565-IYCGT,69,One year,78.6,5356.45,0.025322980911574713,Low,1.9903862996497723,1
8932-CZHRQ,68,One year,76.75,5233.25,0.02526072286540915,Low,1.9387604799201523,0
7305-ZWMAJ,30,One year,20.7,587.1,0.025193993815856998,Low,0.5215156719882399,0
4039-PIMHX,49,Two year,49.8,2398.4,0.02519228511093502,Low,1.254575798524564,0
1830-GGFNM,65,Two year,94.55,6078.75,0.02518407131140289,Low,2.381153942493143,0
3129-AAQOU,19,Two year,25.6,485.9,0.025155547526684953,Low,0.6439820166831348,0
2612-PHGOX,64,Two year,76.1,4818.8,0.025087571533571367,Low,1.909164193704781,0
1328-EUZHC,18,Two year,20.1,370.5,0.025067478786291394,Low,0.5038563236044571,0
3721-WKIIL,27,Two year,19.6,561.15,0.025064988347377037,Low,0.49127377160859,0
0219-QAERP,30,One year,19.8,576.65,0.02502644746038782,Low,0.4955236597156788,0
4111-BNXIF,67,Two year,59.55,4103.9,0.025012767272952274,Low,1.4895102911043079,0
9541-ZPSEA,68,Two year,80.35,5375.15,0.024963573391040873,Low,2.005823121970134,0
2335-GSODA,23,Two year,40.1,857.75,0.024950593528063936,Low,1.0005188004753638,0
6732-VAILE,70,Two year,85.95,5931.75,0.024916513159486807,Low,2.1415743060578913,0
0378-XSZPU,58,One year,60.3,3563.8,0.024818338133215875,Low,1.4965457894329173,1
2725-IWWBA,46,One year,56.9,2560.1,0.024784819935466808,Low,1.4102562543280612,0
8645-KOMJQ,69,Two year,81.95,5601.4,0.02469875756855937,Low,2.0240631827434408,0
9150-HEPMB,56,One year,52.7,3019.7,0.02467928020868313,Low,1.3005980669976012,0
0687-ZVTHB,65,One year,72.45,4653.85,0.02464820578707114,Low,1.7857625092733043,1
8782-NUUOL,60,One year,79.0,4801.1,0.02463721153320114,Low,1.94633971112289,0
8510-BBWMU,41,One year,19.75,806.95,0.02463090454963798,Low,0.4864603648553501,0
2892-GESUL,18,Two year,19.35,309.25,0.02456596073665225,Low,0.4753513402542211,0
5871-DGTXZ,32,One year,19.8,607.7,0.02452816840216858,Low,0.4856577343629379,0
2404-JIBFC,55,Two year,85.1,4657.95,0.024511922985255362,Low,2.0859646460452312,0
6223-DHJGV,42,One year,20.65,958.1,0.024489656520718144,Low,0.5057114071528297,0
7622-FWGEW,56,Two year,85.65,4824.45,0.024440109062778586,Low,2.093295341226986,0
5696-EXCYS,17,Two year,19.45,369.05,0.024424012441058338,Low,0.47504704197858466,0
1839-UMACK,42,One year,25.05,949.85,0.024408697301777898,Low,0.6114378674095363,0
5762-TJXGK,52,Two year,58.75,3038.55,0.024389886278460605,Low,1.4329058188595605,0
5914-GXMDA,32,One year,19.3,593.2,0.0243781694709176,Low,0.4704986707887097,0
6631-HMANX,72,Two year,85.45,6227.5,0.02435139750032655,Low,2.080826916402904,0
8606-OEGQZ,18,Two year,25.3,454.65,0.02434261584097623,Low,0.6158681807766987,0
7596-IIWYC,27,Two year,20.25,538.2,0.02432833536443015,Low,0.4926487911297105,0
6418-HNFED,51,Two year,83.25,4089.45,0.024316300178202247,Low,2.024331989835337,0
8414-OOEEL,66,Two year,79.5,5196.1,0.024290345724980386,Low,1.9310824851359407,0
5918-VUKWP,32,One year,20.55,654.55,0.024285224909717743,Low,0.4990613718946996,0
9885-MFVSU,35,Two year,46.35,1662.05,0.02420593237702701,Low,1.1219449656752019,0
4115-UMJFQ,69,One year,35.75,2492.25,0.024167229182592856,Low,0.8639784432776946,0
5859-HZYLF,26,Two year,19.15,515.75,0.024144210108528307,Low,0.46236162357831706,0
3298-QEICA,23,Two year,34.6,813.45,0.024084090228922776,Low,0.833309521920728,0
5816-JMLGY,70,Two year,80.4,5717.85,0.02407272500441836,Low,1.9354470903552363,0
2890-WFBHU,59,One year,79.85,4786.1,0.024064442391075098,Low,1.9215457249273464,0
1635-HDGFT,19,Two year,20.5,398.55,0.024032398553519446,Low,0.49266417034714866,0
2277-AXSDC,32,One year,19.75,624.15,0.023999710683891475,Low,0.4739942860068566,0
6229-UOLQL,56,One year,52.0,2884.9,0.02398621134907901,Low,1.2472829901521085,0
4804-NCPET,19,Two year,20.2,387.4,0.023927704974590423,Low,0.4833396404867265,0
8999-EXMNO,19,Two year,20.15,387.7,0.023924703712302337,Low,0.48208277980289205,0
6563-VRERX,33,One year,20.6,690.25,0.023915218643872235,Low,0.49265350406376807,0
7328-OWMOM,31,One year,20.1,589.25,0.02387981727536771,Low,0.479984327234891,0
2606-PKWJB,40,One year,40.25,1564.05,0.023875230843840675,Low,0.9609780414645872,0
3865-ZFZIB,19,Two year,19.65,358.15,0.02367863869112267,Low,0.46528525028056045,0
5256-SKJGO,64,Two year,54.6,3423.5,0.023663545515398156,Low,1.2920295851407393,0
6121-TNHBO,63,One year,83.0,5243.05,0.02364289053830214,Low,1.9623599146790776,0
8232-CTLKO,66,Two year,59.75,3996.8,0.023636876842440386,Low,1.412303391335813,0
1813-JYWTO,72,Two year,80.45,5737.6,0.023585671310592585,Low,1.8974672569371736,0
7639-LIAYI,52,Two year,79.75,4217.8,0.023585350979678336,Low,1.8809317406293473,0
8717-VCTXJ,42,One year,19.55,839.4,0.023583150673922,Low,0.4610505956751751,0
6516-NKQBO,38,Two year,81.0,3084.9,0.023556925702477104,Low,1.9081109819006454,0
5498-IBWPI,66,One year,49.4,3251.85,0.023539874992776058,Low,1.1628698246431373,0
8512-WIWYV,32,One year,20.35,707.5,0.02346183504150306,Low,0.47744834309458734,0
1936-CZAKF,49,Two year,49.65,2409.9,0.023442464993605177,Low,1.163918386932497,0
6609-MXJHJ,30,Two year,25.1,789.55,0.023409561033429036,Low,0.5875799819390688,0
2225-ZRGSG,70,Two year,93.9,6579.05,0.02340787596698436,Low,2.1979995532998315,1
7564-GHCVB,72,Two year,79.05,5730.7,0.023402771504966228,Low,1.8499890874675802,0
2333-KWEWW,18,Two year,20.05,388.6,0.023378925818042958,Low,0.4687474626517613,0
0254-WWRKD,67,One year,50.55,3431.75,0.023335119680762767,Low,1.1795902998625578,0
5924-SNGKP,41,One year,20.25,865.0,0.023282324518834004,Low,0.47146707150638856,0
0804-YGEQV,43,One year,24.45,993.15,0.023244267425421017,Low,0.5683223385515438,0
8277-RVRSV,33,One year,24.15,800.3,0.023230436945104356,Low,0.5610150522242702,0
9746-YKGXB,52,One year,44.25,2276.1,0.023190473332004732,Low,1.0261784449412095,0
5197-LQXXH,71,Two year,83.3,5894.5,0.02315855197112918,Low,1.9291073791950606,0
3506-OVLKD,35,One year,26.2,954.9,0.0231550557844795,Low,0.6066624615533629,0
1403-LKLIK,33,One year,20.1,579.4,0.023138065664264847,Low,0.46507511985172345,0
6122-EFVKN,24,Two year,35.75,830.8,0.02309215698318798,Low,0.8255446121489703,0
8144-DGHXP,54,Two year,80.6,4299.95,0.023078051596268852,Low,1.8600909586592693,0
9000-PLFUZ,60,Two year,49.45,2907.55,0.02305690994623492,Low,1.140164196841317,0
0916-KNFAJ,61,Two year,69.9,4226.7,0.022948119645699063,Low,1.6040735632343646,0
7771-CFQRQ,47,Two year,63.8,3007.25,0.022878828113934796,Low,1.45966923366904,0
5148-HKFIR,20,Two year,19.7,406.95,0.02279809860364289,Low,0.44912254249176486,0
1223-UNPKS,20,Two year,20.05,400.0,0.022787253972699345,Low,0.45688444215262186,0
3978-YNKDD,19,Two year,20.85,467.5,0.022770793707002416,Low,0.4747710487910004,0
5917-RYRMG,32,One year,19.8,587.7,0.022637641849976967,Low,0.44822530862954396,0
5386-THSLQ,66,One year,45.55,3027.25,0.022561991450096547,Low,1.0276987105518975,0
6094-ZIVKX,68,One year,54.45,3674.95,0.022537931745978925,Low,1.2271903835685525,0
9906-NHHVC,65,Two year,53.5,3517.9,0.0225365975981325,Low,1.2057079715000887,0
2580-ASVVY,37,Two year,45.4,1593.1,0.02253646477297612,Low,1.023155500693116,0
7173-TETGO,72,Two year,78.5,5602.25,0.022526093057724104,Low,1.768298305031342,0
3181-VTHOE,70,One year,51.05,3635.15,0.022514461825498187,Low,1.1493632761916823,0
1265-BCFEO,71,Two year,80.45,5662.25,0.02251169389850156,Low,1.8110657741344507,0
7138-GIRSH,50,Two year,69.5,3418.2,0.02250227584854146,Low,1.5639081714736316,0
1177-XZBJL,53,One year,64.15,3491.55,0.022474815350212413,Low,1.4417594047161264,0
0731-EBJQB,52,One year,20.4,1090.65,0.022462173108024872,Low,0.45822833140370733,0
2753-JMMCV,65,Two year,74.2,4805.65,0.022434709460175374,Low,1.6646554419450128,0
5702-KVQRD,71,Two year,82.55,5832.65,0.022419013629225958,Low,1.8506895750926027,0
7018-FPXHH,56,Two year,59.8,3457.45,0.022390080531549915,Low,1.338926815786685,0
3378-AJRAO,44,One year,24.85,1013.6,0.02238637455653593,Low,0.5563014077299179,0
3654-ARMGP,61,Two year,88.65,5321.25,0.022368346759682307,Low,1.9829539402458367,0
6681-ZSEXG,56,Two year,59.5,3389.25,0.02235622639144906,Low,1.330195470291219,0
0559-CKHUS,29,Two year,19.55,521.8,0.022350832693973633,Low,0.43695877916718456,0
1897-OKVMW,64,Two year,90.6,5817.45,0.02234419983439807,Low,2.024384504996465,0
4950-HKQTE,22,Two year,26.25,605.9,0.022335334868010478,Low,0.5863025402852751,0
9194-GFVOI,42,Two year,84.35,3571.6,0.02225121896027573,Low,1.8768903192992576,0
9871-ELEYA,34,Two year,67.65,2339.3,0.022247982886907085,Low,1.5050760422992644,0
0121-SNYRK,50,One year,35.4,1748.9,0.022223880707263288,Low,0.7867253770371203,0
6332-FBZRI,67,One year,69.35,4653.25,0.02220167928462798,Low,1.5396864583889502,0
0412-UCCNP,55,Two year,59.2,3175.85,0.022153770200794138,Low,1.3115031958870131,0
2863-IMQDR,61,Two year,89.65,5308.7,0.0221156820991107,Low,1.9826709001852745,0
1122-YJBCS,69,One year,53.65,3804.4,0.022114816896824888,Low,1.1864599265146551,0
0016-QLJIS,65,Two year,90.45,5957.9,0.022052168048828587,Low,1.9946186000165458,0
2845-KDHVX,64,Two year,68.3,4378.8,0.02204504484516423,Low,1.5056765629247169,0
2302-OUZXB,72,Two year,82.15,5784.3,0.022008373669745316,Low,1.8079878969695777,0
6518-KZXCB,22,Two year,25.25,566.5,0.021998311808340356,Low,0.555457373160594,0
3653-NCRDJ,43,One year,19.2,776.25,0.021969785383554066,Low,0.42181987936423804,0
5170-PTRKA,49,One year,35.8,1782.0,0.02195843136785572,Low,0.7861118429692346,0
1293-HHSHJ,35,One year,21.1,741.0,0.02191749775137673,Low,0.46245920255404904,0
9253-VIFJQ,65,One year,67.05,4309.55,0.021888508625940092,Low,1.4676245033692832,0
7876-AEHIG,51,One year,60.15,3077.0,0.02183094094784403,Low,1.3131310980128184,0
8165-CBKXO,66,Two year,56.75,3708.4,0.021795554823676122,Low,1.23689773624362,0
6437-UDQJM,72,Two year,84.1,6129.65,0.021764664696451507,Low,1.8304083009715717,0
9479-HYNYL,71,Two year,80.7,5705.05,0.021726402305196995,Low,1.7533206660293976,0
4664-NJCMS,33,Two year,59.55,2016.3,0.02172185296335626,Low,1.293536343967865,0
1934-MKPXS,33,One year,20.1,620.55,0.02172070287941211,Low,0.43658612787618345,0
1335-MXCSE,55,Two year,55.25,3119.9,0.021711746560386724,Low,1.1995739974613664,0
9950-MTGYX,28,Two year,20.3,487.95,0.021706154199667475,Low,0.4406349302532498,0
6872-HXFNF,64,One year,58.35,3756.45,0.021640896529710952,Low,1.262746312508634,0
9509-MPYOD,35,One year,20.75,700.45,0.021638591041285744,Low,0.4490007641066792,0
7633-MVPUY,57,Two year,59.75,3450.15,0.021615378329840958,Low,1.2915188552079973,0
3474-BAFSJ,57,Two year,57.5,3265.95,0.021607606043926256,Low,1.2424373475257597,0
8008-OTEZX,35,One year,19.65,708.8,0.021589382173063488,Low,0.42423135970069753,0
7977-HXJKU,21,Two year,19.6,397.0,0.021578319011405372,Low,0.4229350526235453,0
5862-BRIXZ,46,Two year,60.75,2893.4,0.021543451804448336,Low,1.3087646971202365,0
4703-MQYKT,21,Two year,19.6,390.4,0.021538520322568016,Low,0.42215499832233316,0
6023-GSSXW,69,Two year,61.45,4131.2,0.021417613320416827,Low,1.316112338539614,0
9830-ECLEN,58,One year,50.0,2919.85,0.02139768314624545,Low,1.0698841573122726,0
8884-FEEWR,35,One year,20.6,754.0,0.02138297207357239,Low,0.44048922471559127,0
3887-PBQAO,45,One year,25.9,1216.6,0.021381258858448656,Low,0.5537746044338202,0
0191-EQUUH,25,Two year,35.05,844.45,0.021378276950893504,Low,0.7493086071288173,0
5129-HHMZC,43,Two year,86.45,3574.5,0.02133187952486441,Low,1.8441409849245283,0
4381-MHQDC,47,Two year,65.0,2879.9,0.021296154361130342,Low,1.3842500334734722,0
1757-TCATG,35,One year,20.05,746.75,0.021290475571311238,Low,0.42687403520479034,0
3891-NLXJB,37,Two year,40.55,1390.85,0.02127877489846736,Low,0.8628543221328514,0
6504-VBLFL,55,Two year,58.6,3068.6,0.021187759726694906,Low,1.2416027199843216,0
8390-FESFV,62,Two year,84.5,5193.2,0.021139971394207372,Low,1.786327582810523,0
2808-CHTDM,23,Two year,25.1,611.45,0.021138356696536825,Low,0.5305727530830744,0
5512-IDZEI,46,One year,24.9,1174.8,0.02111790116766445,Low,0.5258357390748448,0
3389-KTRXV,23,Two year,23.85,625.65,0.021111526546439375,Low,0.5035099081325791,0
3638-WEABW,58,Two year,59.9,3505.1,0.02110751395928652,Low,1.2643400861612626,0
9470-YFUYI,71,One year,71.0,5012.1,0.0210885155018221,Low,1.4972846006293692,0
1088-CNNKB,63,One year,80.0,5040.2,0.02101606125416025,Low,1.68128490033282,0
5245-VDBUR,52,One year,35.45,1958.95,0.020997788264908182,Low,0.7443715939909951,0
0129-QMPDR,44,One year,20.5,865.05,0.020944983519967857,Low,0.4293721621593411,0
7025-WCBNE,47,Two year,59.6,2754.0,0.020942799921587846,Low,1.2481908753266355,0
3280-NMUVX,34,One year,19.6,678.8,0.020918467254525393,Low,0.4100019581886977,0
2256-YLYLP,68,Two year,72.95,4953.25,0.020899910776323288,Low,1.524648491132784,0
9919-FZDED,72,Two year,84.1,5981.65,0.02088185521726089,Low,1.7561640237716407,0
4632-XJMEX,53,One year,62.85,3419.5,0.020868737812868344,Low,1.3116001715387755,0
5181-OABFK,56,Two year,61.3,3346.8,0.020809577706248573,Low,1.2756271133930375,0
5751-USDBL,46,Two year,81.0,3846.35,0.0207530188527387,Low,1.6809945270718347,0
8766-PAFNE,71,Two year,79.1,5564.85,0.020750881180585167,Low,1.6413947013842867,0
5130-YPIRV,62,Two year,72.0,4284.2,0.020729382680749375,Low,1.4925155530139549,0
3544-FBCAS,72,Two year,83.6,5959.3,0.020708122630759575,Low,1.7311990519315004,0
8060-HIWJJ,64,Two year,86.55,5632.55,0.02070655472701956,Low,1.792152311623543,0
8174-TBVCF,70,Two year,94.8,6859.05,0.020693427510123916,Low,1.9617369279597472,0
3547-LQRIK,47,One year,26.9,1250.85,0.02065470720162488,Low,0.5556116237237093,0
3401-URHDA,51,One year,59.9,3043.6,0.020581019390001114,Low,1.2328030614610668,0
9675-ICXCT,72,Two year,80.8,5728.55,0.020524593660979227,Low,1.6583871678071214,0
0263-FJTQO,50,Two year,70.5,3486.65,0.020512533277114043,Low,1.44613359603654,0
0707-HOVVN,70,Two year,75.5,5212.65,0.020477658144782026,Low,1.5460631899310429,0
9477-LGWQI,70,Two year,80.15,5600.15,0.020475566611891864,Low,1.641116663943133,0
4891-NLUBA,61,Two year,61.45,3751.15,0.020450562509580553,Low,1.256687066213725,0
1187-WILMM,63,Two year,89.4,5597.65,0.020431533738139537,Low,1.8265791161896747,0
9385-NXKDA,72,Two year,82.65,5919.35,0.02039628048570839,Low,1.6857525821437984,0
6388-TABGU,62,One year,56.15,3487.95,0.02037735985362454,Low,1.144188755781018,0
4883-KCPZJ,22,Two year,25.25,555.4,0.02034937710143474,Low,0.5138217718112272,0
9309-BZGNT,69,One year,29.8,2134.3,0.020317675758467848,Low,0.6054667376023419,0
4163-NCJAK,46,One year,24.45,1066.15,0.020308524394285914,Low,0.49654342144029057,0
9824-QCJPK,36,One year,20.0,666.75,0.020288351430721562,Low,0.40576702861443126,0
9880-TDQAC,72,Two year,60.0,4264.0,0.02022994458274953,Low,1.2137966749649718,0
5707-ZMDJP,53,Two year,69.7,3729.6,0.020184886942676977,Low,1.4068866199045853,0
9073-ZZIAY,62,Two year,86.1,5215.25,0.0201539467815607,Low,1.7352548178923761,0
4980-URKXC,36,One year,20.85,720.05,0.020131314440565033,Low,0.419737906085781,0
8345-MVDYC,45,Two year,81.65,3618.7,0.020031127374254994,Low,1.6355415501079205,0
3486-NPGST,36,One year,19.55,620.75,0.01999079543094569,Low,0.39082005067498826,0
5387-ASZNZ,66,One year,63.85,4174.35,0.019983787739544522,Low,1.2759648471699179,0
3460-TJBWI,24,Two year,24.2,609.05,0.01998067646449564,Low,0.48353237044079445,0
1568-LJSZU,68,Two year,92.2,6392.85,0.019927618457498828,Low,1.837326421781392,0
2990-OGYTD,67,Two year,86.15,5883.85,0.019927487158287016,Low,1.7167530186864266,0
9565-FLVCG,65,Two year,69.55,4459.15,0.01987528748215776,Low,1.3823262443840723,0
6923-AQONU,23,Two year,20.9,454.0,0.01987318034715929,Low,0.41534946925562916,0
2580-ATZSQ,65,One year,61.35,3874.1,0.01986061528229987,Low,1.218448747569097,0
6048-NJXHX,41,Two year,19.75,899.45,0.019826487214437083,Low,0.3915731224851324,0
3896-ZVNET,24,Two year,24.7,571.75,0.01981451698548829,Low,0.4894185695415607,0
5996-EBTKM,67,Two year,69.9,4615.9,0.019773588094619855,Low,1.382173807813928,0
4560-WQAQW,59,One year,68.7,4070.95,0.019738077862062366,Low,1.3560059491236847,0
7951-QKZPL,33,Two year,24.5,740.3,0.01971504937110547,Low,0.48301870959208404,1
7349-ALMUX,37,Two year,65.6,2313.8,0.019678557410711763,Low,1.2909133661426915,0
0771-CHWSK,66,Two year,74.6,4798.4,0.019666659198405333,Low,1.4671327762010378,0
4006-HKYHO,63,Two year,86.7,5309.5,0.019562943108075315,Low,1.6961071674701298,0
4750-UKWJK,37,One year,19.6,727.8,0.019561518731376803,Low,0.38340576713498536,0
7795-CFOCW,45,One year,42.3,1840.75,0.019560559335425522,Low,0.8274116598884995,0
9063-ZGTUY,61,Month-to-month,19.4,1182.55,0.019484371913281156,Low,0.3779968151176544,1
6369-MCAKO,68,Two year,89.05,6185.8,0.019481950241445358,Low,1.734867669000709,0
3070-FNFZQ,23,Two year,20.4,478.75,0.019451486851419827,Low,0.39681033176896446,0
2977-CEBSX,66,Two year,90.05,5965.95,0.019438919853664652,Low,1.7504747328225019,0
3249-VHRIP,62,Two year,43.6,2748.7,0.019400427406971208,Low,0.8458586349439448,0
1699-UOTXU,60,Two year,61.4,3638.25,0.01940018216719318,Low,1.1911711850656612,0
3740-RLMVT,67,One year,60.95,4119.4,0.019376444470663046,Low,1.1809942904869126,0
4549-ZDQYY,52,One year,57.95,3042.25,0.019373310778427695,Low,1.122683359609885,0
7579-KKLOE,71,Two year,91.25,6589.6,0.01934462811736598,Low,1.7651973157096457,0
0795-LAFGP,71,Two year,90.4,6668.05,0.019323619949997806,Low,1.7468552434798017,0
6258-PVZWJ,68,Two year,90.8,6302.85,0.01931729674924056,Low,1.7540105448310428,0
2000-DHJUY,70,Two year,92.2,6474.45,0.019293571907070536,Low,1.7788673298319035,0
5177-RVZNU,37,One year,20.3,755.4,0.019258507539444702,Low,0.39094770305072746,0
9560-BBZXK,36,Two year,31.05,1126.35,0.01924539452016313,Low,0.5975694998510652,0
1172-VIYBP,53,Two year,69.7,3686.05,0.0191892342337978,Low,1.3374896260957068,0
0057-QBUQH,43,Two year,25.1,1070.15,0.019172681725356213,Low,0.48123431130644095,0
0301-KOBTQ,32,Two year,20.05,614.45,0.019164288252635706,Low,0.3842439794653459,0
5583-EJXRD,44,Two year,54.05,2375.2,0.019143778810097857,Low,1.0347212446857892,0
1088-AUUZZ,56,Two year,75.85,4261.2,0.01908808579237127,Low,1.4478313073513607,0
7233-PAHHL,66,Two year,84.0,5714.25,0.019034159815990354,Low,1.5988694245431896,0
1395-WSWXR,24,Two year,20.75,487.05,0.019031065130902088,Low,0.3948946014662183,0
4335-UPJSI,24,Two year,19.75,498.1,0.01901004408593805,Low,0.37544837069727643,0
2405-LBMUW,61,One year,50.7,3088.75,0.018985408751219974,Low,0.9625602236868527,0
8295-KMENE,59,Two year,76.45,4519.5,0.018975163626565227,Low,1.4506512592509115,0
8050-XGRVL,62,One year,54.75,3425.35,0.018960501180158983,Low,1.0380874396137043,0
2661-GKBTK,60,Two year,76.95,4543.95,0.01894187735961739,Low,1.4575774628225582,0
9548-LERKT,24,Two year,19.75,483.15,0.018930507031802594,Low,0.37387751387810125,0
7253-UVNDW,46,Two year,54.35,2460.15,0.018928961890805715,Low,1.0287890787652907,1
6522-OIQSX,69,Two year,54.95,3772.5,0.01884857040249632,Low,1.0357289436171728,0
4859-ZSRDZ,58,Two year,55.5,3166.9,0.01884780413489189,Low,1.0460531294864999,0
0459-SPZHJ,63,Two year,83.5,5435.0,0.0188141133395283,Low,1.5709784638506132,0
3957-HHLMR,70,One year,65.2,4543.15,0.01877995995327249,Low,1.2244533889533664,0
7452-FOLON,39,One year,25.45,958.45,0.01877705120684955,Low,0.4778759532143211,0
8173-RXAYP,24,Two year,19.7,452.55,0.018764779316446614,Low,0.36966615253399826,0
9805-FILKB,46,One year,20.2,845.6,0.018753199179780102,Low,0.37881462343155803,0
8590-OHDIW,38,One year,20.3,749.35,0.018738886634759633,Low,0.38039939868562056,0
7190-XHTWJ,38,One year,19.3,755.5,0.018692470279629295,Low,0.3607646763968454,0
0909-SELIE,61,Two year,80.8,4860.85,0.018670242475981577,Low,1.5085555920593114,0
0902-RFHOF,38,One year,20.1,730.1,0.01862229501753725,Low,0.3743081298524987,0
5795-BKOYE,69,One year,59.1,4134.7,0.018619349666440244,Low,1.1004035652866184,0
9548-LIGTA,61,Two year,81.05,4747.65,0.018588354581020414,Low,1.5065861387917046,0
8197-BFWVU,72,Two year,93.25,6688.95,0.01854917231897187,Low,1.7297103187441267,0
2581-VKIRT,59,One year,65.5,3801.3,0.018537300687175226,Low,1.2141931950099774,0
8327-WKMIE,37,One year,20.15,785.75,0.01848860446283227,Low,0.37254537992607023,0
3950-VPYJB,57,One year,59.6,3509.4,0.018486323946861605,Low,1.1017849072329517,0
5248-RPYWW,72,Two year,90.15,6716.45,0.018450693537163998,Low,1.6633300223753344,0
9795-NREXC,64,Two year,85.0,5484.4,0.018447140014377226,Low,1.568006901222064,0
9297-EONCV,72,Two year,91.35,6697.2,0.018444166743264667,Low,1.6848746319972272,0
2192-OZITF,45,Two year,73.55,3349.1,0.01842939610383312,Low,1.3554820834369259,0
0440-EKDCF,62,Two year,60.15,3753.2,0.018403373630001805,Low,1.1069629238446086,0
0602-DDUML,57,Two year,69.75,3894.4,0.01837708168928561,Low,1.2818014478276714,0
5338-YHWYT,37,Two year,61.45,2302.35,0.018360446449070558,Low,1.1282494342953857,0
5380-XPJNZ,38,One year,20.05,678.2,0.018349212574285626,Low,0.3679017121144268,0
7508-DQAKK,64,Two year,86.4,5442.05,0.018336885736473726,Low,1.58430692763133,0
9803-FTJCG,71,One year,66.85,4748.7,0.018335457794698376,Low,1.2257253535755863,0
7503-MIOGA,72,Two year,89.85,6697.35,0.018328920902211318,Low,1.6468535430636868,0
1535-VTJOQ,24,Two year,25.15,553.0,0.018321557302097478,Low,0.46078716614775156,0
8184-WMOFI,62,One year,71.4,4487.3,0.018285714243014093,Low,1.3055999969512064,0
8100-PNJMH,68,Two year,88.85,6132.7,0.018266590093780555,Low,1.6229865298324022,0
6916-HIJSE,65,Two year,84.85,5459.2,0.01824556065117947,Low,1.5481358212525778,0
0354-VXMJC,23,Two year,19.6,426.65,0.01819711538881861,Low,0.3566634616208448,0
0436-TWFFZ,67,Two year,85.25,5714.2,0.01816507578881878,Low,1.548572710996801,0
7401-JIXNM,54,Two year,91.3,4965.0,0.01815857507787085,Low,1.6578779046096084,0
1227-UDMZR,72,Two year,91.15,6637.9,0.018124496309641726,Low,1.6520478386238433,0
9415-ZNBSX,70,Two year,89.0,6293.2,0.018091973463830926,Low,1.6101856382809523,0
5485-ITNPC,66,Two year,85.9,5595.3,0.018075182567762367,Low,1.5526581825707875,0
8515-OCTJS,25,Two year,24.75,692.1,0.01805527277622538,Low,0.44686800121157816,1
5676-CFLYY,71,Two year,73.35,5154.5,0.018054391432389273,Low,1.324289611565753,0
9778-OGKQZ,72,Two year,92.0,6782.15,0.018040395449841373,Low,1.6597163813854063,0
7267-FRMJW,25,Two year,20.1,486.05,0.018012685354946652,Low,0.36205497563442773,0
1755-FZQEC,39,One year,19.9,791.15,0.01796917356906064,Low,0.3575865540243067,0
4737-HOBAX,63,Two year,79.8,5034.05,0.017925540350508255,Low,1.4304581199705586,0
4295-YURET,56,Two year,72.6,4084.35,0.017917405139714244,Low,1.300803613143254,0
0969-RGKCU,37,One year,19.8,677.05,0.01790666471267292,Low,0.3545519613109238,0
0455-ENTCR,66,Two year,85.25,5538.35,0.01786083583934066,Low,1.5226362553037913,0
7779-ORAEL,45,Two year,75.15,3480.35,0.017858494192739723,Low,1.3420658385843902,0
0023-UYUPN,50,One year,25.2,1306.3,0.01782333966021778,Low,0.44914815943748804,0
0071-NDAFP,25,Two year,25.5,630.6,0.01780231097511422,Low,0.45395892986541264,0
1084-MNSMJ,51,Two year,85.5,4421.95,0.017784237115739766,Low,1.52055227339575,0
0556-FJEGU,58,Two year,70.1,4048.95,0.017772088368762665,Low,1.2458233946502626,0
1265-ZFOSD,64,Two year,81.3,5129.3,0.017720224667510966,Low,1.4406542654686416,0
3638-VBZTA,68,Two year,86.5,5882.75,0.017703088816055965,Low,1.531317182588841,0
1414-YADCW,70,Two year,84.6,5706.2,0.017629828295946247,Low,1.4914834738370524,0
7609-YBPXG,54,Two year,87.1,4735.2,0.01756090643371076,Low,1.5295549503762071,0
7301-ABVAD,72,Two year,86.6,6350.5,0.017549781801134336,Low,1.5198111039782334,0
5622-UEJFI,35,Two year,25.4,949.8,0.01754879130092395,Low,0.4457392990434683,0
5248-KWLAR,71,Two year,90.35,6325.25,0.017547752252596863,Low,1.5854394160221266,0
8469-SNFFH,70,One year,79.4,5528.9,0.017546219218722084,Low,1.3931698059665336,0
6169-PGNCD,57,Two year,74.3,4166.35,0.017530304466487723,Low,1.3025016218600378,0
8050-DVOJX,49,Two year,81.35,4060.9,0.017522827239023753,Low,1.4254819958945821,0
7284-ZZLOH,45,Two year,53.3,2296.25,0.017506272462819324,Low,0.93308432226827,0
2400-XIWIO,71,Two year,90.1,6310.9,0.017458781641672978,Low,1.5730362259147352,0
9385-EHGDO,35,Two year,19.85,739.35,0.017419615144995664,Low,0.34577936062816395,0
8468-FZTOE,72,Two year,74.35,5237.4,0.017404969914347174,Low,1.2940595131317123,0
5986-WWXDV,39,One year,19.35,779.2,0.01740313539445374,Low,0.33675066988267993,0
4487-ZYJZK,38,One year,19.6,763.1,0.01739997023752974,Low,0.3410394166555829,0
3557-HTYWR,47,Two year,74.05,3496.3,0.01734576745569805,Low,1.2844540800944406,0
9102-OXKFY,59,Two year,54.15,3116.15,0.017328412360861783,Low,0.9383335293406655,0
1971-DTCZB,72,Two year,90.95,6468.6,0.017268438867957286,Low,1.5705645150407153,0
6963-EZQEE,70,Two year,88.55,6306.5,0.01726306700218915,Low,1.5286445830438493,0
1506-YJTYT,45,Two year,73.85,3371.0,0.017223830059385575,Low,1.2719798498856247,0
2211-RMNHO,68,Two year,85.3,5560.0,0.01721326710015661,Low,1.4682916836433588,0
4718-WXBGI,72,Two year,91.95,6614.9,0.017209012022473977,Low,1.5823686554664822,0
7815-PDTHL,35,Two year,20.2,684.4,0.01717807522626671,Low,0.34699711957058754,0
6408-WHTEF,72,Two year,89.4,6376.55,0.017164435340325048,Low,1.5345005194250594,0
6685-GBWJZ,63,One year,70.8,4448.8,0.017128743854898588,Low,1.21271506492682,0
9135-MGVPY,69,Two year,84.7,5878.9,0.01710517289682975,Low,1.44880814436148,0
0420-TXVSG,66,Two year,66.1,4428.45,0.017104632324638824,Low,1.1306161966586261,0
1492-KGETH,70,One year,78.35,5445.95,0.017066437047370632,Low,1.3371553426614888,0
6122-LJADA,70,Two year,90.15,6237.05,0.017043948739164975,Low,1.5365119788357227,0
4188-PCPIG,57,Two year,70.35,4124.65,0.017040298874919736,Low,1.1987850258506034,0
4077-HWUYD,72,Two year,87.55,6463.15,0.016996851223661555,Low,1.488074324631569,0
8745-PVESG,57,One year,41.1,2258.25,0.016935858039637867,Low,0.6960637654291164,0
9227-YBAXE,65,Two year,82.5,5215.1,0.016868880897310354,Low,1.391682674028104,0
7164-BPTUT,57,Two year,89.55,5012.35,0.016845027208008418,Low,1.5084721864771538,0
5110-CHOPY,60,Two year,53.6,3237.05,0.016774128609128157,Low,0.8990932934492692,0
9995-HOTOH,63,Two year,59.0,3707.6,0.01675388079388335,Low,0.9884789668391176,0
6546-OPBBH,51,One year,23.95,1216.35,0.016734544607148728,Low,0.400792343341212,0
9392-XBGTD,27,Two year,20.6,581.85,0.016709981848151118,Low,0.34422562607191304,0
2160-GPFXD,54,Two year,65.65,3566.7,0.016696083009623098,Low,1.0960978495817564,0
2805-AUFQN,25,Two year,19.8,475.2,0.016637537628369666,Low,0.3294232450417194,0
6120-RJKLU,62,Two year,79.95,4819.75,0.016627195100787136,Low,1.3293442483079316,0
6741-QRLUP,63,Two year,80.3,4995.35,0.016606551397700047,Low,1.3335060772353138,0
6177-PEVRA,48,Two year,55.5,2627.35,0.016588112563037535,Low,0.9206402472485832,0
5313-FPXWG,51,One year,24.6,1266.4,0.01657540758425931,Low,0.40775502657277907,0
2987-BJXIK,70,Two year,84.7,5991.05,0.01655516562339497,Low,1.4022225283015541,0
9339-FIIJL,72,Two year,85.95,6151.9,0.016551832579894607,Low,1.4226300102419416,0
4609-KNNWG,27,Two year,19.9,550.1,0.01651271252081561,Low,0.32860297916423065,0
0788-DXBFY,58,One year,19.55,1108.8,0.01647281771429252,Low,0.3220435863144188,0
5792-JALQC,52,Two year,59.85,3103.25,0.01646548195526862,Low,0.985459095022827,0
4893-GYUJU,50,One year,19.35,1033.0,0.01642208835529394,Low,0.3177674096749378,0
6810-VCAEX,47,One year,39.65,1798.65,0.016408373281346728,Low,0.6505920006053977,0
2812-REYAT,49,One year,20.05,923.1,0.0163855369269201,Low,0.328530015384748,0
6559-ILWKJ,71,Two year,49.35,3515.25,0.01631501740243931,Low,0.80514610881038,1
1951-IEYXM,72,Two year,90.6,6441.85,0.016298987436649412,Low,1.4766882617604367,0
3398-GCPMU,72,Two year,89.55,6448.85,0.016258973903362697,Low,1.4559911130461294,0
9968-FFVVH,63,One year,68.8,4111.35,0.016220234916350953,Low,1.1159521622449455,0
3508-VLHCZ,71,Two year,90.55,6239.05,0.016215396450445965,Low,1.468304148587882,0
5997-OPVFA,72,Two year,89.05,6254.45,0.01612992415861669,Low,1.4363697463248162,0
5727-MYATE,72,Two year,90.8,6397.6,0.016110984482533536,Low,1.462877391014045,0
8450-LUGUK,37,Two year,24.1,861.85,0.01610977809106088,Low,0.38824565199456723,0
8200-LGKSR,71,Two year,83.2,6126.1,0.01610009796208703,Low,1.3395281504456409,0
5774-QPLTF,50,One year,20.35,938.95,0.01606099212821618,Low,0.3268411898091993,0
3146-MSEGF,72,Two year,88.05,6425.65,0.016051390548644146,Low,1.413324937808117,0
0383-CLDDA,69,Two year,85.35,5897.4,0.015993127267122507,Low,1.365013412248906,0
1972-XMUWV,65,Two year,59.8,3808.2,0.015964239997626035,Low,0.9546615518580369,0
4671-VJLCL,63,Two year,79.85,4861.45,0.015962545597849633,Low,1.274609265988293,0
5248-YGIJN,72,Two year,90.25,6369.45,0.015946888384377304,Low,1.4392066766900518,0
9489-DEDVP,70,Two year,69.2,4872.35,0.01594056037686309,Low,1.1030867780789257,0
7552-KEYGT,27,Two year,19.55,520.55,0.01592625252339492,Low,0.3113582368323707,0
2824-DXNKN,72,Two year,71.45,5025.85,0.015896936528071243,Low,1.1358361149306904,0
6199-IPCAO,29,Two year,26.1,692.55,0.015896899797486597,Low,0.4149090847144002,0
1552-CZCLL,55,Month-to-month,20.0,1087.25,0.015890872488026772,Low,0.31781744976053544,0
5980-BDHPY,72,Two year,87.1,6230.1,0.0158886287146179,Low,1.3838995610432192,0
7850-THJMU,26,Two year,19.65,494.9,0.015870584969407683,Low,0.31185699464886096,0
9435-JMLSX,71,Two year,86.1,6045.9,0.015826504690650476,Low,1.3626620538650058,0
7216-KAOID,41,One year,19.5,798.2,0.01577544857288807,Low,0.3076212471713174,0
0123-CRBRT,61,Two year,88.1,5526.75,0.015708465249491054,Low,1.3839157884801618,0
4518-FZBSX,42,One year,20.25,854.9,0.015671308701392755,Low,0.3173440012032033,0
5993-JSUWV,66,Two year,61.15,4017.45,0.015669525751883816,Low,0.9581914997276954,0
9447-YPTBX,50,One year,19.85,943.1,0.01562803914306104,Low,0.3102165769897616,0
5003-XZWWO,71,Two year,84.2,5956.85,0.015604303700435489,Low,1.3138823715766683,0
6374-AFWOX,46,Two year,65.65,3047.15,0.015545074227480036,Low,1.0205341230340643,0
6701-YVNQG,72,Two year,88.7,6301.7,0.015543815225571843,Low,1.3787364105082225,0
9798-OPFEM,46,Two year,21.1,937.1,0.015535424771007717,Low,0.3277974626682629,0
3935-TBRZZ,44,One year,25.7,1110.5,0.015525436894600715,Low,0.39900372819123836,0
9140-CZQZZ,68,Two year,79.6,5515.8,0.01551020206267817,Low,1.2346120841891823,0
5680-LQOGP,68,Two year,82.45,5646.6,0.015510039964081427,Low,1.2788027950385137,0
5148-ORICT,64,Two year,74.35,4759.55,0.01550974727137332,Low,1.1531497096266063,0
2378-YIZKA,68,Two year,85.0,5607.75,0.015507320101621248,Low,1.3181222086378062,0
9055-MOJJJ,64,One year,65.8,4068.0,0.015420090550293572,Low,1.014641958209317,0
2346-CZYIL,27,Two year,20.35,531.6,0.015265733119782876,Low,0.31065766898758157,0
7110-BDTWG,71,Two year,47.05,3263.6,0.015236974550909329,Low,0.7168996526202839,0
1686-STUHN,42,One year,19.8,849.9,0.01521267870017752,Low,0.3012110382635149,0
4163-HFTUK,51,One year,19.1,1007.8,0.015161780459777079,Low,0.28959000678174224,0
2595-KIWPV,27,Two year,19.7,509.3,0.015128635243383688,Low,0.29803411429465865,0
8218-FFJDS,72,Two year,86.4,6058.95,0.015096772548744277,Low,1.3043611482115056,0
7101-HRBLJ,72,Two year,83.7,6096.9,0.015086041416263631,Low,1.262701666541266,0
0298-XACET,52,Two year,50.2,2554.0,0.015064193061535645,Low,0.7562224916890894,0
8859-AXJZP,39,Two year,23.8,903.8,0.015060631445026795,Low,0.3584430283916377,0
7297-DVYGA,51,One year,19.85,996.95,0.015060490423378063,Low,0.29895073490405455,0
0827-ITJPH,36,Two year,18.55,689.0,0.015039232701882073,Low,0.27897776661991247,0
8125-QPFJD,72,Two year,84.9,6065.3,0.015028336335451323,Low,1.2759057548798174,0
0973-KYVNF,72,Two year,70.65,5011.15,0.015025730439810817,Low,1.0615678555726342,0
3487-EARAT,70,One year,74.1,5222.3,0.014991113153772374,Low,1.1108414846945327,0
0379-DJQHR,67,Two year,81.35,5398.6,0.0149847452165169,Low,1.2190090233636497,0
9418-RUKPH,38,Two year,19.95,756.4,0.014976691065416737,Low,0.2987849867550639,0
5171-EPLKN,27,Two year,19.85,470.0,0.014971625067683897,Low,0.29718675759352536,0
8577-QSOCG,38,Two year,20.2,746.05,0.014948872726514092,Low,0.30196722907558465,0
0625-AFOHS,29,Two year,20.2,558.8,0.014933141293462689,Low,0.3016494541279463,0
3373-DIUUN,30,Two year,21.25,711.9,0.014864225172476566,Low,0.31586478491512704,0
1627-AFWVJ,29,Two year,19.4,554.25,0.01486373457133292,Low,0.2883564506838586,0
9348-ROUAI,59,Two year,90.3,5194.05,0.014862998085399384,Low,1.3421287271115643,0
5249-QYHEX,40,Two year,24.8,1024.7,0.014852679046887567,Low,0.36834644036281167,0
4827-DPADN,72,Two year,83.3,6042.7,0.014832471696485185,Low,1.2355448923172159,0
7639-OPLNG,70,Two year,79.25,5731.85,0.014828164579233015,Low,1.1751320429042165,0
3908-MKIMJ,68,Two year,41.95,2965.75,0.01480342153294183,Low,0.6210035333069098,0
4702-HDRKD,67,One year,49.35,3321.35,0.014745191428876236,Low,0.7276751970150422,0
2192-CKRLV,72,Two year,49.2,3580.95,0.014731964862636799,Low,0.7248126712417305,0
4955-VCWBI,43,One year,20.0,817.95,0.014705409712212745,Low,0.2941081942442549,0
4782-OSFXZ,71,Two year,82.7,5831.2,0.014686027909516959,Low,1.2145345081170527,0
2725-TTRIQ,72,Two year,84.2,5986.55,0.01465532557524982,Low,1.233978413436035,0
4973-MGTON,71,Two year,84.4,5969.3,0.014644814557396345,Low,1.2360223486442516,0
3796-ENZGF,63,Two year,67.25,4234.15,0.014636869069804525,Low,0.9843294449443544,0
9581-GVBXT,59,One year,34.8,1980.3,0.014635856477006335,Low,0.5093278053998204,0
4526-EXKKN,40,Two year,24.6,973.95,0.014629522802381533,Low,0.3598862609385857,0
5494-WOZRZ,71,Two year,82.0,5999.85,0.01462243867718329,Low,1.1990399715290299,0
5458-CQJTA,65,Two year,74.8,4820.15,0.014612238020968638,Low,1.0929954039684542,1
5322-ZSMZY,31,Two year,25.75,755.6,0.014557172403642477,Low,0.3748471893937938,0
2226-ICFDO,72,Two year,85.9,6110.75,0.014557084524762499,Low,1.2504535606770988,0
0674-GCDXG,63,Two year,71.9,4479.2,0.014555167187370793,Low,1.0465165207719602,0
6166-YIPFO,72,Two year,64.7,4746.05,0.014553547039134444,Low,0.9416144934319985,0
6439-PKTRR,70,Two year,80.7,5617.95,0.014547003931824,Low,1.1739432172981967,0
6897-RWMUB,61,Two year,68.05,4158.25,0.014521856370120994,Low,0.9882123259867336,0
4291-TPNFG,72,Two year,82.3,5980.55,0.014513654112396452,Low,1.194473733450228,0
1333-PBMXB,54,One year,24.75,1342.15,0.0144898534617012,Low,0.3586238731771047,0
4774-HHGGS,30,Two year,19.05,637.55,0.014421552993745076,Low,0.2747305845308437,0
3566-CAAYU,64,Two year,49.85,3210.35,0.014409352796800721,Low,0.718306236920516,0
5614-DNZCE,58,Two year,64.9,3795.45,0.014408623262887402,Low,0.9351196497613925,0
8661-BOYNW,72,Two year,84.4,6096.45,0.014406994887140766,Low,1.2159503684746809,0
9110-HSGTV,69,Two year,82.45,5555.3,0.014347913620721442,Low,1.182985478028483,0
6656-GULJQ,72,Two year,83.55,6093.3,0.014342626487544618,Low,1.1983264430343528,0
7103-ZGVNT,69,One year,73.7,4885.85,0.014341864708488396,Low,1.0569954290155947,0
7665-NKLAV,36,Two year,40.65,1547.35,0.014329024226094274,Low,0.5824748347907323,0
7029-IJEJK,54,One year,44.1,2369.7,0.014312273494548975,Low,0.6311712611096099,0
1270-XKUCC,30,Two year,19.7,599.25,0.014305981248861515,Low,0.2818278306025718,0
4641-FROLU,30,Two year,19.3,602.9,0.014296525674975245,Low,0.27592294552702223,0
5930-GBIWP,69,Two year,81.5,5553.25,0.014282199092761697,Low,1.1639992260600782,0
3227-WLKLI,65,Two year,91.55,5963.95,0.01425044386258263,Low,1.3046281356194398,0
5125-CNDSP,63,One year,40.6,2588.95,0.014244961985539586,Low,0.5783454566129073,0
3050-RLLXC,56,Two year,81.25,4620.4,0.01423389357911678,Low,1.1565038533032383,0
1839-FBNFR,39,Two year,19.85,854.8,0.01422759959484366,Low,0.2824178519576467,0
4538-WNTMJ,46,One year,24.95,1165.9,0.014161993973078974,Low,0.3533417496283204,0
9067-SQTNS,44,One year,20.6,926.0,0.014049237979420955,Low,0.2894143023760717,0
5480-XTFFL,31,Two year,21.0,697.7,0.014037092229313,Low,0.294778936815573,0
9755-JHNMN,49,Two year,67.4,3306.85,0.014031751205339916,Low,0.9457400312399104,0
1027-LKKQQ,72,Two year,80.45,5886.85,0.01402541029712986,Low,1.1283442584040972,0
5135-RDDQL,63,Two year,50.65,3221.25,0.014008739838930548,Low,0.7095426728418323,0
4884-LEVMQ,39,Two year,20.45,790.0,0.014005577500945806,Low,0.2864140598943417,0
3308-JSGML,59,Two year,64.05,3886.85,0.013982171098061923,Low,0.8955580588308661,0
2882-WDTBA,69,Two year,75.75,5388.15,0.013972695483583377,Low,1.0584316828814408,0
7975-JMZNT,66,Two year,91.7,6075.9,0.013967852614394512,Low,1.2808520847399767,0
5266-PFRQK,52,One year,20.85,1071.6,0.0139605819168868,Low,0.2910781329670898,0
5736-YEJAX,69,Two year,79.45,5502.55,0.013958150407856626,Low,1.108975049904209,0
7649-SIJJF,71,Two year,80.1,5585.4,0.013916534720920692,Low,1.1147144311457473,0
4584-LBNMK,45,One year,24.7,1174.35,0.01385646266307488,Low,0.3422546277779495,0
6248-TKCQV,70,Two year,80.6,5460.2,0.013814037337587091,Low,1.1134114094095195,0
5124-EOGYE,31,Two year,20.45,638.55,0.013772925570591262,Low,0.2816563279185913,0
1269-FOYWN,44,One year,20.0,860.85,0.013758639148250021,Low,0.2751727829650004,0
5067-WJEUN,67,Two year,54.2,3838.2,0.013731537346623392,Low,0.7442493241869879,0
5642-MHDQT,53,One year,19.85,1039.45,0.013730893682831168,Low,0.27255823960419867,0
5451-MHQOF,56,One year,24.45,1431.65,0.013727581476794632,Low,0.33563936710762876,0
4012-YCFAI,60,Two year,61.35,3766.2,0.013674028964971238,Low,0.8389016770009855,0
6953-PBDIN,70,Two year,72.95,5265.55,0.013549840260248419,Low,0.9884608469851222,0
3911-RSNHI,71,Two year,61.4,4310.35,0.01353727713895728,Low,0.8311888163319769,0
7306-YDSOI,69,Two year,59.75,4069.9,0.013517809860585091,Low,0.8076891391699592,0
3108-PCCGG,72,Two year,84.45,5899.85,0.01346827868836135,Low,1.137396135232116,0
8098-TDCBU,42,Two year,25.25,1108.2,0.013458039034568714,Low,0.33981548562286,0
2234-EOFPT,72,Two year,79.35,5753.25,0.013444273498259445,Low,1.066803102086887,0
7205-BAIAD,40,Two year,20.6,827.3,0.0134418178943803,Low,0.2769014486242342,0
9823-EALYC,72,Two year,80.85,5727.45,0.01343171511537484,Low,1.0859541670780557,0
6265-FRMTQ,31,Two year,20.4,609.1,0.013299692241254164,Low,0.2713137217215849,0
7321-KKSDU,32,Two year,20.5,696.8,0.013291131139504678,Low,0.2724681883598459,0
9585-KKMFD,41,Two year,20.0,879.8,0.01326114765145753,Low,0.2652229530291506,0
1716-LSAMB,45,Two year,54.65,2553.7,0.013250294648892897,Low,0.7241286025619968,0
0839-QNXME,30,Two year,19.4,578.5,0.013173167201360142,Low,0.2555594437063867,0
4597-ELFTS,56,One year,24.9,1334.0,0.013120078073278366,Low,0.3266899440246313,1
9488-FVZCC,72,Two year,79.5,5661.7,0.01310984318372996,Low,1.0422325331065319,0
3166-PNEOF,61,Two year,86.45,5175.3,0.013103441310076208,Low,1.1327925012560882,0
8413-YNHNV,69,Two year,90.65,6322.1,0.013084893135112297,Low,1.1861455626979298,0
6870-ZWMNX,70,Two year,76.1,5264.25,0.013070680524325447,Low,0.9946787879011665,0
1194-BHJYC,61,Two year,62.15,3778.85,0.013068364102584929,Low,0.8121988289756533,0
7359-SSBJK,64,Two year,70.2,4481.0,0.013067197264089224,Low,0.9173172479390636,1
3572-UUHRS,45,One year,18.85,867.3,0.013018483231368224,Low,0.24539840891129105,0
5231-FIQPA,41,Two year,19.85,810.45,0.012995967560024555,Low,0.2579699560664874,0
8174-LNWMW,31,Two year,20.9,689.35,0.012981572209617312,Low,0.2713148591810018,0
2122-SZZZD,44,One year,19.5,835.5,0.012980516278163642,Low,0.253120067424191,0
8148-NLEGT,42,Two year,22.95,1014.25,0.01297919210626384,Low,0.2978724588387551,0
6549-BTYPG,60,Two year,60.8,3603.45,0.01293310686993836,Low,0.7863328976922523,0
3521-HTQTV,34,Two year,26.1,980.35,0.01293300421915984,Low,0.33755141012007184,0
4635-EJYPD,32,Two year,18.95,613.95,0.012899221846013068,Low,0.24444025398194763,0
8819-WFGGJ,68,Two year,54.1,3794.5,0.012867276010295718,Low,0.6961196321569983,0
7139-JZFVG,60,Two year,60.5,3694.45,0.01284600412105922,Low,0.7771832493240828,0
6922-NCEDI,56,One year,21.2,1238.65,0.012822772268855174,Low,0.2718427720997297,0
8958-JPTRR,56,One year,24.3,1261.7,0.012822548924435476,Low,0.31158793886378205,0
6288-CHQJB,54,Two year,69.95,3871.85,0.012809601430790001,Low,0.8960316200837606,0
6974-DAFLI,55,One year,19.7,1140.05,0.01280323176872322,Low,0.2522236658438474,0
1221-GHZEP,62,Two year,65.1,3846.75,0.012801409245582195,Low,0.8333717418874008,0
0839-JTCUD,66,Two year,89.9,5958.85,0.012771034400539777,Low,1.148115992608526,0
5320-BRKGK,58,Two year,75.8,4415.75,0.0127530308065991,Low,0.9666797351402118,0
1139-WUOAH,57,Two year,53.35,3090.05,0.012682683943501865,Low,0.6766211883858245,0
2137-DQMEV,68,One year,44.8,2983.65,0.012660661886706762,Low,0.5671976525244629,0
3500-NSDOA,68,Two year,70.8,4859.95,0.012659671323693916,Low,0.8963047297175293,0
5196-WPYOW,67,One year,60.05,3994.05,0.012602053057689536,Low,0.7567532861142566,0
8859-DZTGQ,33,Two year,20.35,689.75,0.012581098151350407,Low,0.2560253473799808,0
8722-PRFDV,71,Two year,77.55,5574.35,0.012573416682269028,Low,0.9750684637099631,0
2296-DKZFP,65,Two year,71.0,4386.2,0.012569217892855646,Low,0.8924144703927509,0
2324-AALNO,48,One year,24.55,1203.95,0.012536411056994793,Low,0.3077688914492222,0
8597-CTXVJ,70,One year,64.95,4551.5,0.01253578941386126,Low,0.8141995224302888,0
6283-GITPX,71,Two year,76.9,5522.7,0.01250888898497651,Low,0.9619335629446937,0
3769-MHZNV,33,Two year,20.1,670.35,0.012499157116520138,Low,0.25123305804205476,0
1866-DIOQZ,71,One year,66.8,4689.15,0.012465624348948644,Low,0.8327037065097694,0
3933-DQPWX,50,Two year,39.7,1932.75,0.012451875917442975,Low,0.4943394739224862,0
6418-PIQSP,62,Two year,81.0,4985.9,0.012422736120557436,Low,1.0062416257651523,0
4213-HKBJO,33,Two year,25.7,826.1,0.012401982093487805,Low,0.31873093980263656,0
5656-MJEFC,42,Two year,48.15,2032.3,0.012394440153626639,Low,0.5967922933971226,0
8902-ZEOVF,47,One year,20.05,951.55,0.012392810529577924,Low,0.24847585111803738,0
7799-LGRDP,43,Two year,25.7,1188.2,0.012378624733871996,Low,0.3181306556605103,0
6586-MYGKD,70,Two year,76.95,5289.8,0.012344406759433501,Low,0.9499021001384079,0
0244-LGNFY,72,Two year,92.65,6733.0,0.012336405797675441,Low,1.1429679971546296,0
4654-ULTTN,70,Two year,74.8,5315.8,0.012322710054840872,Low,0.9217387121020972,0
4849-PYRLQ,56,Two year,73.25,4054.2,0.012317723150415707,Low,0.9022732207679506,0
5329-KRDTM,72,Two year,77.35,5396.25,0.012284458462839754,Low,0.950202862100655,0
1371-OJCEK,48,One year,24.35,1133.7,0.012279822026521768,Low,0.29901366634580506,0
4825-FUREZ,42,Two year,20.25,835.5,0.012200361472923481,Low,0.2470573198267005,0
5542-NKVRU,42,Two year,20.75,844.45,0.012173672559309495,Low,0.252603705605672,0
2885-HIJDH,69,Two year,86.9,6194.1,0.012097342443316233,Low,1.0512590583241808,0
8690-ZVLCL,68,Two year,88.0,6161.9,0.012083666309464901,Low,1.0633626352329113,0
3079-BCHLN,47,One year,19.9,942.95,0.012032003954754055,Low,0.23943687869960567,0
3957-SQXML,34,Two year,24.95,894.3,0.01196066003588213,Low,0.29841846789525917,0
2990-IAJSV,72,Two year,92.0,6632.75,0.011959097868646436,Low,1.100237003915472,0
5126-RCXYW,54,Two year,46.0,2424.05,0.01191752596308304,Low,0.5482061943018198,0
3533-UVMOM,68,Two year,70.95,4741.45,0.01187467986040598,Low,0.8425085360958043,0
0979-MOZQI,62,Two year,39.0,2337.45,0.0118630473071721,Low,0.4626588449797119,0
2332-TODQS,48,One year,25.05,1171.5,0.011852974637497134,Low,0.2969170146693032,0
7398-HPYZQ,71,Two year,90.55,6404.0,0.011740781476721453,Low,1.0631277627171276,0
1676-MQAOA,72,Two year,75.1,5336.35,0.01173864980767555,Low,0.8815726005564337,0
7197-VOJMM,67,Two year,69.2,4671.65,0.011737397387770127,Low,0.8122278992336928,0
9620-QJREV,47,One year,20.55,1013.05,0.01171765889374857,Low,0.24079789026653314,0
5377-NDTOU,71,Two year,91.05,6293.75,0.011711064133877768,Low,1.0662923893895708,0
7560-QRBXH,48,One year,19.95,936.7,0.011706854418606555,Low,0.23355174565120077,0
3967-KXAPS,72,Two year,92.3,6719.9,0.011685539643194411,Low,1.0785753090668442,0
4121-AGSIN,58,One year,24.5,1497.9,0.011684669640146046,Low,0.28627440618357813,0
7073-QETQY,66,One year,20.35,1359.5,0.011681053477286063,Low,0.2377094382627714,0
5176-OLSKT,66,Two year,66.9,4370.25,0.01167054012613116,Low,0.7807591344381747,0
4896-CPRPF,35,Two year,25.45,809.25,0.011662837435832032,Low,0.29681921274192524,0
2176-LVPNX,71,Two year,89.85,6293.45,0.011650705739838344,Low,1.0468159107244752,0
2511-ALLCS,35,Two year,24.3,821.6,0.011646736313949812,Low,0.28301569242898045,0
3779-OSWCF,71,Two year,93.2,6506.15,0.011636145833401758,Low,1.084488791673044,0
8859-YSTWS,48,One year,19.95,1004.5,0.011621223072380104,Low,0.23184340029398307,0
4701-LKOZD,70,Two year,89.75,6367.2,0.011618396553967184,Low,1.0427510907185549,0
4676-WLUHT,54,Two year,46.2,2431.95,0.011587018090686496,Low,0.5353202357897161,0
1568-BEKZM,70,Two year,90.05,6333.4,0.011522594173158113,Low,1.037609605292888,0
1970-KKFWL,35,Two year,23.3,797.1,0.011517497041018926,Low,0.268357681055741,0
5117-ZSMHQ,71,Two year,89.9,6342.7,0.011507452408016738,Low,1.0345199714807047,0
6152-ONASV,68,One year,58.25,3975.7,0.011498813675907788,Low,0.6698058966216287,0
8292-ITGYJ,45,Two year,24.65,1138.8,0.011495259020593706,Low,0.28335813485763484,0
6461-SZMCV,71,Two year,87.95,6365.35,0.011486067644887722,Low,1.010199649367875,0
2729-VNVAP,33,Two year,19.8,641.35,0.011480948199567218,Low,0.22732277435143092,0
9066-QRSDU,69,One year,26.3,1763.55,0.011476406006761343,Low,0.30182947797782333,0
4254-QPEDE,52,Two year,66.25,3330.1,0.011440520236266112,Low,0.7579344656526299,0
3084-DOWLE,72,Two year,92.0,6474.4,0.01143585691218865,Low,1.052098835921356,0
3569-JFODW,72,Two year,90.95,6652.45,0.011399550437260776,Low,1.0367891122688675,0
5879-HMFFH,72,Two year,88.05,6520.8,0.011394517954191111,Low,1.0032873058665273,0
6463-MVYRY,57,Two year,69.85,4003.0,0.011357079964326704,Low,0.7932920355082203,0
6203-HBZPA,52,Two year,63.9,3334.95,0.011342717944538144,Low,0.7247996766559874,0
4674-HGNUA,71,Two year,89.9,6457.15,0.011316811762894133,Low,1.0173813774841827,0
2969-VAPYH,67,One year,60.5,3870.0,0.011304625402845722,Low,0.6839298368721662,0
1985-MBRYP,43,Two year,19.65,779.25,0.01128929565345028,Low,0.22183465959029797,0
7601-GNDYK,35,Two year,19.6,686.95,0.011286040099171269,Low,0.22120638594375688,0
6169-PPETC,35,Two year,20.5,759.35,0.011260891746982842,Low,0.23084828081314826,0
9631-RXVJM,35,Two year,19.25,677.9,0.01124052476459364,Low,0.2163801017184276,0
5845-BZZIB,35,Two year,20.1,655.3,0.011209247516387197,Low,0.22530587507938268,0
4102-HLENU,67,Two year,65.65,4322.85,0.011162083129485087,Low,0.732790757450696,0
9489-JMTTN,72,Two year,89.75,6595.9,0.011161893041347872,Low,1.0017799004609715,0
9769-TSBZE,70,Two year,66.0,4891.5,0.011135868304791081,Low,0.7349673081162114,0
3889-VWBID,68,Two year,82.85,5776.45,0.011135854096281353,Low,0.9226055118769101,0
7945-PRBVF,35,Two year,21.45,705.45,0.011135357902067619,Low,0.23885342699935042,0
9281-CEDRU,68,Two year,64.1,4326.25,0.011115245904601093,Low,0.71248726248493,0
0363-SVHYR,71,Two year,86.85,6263.8,0.0111091771387842,Low,0.9648320345034078,0
3399-BMLVW,51,Two year,60.5,3121.45,0.011091597942999076,Low,0.6710416755514441,0
2194-IIQOF,71,Two year,89.3,6388.65,0.0110716055094726,Low,0.9886943719959032,0
1775-KWJKQ,72,Two year,89.85,6562.9,0.011062935543767952,Low,0.9940047586075504,0
6813-GZQCG,45,Two year,24.65,1171.3,0.011045946392348386,Low,0.2722825785713877,0
7162-WPHPM,58,Two year,71.6,4230.25,0.011023876854581217,Low,0.7893095827880151,0
6551-VLJMV,34,Two year,20.05,679.0,0.011023437029217546,Low,0.2210199124358118,0
9068-VPWQQ,61,Two year,75.35,4729.3,0.011022218690519246,Low,0.8305241783306252,0
8990-YOZLV,69,Two year,66.9,4577.9,0.010994292066961089,Low,0.7355181392796969,0
9888-ZCUMM,64,Two year,60.05,3845.45,0.010986238291676182,Low,0.6597236094151547,0
6625-IUTTT,67,Two year,65.55,4361.55,0.010984949455829543,Low,0.7200634368296265,0
3067-SVMTC,68,One year,55.9,3848.8,0.010983746461126334,Low,0.6139914271769621,0
5317-FLPJF,66,Two year,61.35,4193.4,0.010976632529039637,Low,0.6734164056565818,0
3913-FCUUW,72,Two year,70.45,5165.7,0.010967702278168925,Low,0.7726746254970007,0
6814-ZPWFQ,51,One year,25.0,1260.7,0.010908568340595313,Low,0.2727142085148828,0
7408-OFWXJ,72,Two year,89.8,6510.45,0.010897779543612325,Low,0.9786206030163868,0
8966-KZXXA,36,Two year,25.1,930.95,0.010890603250230996,Low,0.273354141580798,0
6384-VMJHP,72,Two year,73.0,5265.2,0.010857135282434089,Low,0.7925708756176885,0
8404-VIOMB,66,Two year,62.5,4136.4,0.010853920261957504,Low,0.678370016372344,0
2925-VDZHY,72,Two year,88.7,6501.35,0.01081920717849789,Low,0.9596636767327628,0
0730-BGQGF,71,Two year,90.3,6287.3,0.010804536197682667,Low,0.9756496186507448,0
8580-QVLOC,72,Two year,92.45,6440.25,0.010804274896212815,Low,0.9988552141548748,1
6365-HITVU,71,Two year,87.25,6328.7,0.010791337963790382,Low,0.9415442373407109,0
0048-PIHNL,49,One year,20.45,900.9,0.010732701818759528,Low,0.21948375219363234,0
2451-YMUXS,67,Two year,64.55,4250.1,0.01072930507628204,Low,0.6925766426740056,0
6701-DHKWQ,61,Two year,51.35,3244.4,0.010654612632160006,Low,0.5471143586614163,0
8430-TWCBX,49,One year,20.7,1032.05,0.010615980335783641,Low,0.21975079295072136,0
3451-VAWLI,35,Two year,19.7,730.4,0.010598207883608858,Low,0.2087846953070945,0
4475-NVTLU,45,Two year,19.2,903.7,0.01058259953392028,Low,0.20318591105126935,0
3902-MIVLE,63,Two year,75.7,4676.7,0.010562840627121576,Low,0.7996070354731033,0
2642-MAWLJ,36,Two year,20.25,717.95,0.010550622367252306,Low,0.21365010293685918,0
9624-EGDEQ,37,Two year,19.8,813.3,0.010542037538809257,Low,0.2087323432684233,0
2208-MPXIO,45,Two year,20.0,886.4,0.010494638580540814,Low,0.20989277161081626,0
8917-FAEMR,37,Two year,19.85,784.25,0.01045798134600177,Low,0.20759092971813517,0
5846-NEQVZ,71,Two year,70.85,4973.4,0.01043928222609551,Low,0.7396231457188668,0
4915-BFSXL,70,Two year,68.95,4858.7,0.010436082233874707,Low,0.7195678700256611,0
9453-PATOS,72,Two year,85.1,6155.4,0.010421038577680793,Low,0.8868303829606354,0
0744-BIKKF,72,Two year,86.65,6224.8,0.010417654210274182,Low,0.9026897373202579,0
2589-AYCRP,50,One year,19.75,989.05,0.010410946734368487,Low,0.20561619800377762,0
6885-PKOAM,71,Two year,85.75,6223.8,0.01040944357625821,Low,0.8926097866641416,0
7873-CVMAW,72,Two year,88.55,6362.35,0.01039549028474509,Low,0.9205206647141777,0
3219-JQRSL,72,Two year,89.1,6352.4,0.010390477277465782,Low,0.9257915254222011,0
2428-HYUNX,44,Two year,19.35,847.25,0.010384809050751275,Low,0.20094605513203717,0
0238-WHBIQ,72,Two year,89.7,6339.3,0.010378416280296579,Low,0.9309439403426032,0
5296-BFCYD,46,Two year,20.1,936.85,0.010377926502807654,Low,0.20859632270643386,0
0739-UUAJR,72,Two year,53.8,3952.45,0.01037716841232337,Low,0.5582916605829973,0
4194-FJARJ,54,Two year,60.0,3273.95,0.010371867894371471,Low,0.6223120736622882,0
7596-ZYWBB,65,Two year,59.6,3739.8,0.010370678717001381,Low,0.6180924515332823,0
4825-XJGDM,61,One year,43.7,2696.55,0.010345000091415368,Low,0.4520765039948516,0
2796-NNUFI,46,Two year,19.95,927.1,0.010342757838006875,Low,0.20633801886823716,0
6997-UVGOX,71,Two year,85.45,6029.9,0.010336560091452882,Low,0.8832590598146488,0
0506-YLVKJ,46,Two year,20.2,917.45,0.010325501266742351,Low,0.2085751255881955,0
8219-VYBVI,39,Two year,25.0,1004.35,0.010243547585731502,Low,0.25608868964328757,0
2821-WARNZ,49,One year,19.45,921.3,0.010234138055309119,Low,0.19905398517576234,0
9732-OUYRN,49,One year,19.0,918.7,0.010207110262975206,Low,0.19393509499652892,0
8874-EJNSR,39,Two year,25.2,987.95,0.010204777137835519,Low,0.2571603838734551,0
6695-AMZUF,70,Two year,86.45,5950.2,0.010182698786634654,Low,0.8802943101045658,0
8249-THVEC,51,One year,19.4,997.75,0.010154851253918021,Low,0.19700411432600962,0
8374-UULRV,72,Two year,86.05,6309.65,0.01013360801353602,Low,0.8719969695647745,0
0206-OYVOC,46,Two year,19.25,864.2,0.01013018979416908,Low,0.1950061535377548,0
6479-SZPLM,36,Two year,19.45,754.5,0.010115093400610887,Low,0.19673856664188175,0
5310-NOOVA,46,Two year,19.95,907.05,0.0100837419194583,Low,0.20117065129319306,0
6479-VDGRK,72,Two year,85.3,6129.2,0.010081745285301504,Low,0.8599728728362183,0
5766-FTRTS,72,Two year,84.45,6033.1,0.010038874184780883,Low,0.8477829249047456,0
7696-CFTAT,37,Two year,19.8,726.1,0.010015802221345418,Low,0.1983128839826393,0
4999-IEZLT,66,One year,29.45,1983.15,0.009975248982789153,Low,0.29377108254314055,0
2649-HWLYB,65,Two year,76.15,4929.55,0.009968387895365824,Low,0.7590927382321075,0
2888-ADFAO,47,Two year,21.3,1041.8,0.009929461422548523,Low,0.21149752830028354,0
9602-WCXPI,50,One year,20.15,989.05,0.009928829682117283,Low,0.20006591809466323,0
3251-YMVWZ,53,One year,24.05,1301.9,0.00989818312524389,Low,0.23805130416211556,0
9650-VBUOG,38,Two year,25.05,963.95,0.009896677852077146,Low,0.24791178019453253,0
5176-LMJXE,47,Two year,20.55,945.7,0.009891427579234661,Low,0.20326883675327231,0
8146-QQKZH,71,Two year,81.85,5924.4,0.009880473890023122,Low,0.8087167878983925,0
3795-GWTRD,63,Two year,75.55,4707.85,0.009873691508675798,Low,0.7459573934804565,0
0582-AVCLN,38,Two year,20.3,743.05,0.009827556189467448,Low,0.1994993906461892,0
2300-RQGOI,38,Two year,20.05,741.5,0.009812829773927537,Low,0.19674723696724714,0
2384-OVPSA,38,Two year,20.2,735.9,0.009803525082087915,Low,0.1980312066581759,0
3486-HOOGQ,70,Two year,79.7,5743.3,0.009802295129280731,Low,0.7812429218036743,0
5457-COLHT,69,Two year,80.65,5542.55,0.009798847805833505,Low,0.7902770755404722,0
8181-YHCMF,68,Two year,60.3,4109.0,0.00979279395977637,Low,0.5905054757745151,0
5803-NQJZO,72,Two year,67.8,4804.65,0.009792059005247203,Low,0.6639016005557603,0
8191-XWSZG,52,One year,20.65,1022.95,0.009756678742927396,Low,0.20147541604145072,0
3745-HRPHI,66,Two year,54.65,3632.0,0.009744110501626529,Low,0.5325156389138898,0
7860-UXCRM,63,Two year,74.5,4674.55,0.009737573085783557,Low,0.725449194890875,0
8631-NBHFZ,66,Two year,79.4,5154.6,0.009731255593760755,Low,0.7726616941446041,1
4079-WWQQQ,72,Two year,65.55,4807.45,0.009706696641048918,Low,0.6362739648207565,0
6695-FRVEC,67,Two year,60.4,3953.7,0.009694000547764809,Low,0.5855176330849944,0
6119-SPUDB,46,Two year,38.25,1755.35,0.009612254445786722,Low,0.36766873255134214,0
0442-TDYUO,48,Two year,20.05,1036.0,0.00960864372099119,Low,0.19265330660587338,0
0230-WEQUW,66,Two year,56.6,3789.2,0.009595157456629613,Low,0.543085912045236,0
4837-PZTIC,47,Two year,41.9,1875.25,0.009583316357655832,Low,0.40154095538577933,0
1087-GRUYI,38,Two year,20.4,743.5,0.00957534744545002,Low,0.1953370878871804,0
4723-BEGSG,72,Two year,86.65,6094.25,0.009558516090795355,Low,0.8282454192674176,0
9710-NJERN,39,Two year,20.15,826.0,0.009540897402871206,Low,0.1922490826678548,0
6762-QVYJO,58,Two year,59.75,3624.35,0.009525861006527327,Low,0.5691701951400078,0
5095-ETBRJ,55,Two year,56.8,3112.05,0.009523905181615252,Low,0.5409578143157463,0
8204-YJCLA,72,Two year,64.8,4732.35,0.009472278906190875,Low,0.6138036731211687,0
5915-ANOEI,70,Two year,79.15,5536.5,0.009471481861312173,Low,0.7496677893228585,0
8039-ACLPL,72,Two year,68.75,4888.2,0.009467816410824567,Low,0.650912378244189,0
7560-QJAVJ,70,Two year,79.6,5589.45,0.009380493110920204,Low,0.7466872516292482,0
5804-JMYIO,39,Two year,19.75,757.95,0.009342926649243005,Low,0.18452280132254933,0
5360-XGYAZ,72,Two year,65.65,4664.5,0.009325604433872247,Low,0.612225931083713,0
0885-HMGPY,62,Two year,69.4,4237.5,0.009320305283204978,Low,0.6468291866544255,0
0784-GTUUK,62,One year,23.75,1446.8,0.009309225600261236,Low,0.22109410800620435,0
0301-FIDRB,72,Two year,63.8,4684.3,0.009304675512655753,Low,0.593638297707437,0
8338-QIUNR,72,Two year,66.5,4811.6,0.009289441179138092,Low,0.6177478384126831,0
8626-PTQGE,69,Two year,60.05,4176.7,0.009283570359652278,Low,0.5574784000971192,0
2274-XUATA,72,Two year,63.1,4685.55,0.009280348162009417,Low,0.5855899690227943,0
1209-VFFOC,68,Two year,56.4,3948.45,0.009273277785620595,Low,0.5230128671090015,0
1116-FRYVH,48,Two year,39.4,1978.65,0.009264854596892904,Low,0.36503527111758044,0
9795-SHUHB,66,Two year,58.2,3810.8,0.00925365371982191,Low,0.5385626464936352,0
7998-WNZEM,71,Two year,80.6,5708.2,0.009244602514861908,Low,0.7451149626978697,0
9361-YNQWJ,64,One year,24.4,1601.2,0.009223076055405028,Low,0.22504305575188266,0
9674-EHPPG,46,Two year,40.4,1842.7,0.009218335204633322,Low,0.3724207422671862,0
3938-YFPXD,72,Two year,84.3,5997.1,0.009206815625663837,Low,0.7761345572434614,0
2954-PIBKO,69,Two year,64.15,4254.1,0.009192780869292958,Low,0.5897168927651433,0
2996-XAUVF,70,Two year,40.05,2799.75,0.009169831911872248,Low,0.3672517680704835,0
7781-HVGMK,72,Two year,65.2,4784.45,0.009167538620424232,Low,0.59772351805166,0
3712-PKXZA,61,One year,20.55,1252.0,0.009158831389762317,Low,0.18821398505961562,0
9091-WTUUY,64,Two year,69.25,4447.75,0.009140581478785277,Low,0.6329852674058805,0
3400-ESFUW,55,Two year,57.55,3046.4,0.009132471044060312,Low,0.525573708585671,1
3071-MVJCD,72,Two year,82.3,5815.15,0.009107291624526512,Low,0.7495301006985319,0
9242-TKFSV,72,Two year,65.1,4754.3,0.009085718514027024,Low,0.5914802752631592,0
0988-AADSA,72,Two year,80.85,5824.75,0.009076034058158367,Low,0.733797353602104,0
8908-NMQTX,72,Two year,65.6,4566.5,0.009068379357772568,Low,0.5948856858698804,0
3472-QPRCH,40,Two year,25.25,1006.9,0.009027601840209828,Low,0.22794694646529817,0
6532-YLWSI,53,One year,20.8,1021.8,0.009018145878205337,Low,0.187577434266671,1
4735-BJKOU,40,Two year,20.15,804.85,0.008999109632381059,Low,0.18133205909247832,0
1106-HRLKZ,40,Two year,19.6,808.95,0.008988548280967647,Low,0.1761755463069659,0
5275-PMFUT,72,Two year,64.8,4719.75,0.00898576883835214,Low,0.5822778207252186,0
0214-JHPFW,70,Two year,57.8,4039.3,0.008984626184687344,Low,0.5193113934749285,0
9170-ARBTB,52,One year,19.6,1012.4,0.008978163615906077,Low,0.17597200687175912,0
3262-EIDHV,72,Two year,84.7,5893.9,0.008956759458521535,Low,0.758637526136774,0
7872-BAAZR,53,One year,19.55,1007.9,0.00893514165181563,Low,0.17468201929299557,0
4933-BSAIP,40,Two year,19.1,780.1,0.008896465662849996,Low,0.16992249416043495,0
0277-ORXQS,66,Two year,50.55,3364.55,0.008877416738411902,Low,0.4487534161267216,0
7860-KSUGX,72,Two year,64.45,4720.0,0.008863983164690207,Low,0.5712837149642839,0
9065-ZCPQX,72,Two year,78.85,5763.15,0.008843574089944744,Low,0.6973158169921431,0
7898-PDWQE,71,Two year,80.4,5727.15,0.00884092004762364,Low,0.7108099718289407,0
1837-YQUCE,70,Two year,58.35,4214.25,0.008839067706730035,Low,0.5157596006876976,0
2263-SFSQZ,51,Two year,24.95,1222.25,0.008835682802554715,Low,0.22045028592374014,0
0114-IGABW,71,Two year,58.25,4145.9,0.00880339776684396,Low,0.5127979199186607,0
0567-XRHCU,69,Two year,43.95,2960.1,0.008795100738577368,Low,0.3865446774604753,0
5456-ITGIC,72,Two year,64.45,4641.1,0.008774688074633372,Low,0.5655286464101208,0
4900-MSOMT,72,Two year,80.2,5714.2,0.008771916753931188,Low,0.7035077236652812,0
9503-XJUME,52,One year,19.65,928.4,0.008768865876918169,Low,0.172308214481442,0
4967-WPNCF,72,Two year,63.7,4464.8,0.008739991095753862,Low,0.556737432799521,0
0318-ZOPWS,49,Two year,20.15,973.35,0.008725935362126307,Low,0.17582759754684507,0
5006-MXVRN,39,Two year,20.7,762.45,0.008707559270672169,Low,0.1802464769029139,0
9068-FHQHD,40,Two year,20.15,777.35,0.008695107438035705,Low,0.17520641487641944,0
1722-LDZJS,53,One year,20.2,1068.15,0.008676737942896036,Low,0.17527010644649993,0
8402-OOOHJ,41,Two year,20.65,835.15,0.008630818652713469,Low,0.1782264051785331,0
8336-TAVKX,72,Two year,78.45,5682.25,0.008628466385476163,Low,0.676903187940605,0
0617-AQNWT,64,Two year,47.85,3147.5,0.008620496725442902,Low,0.41249076831244286,1
8205-VSLRB,70,Two year,77.3,5498.2,0.008617911735000894,Low,0.6661645771155691,0
4334-HOWRP,72,Two year,64.95,4546.0,0.008559523274050483,Low,0.555941036649579,0
2251-PYLPB,72,Two year,79.55,5810.9,0.008559242873750091,Low,0.6808877706068197,0
3097-FQTVJ,41,Two year,20.0,810.3,0.00854661057409126,Low,0.1709322114818252,0
6000-UKLWI,41,Two year,20.15,802.35,0.00853281086025509,Low,0.17193613883414005,0
9114-DPSIA,72,Two year,81.0,5750.0,0.00846475729970111,Low,0.6856453412757898,0
0230-UBYPQ,63,One year,36.1,2298.9,0.008464205495514899,Low,0.3055578183880879,0
2208-NKVVH,43,Two year,24.25,1077.95,0.008452245448364492,Low,0.20496695212283894,0
9451-WLYRI,53,One year,19.05,990.45,0.008446374873929303,Low,0.16090344134835324,0
0608-JDVEC,50,Two year,19.8,1013.2,0.008418716532272566,Low,0.1666905873389968,0
9588-YRFHY,49,Two year,19.9,1022.6,0.008414906987454757,Low,0.16745664905034965,0
9443-JUBUO,72,Two year,65.25,4478.85,0.008408858462652007,Low,0.5486780146880434,0
9481-WHGWY,70,Two year,75.35,5437.75,0.00840160877475567,Low,0.6330612211778397,0
0362-RAOQO,40,Two year,19.65,830.25,0.008384936299748309,Low,0.16476399829005425,0
8234-GSZYK,43,Two year,26.45,1110.05,0.008383751538849307,Low,0.22175022820256418,0
3470-OBUET,67,Two year,74.0,4868.4,0.008321515671089517,Low,0.6157921596606243,0
9786-YWNHU,63,Two year,63.55,4014.2,0.008315747940420273,Low,0.5284657816137083,0
6723-CEGQI,65,Two year,45.25,2933.95,0.008314831956822685,Low,0.3762461460462265,0
4644-OBGFZ,55,One year,19.5,1026.35,0.008302654793825356,Low,0.16190176847959445,0
3429-IFLEM,71,Two year,77.35,5550.1,0.008299970701588152,Low,0.6420027337678436,0
9938-PRCVK,41,Two year,19.7,804.25,0.008297551126332545,Low,0.16346175718875114,0
0732-OCQOC,52,Two year,25.05,1270.25,0.008279125157589795,Low,0.2073920851976244,0
3813-DHBBB,67,Two year,50.95,3521.7,0.008239827525827909,Low,0.41981921244093195,0
8922-NPKBJ,42,Two year,19.35,867.3,0.008218700434358982,Low,0.1590318534048463,0
5465-BUBFA,41,Two year,19.3,772.4,0.008208994674811182,Low,0.1584335972238558,0
3727-OVPRY,66,One year,25.7,1714.55,0.00820846076823751,Low,0.210957441743704,0
0343-QLUZP,60,Two year,39.6,2424.5,0.008207995937278785,Low,0.3250366391162399,0
8587-XYZSF,67,Two year,50.55,3260.1,0.008177565533407798,Low,0.4133759377137642,0
4878-BUNFV,42,Two year,20.7,828.85,0.008176370820191535,Low,0.16925087597796476,0
9993-LHIEB,67,Two year,67.85,4627.65,0.008168179826994674,Low,0.5542110012615885,0
8215-NGSPE,42,Two year,20.0,833.55,0.00816295038852669,Low,0.16325900777053381,0
0562-FGDCR,72,Two year,74.55,5430.65,0.008115335114177023,Low,0.604998232761897,0
0936-NQLJU,41,Two year,20.65,875.55,0.008093037466815193,Low,0.16712122368973373,0
8169-SAEJD,69,Two year,56.55,3952.65,0.00807249041354355,Low,0.45649933288588773,0
0336-KXKFK,72,Two year,61.2,4390.25,0.008060314238274715,Low,0.4932912313824126,0
7274-CGTOD,62,Two year,43.7,2618.3,0.008041890398984466,Low,0.3514306104356212,0
9372-TXXPS,60,Two year,59.85,3483.45,0.008027996853218323,Low,0.48047561166511665,0
7921-BEPCI,72,Two year,59.75,4265.0,0.008022477725947,Low,0.4793430441253333,0
7009-PCARS,55,One year,19.1,1001.5,0.008014380358367672,Low,0.15307466484482254,0
3948-KXDUF,66,Two year,68.75,4447.55,0.00799601339927459,Low,0.5497259212001281,0
8780-YRMTT,66,Two year,47.4,3177.25,0.007967291453441374,Low,0.37764961489312115,0
6253-GNHWH,71,Two year,71.1,5224.95,0.007950975963381852,Low,0.5653143909964496,0
2077-DDHJK,68,Two year,70.9,4911.35,0.00788776128040475,Low,0.5592422747806968,0
7131-ZQZNK,60,Two year,59.85,3590.2,0.007877317198509775,Low,0.47145743433081,0
7524-VRLPL,69,Two year,74.1,5031.0,0.007848385152739133,Low,0.5815653398179698,0
1047-RNXZV,43,Two year,19.55,876.15,0.007824299531928688,Low,0.15296505584920586,0
3200-MNQTF,67,Two year,70.9,4677.1,0.007778930368852265,Low,0.5515261631516256,0
3284-SVCRO,45,Two year,25.5,1121.05,0.007743851859467153,Low,0.1974682224164124,0
0336-PIKEI,72,Two year,74.4,5360.75,0.007742277082032835,Low,0.576025414903243,0
0531-XBKMM,66,Two year,65.7,4378.9,0.007740794861401458,Low,0.5085702223940758,0
5781-RFZRP,71,Two year,73.5,5357.75,0.007731770887470783,Low,0.5682851602291026,0
4652-ODEVH,45,Two year,24.45,1088.25,0.0076379522018883645,Low,0.18674793133617051,0
6051-PTVNS,55,One year,19.15,998.1,0.007623664011556847,Low,0.1459931658213136,0
2235-EZAIK,72,Two year,79.2,5401.9,0.007610631122419825,Low,0.6027619848956501,0
5016-LIPDW,57,One year,19.4,1061.6,0.007546327805080073,Low,0.1463987594185534,0
2162-FRZAA,63,Two year,39.35,2395.05,0.007527835316823949,Low,0.2962203197170224,0
0621-TSSMU,56,One year,19.95,1126.75,0.007527757180416889,Low,0.15017875574931694,0
6518-PPLMZ,53,Two year,19.4,1110.35,0.007526421032537453,Low,0.14601256803122659,0
7963-SHNDT,52,Two year,39.1,1982.1,0.007507114618078127,Low,0.2935281815668548,0
8896-RAZCR,44,Two year,19.9,868.1,0.0074177809912332636,Low,0.14761384172554193,0
6348-SNFUS,72,Two year,55.45,4179.2,0.007408546516160391,Low,0.4108039043210937,0
6725-TPKJO,44,Two year,20.05,845.25,0.007374544521380564,Low,0.1478596176536803,0
0017-DINOC,54,Two year,45.2,2460.55,0.007363690592750479,Low,0.3328388147923217,0
7113-HIPFI,66,Two year,65.85,4097.05,0.007343273974501717,Low,0.483554591220938,0
3120-FAZKD,54,Two year,24.05,1230.9,0.007339164176530489,Low,0.17650689844555825,0
4992-LTJNE,72,Two year,55.3,3983.6,0.007268081677625336,Low,0.40192491677268105,0
7471-WNSUF,60,One year,24.15,1505.9,0.007264622771936585,Low,0.17544063994226852,0
0052-YNYOT,67,One year,20.55,1343.4,0.00725381565300184,Low,0.1490659116691878,0
5397-NSKQG,67,Two year,50.9,3281.65,0.007236917076313333,Low,0.3683590791843486,0
1074-WVEVG,59,One year,20.35,1267.0,0.00723003694756767,Low,0.14713125188300208,0
8626-XHBIE,56,Two year,24.8,1424.2,0.007190304608207518,Low,0.17831955428354646,0
6980-CDGFC,67,One year,20.85,1327.4,0.007180684362594632,Low,0.1497172689600981,0
5242-UOWHD,45,Two year,20.35,929.2,0.007174676061087469,Low,0.14600465784313,0
0019-GFNTW,56,Two year,45.05,2560.1,0.007158320107580187,Low,0.3224823208464874,0
9610-WCESF,67,Two year,43.9,3097.2,0.007138067807395363,Low,0.3133611767446564,0
7340-KEFQE,51,Two year,34.2,1782.0,0.00712907913720718,Low,0.24381450649248557,0
6619-RPLQZ,45,Two year,20.85,892.15,0.00711474315936177,Low,0.1483423948726929,0
7242-EDTYC,44,Two year,19.55,819.95,0.007114326538456128,Low,0.1390850838268173,0
9593-CVZKR,56,Two year,24.45,1385.85,0.007101879331994604,Low,0.17364094966726806,0
4521-WFJAI,56,Two year,25.95,1444.05,0.007075525366566825,Low,0.1836098832624091,0
6729-FZWSY,67,One year,19.45,1195.95,0.007062130240087041,Low,0.13735843316969296,0
0270-THENM,72,Two year,69.85,5102.35,0.007056983086441693,Low,0.49293026858795225,0
5208-FVQKB,70,Two year,67.95,4664.15,0.007052243952395562,Low,0.47919997656527846,0
3704-IEAXF,72,Two year,53.65,3784.0,0.007036905999425183,Low,0.37753000686916105,0
3662-FXJFO,54,Two year,20.5,1035.7,0.0070240276451516825,Low,0.14399256672560948,0
5968-HYJRZ,47,Two year,24.55,1160.45,0.007020922351519185,Low,0.17236364372979598,0
8807-OPMBM,55,Two year,25.65,1388.0,0.006978102612790432,Low,0.17898833201807457,0
3719-TDVQB,54,Two year,18.95,1031.1,0.006968743419367112,Low,0.13205768779700677,0
4625-LAMOB,44,Two year,20.4,905.55,0.006964033661787928,Low,0.14206628670047372,0
7647-GYYKX,54,Two year,20.35,1092.35,0.006945937555740494,Low,0.14134982925931905,0
8046-DNVTL,62,Two year,38.6,2345.55,0.006933305870180064,Low,0.26762560658895046,0
1599-EAHXY,60,One year,23.95,1506.4,0.00691050264188065,Low,0.16550653827304157,0
0361-HJRDX,68,Two year,64.35,4539.6,0.006903034542274775,Low,0.4442102727953817,0
0386-CWRGM,46,Two year,19.4,967.85,0.006854431216411411,Low,0.13297596559838135,0
2908-WGAXL,56,Two year,24.95,1468.9,0.0067542180492595446,Low,0.16851774032902564,0
4312-GVYNH,70,Two year,49.85,3370.2,0.006710069013259759,Low,0.33449694031099897,0
5939-SXWHM,48,Two year,26.3,1245.05,0.006693493086093965,Low,0.1760388681642713,0
0229-LFJAF,72,Two year,69.65,4908.25,0.006672931666493596,Low,0.46476969057127904,0
5529-GIBVH,47,Two year,20.15,1046.2,0.006670734731218981,Low,0.13441530483406247,0
4779-ZGICK,48,Two year,23.55,1173.35,0.0066572103280845,Low,0.15677730322638997,0
8316-BBQAY,65,Two year,59.95,3921.1,0.006655405768980755,Low,0.39899157585039624,0
3512-IZIKN,70,Two year,65.3,4759.75,0.006641286554107093,Low,0.43367601198319317,1
6087-YPWHO,72,Two year,68.15,4808.7,0.006619609711964602,Low,0.45112640187038766,0
4737-AQCPU,72,Two year,72.1,5016.65,0.006619269022071624,Low,0.47724929649136405,0
6115-ZTBFQ,72,Two year,65.5,4919.7,0.00657742842763344,Low,0.4308215620099903,0
2068-WWXQZ,46,Two year,20.05,902.0,0.006568814496684941,Low,0.13170473065853305,0
3190-ITQXP,46,Two year,20.25,890.35,0.006552694118539578,Low,0.13269205590042646,0
3563-SVYLG,68,Two year,62.65,4375.8,0.006541807013051518,Low,0.4098442093676776,0
7169-YWAMK,72,Two year,68.4,4855.35,0.006538547295029454,Low,0.44723663498001465,0
9646-NMHXE,47,Two year,19.65,973.1,0.006519788202692829,Low,0.12811383818291408,0
9359-JANWS,65,Two year,58.9,3857.1,0.006506383581340316,Low,0.3832259929409446,0
5201-CBWYG,62,One year,24.8,1476.25,0.006502379850947758,Low,0.16125902030350442,0
1043-YCUTE,56,Two year,25.15,1327.15,0.006493258655625025,Low,0.16330545518896936,1
1709-EJDOX,47,Two year,19.75,948.9,0.006477887728230041,Low,0.1279382826325433,0
2176-OSJUV,71,Two year,65.15,4681.75,0.00647009657223321,Low,0.42152679168099366,0
2535-PBCGC,70,Two year,64.55,4504.9,0.006469033494077049,Low,0.41757611204267353,0
8241-JUIQO,61,One year,19.45,1336.35,0.00643836203508254,Low,0.1252261415823554,0
6248-BSHKG,61,One year,20.4,1226.45,0.006434935034497494,Low,0.13127267470374887,0
6770-UAYGJ,49,Two year,25.25,1211.65,0.006431446764952093,Low,0.16239403081504036,0
9499-XPZXM,72,Two year,64.75,4804.75,0.006345854131732559,Low,0.4108940550296832,0
1085-LDWAM,69,One year,20.35,1442.65,0.006343937747890404,Low,0.12909913316956972,0
6762-NSODU,46,Two year,19.4,958.15,0.006335809615412022,Low,0.12291470653899322,0
1266-NZYUI,72,Two year,66.85,4758.8,0.006319825447096382,Low,0.4224803311383931,0
4872-JCVCA,71,Two year,47.6,3377.8,0.006319060349589024,Low,0.30078727264043753,0
6961-MJKBO,47,Two year,20.45,943.0,0.006315837924732224,Low,0.12915888556077398,0
8592-PLTMQ,64,One year,24.7,1642.75,0.006299229047131198,Low,0.1555909574641406,0
4302-ZYFEL,69,One year,20.55,1403.1,0.006278407972383623,Low,0.12902128383248346,0
5093-FEGLU,47,Two year,19.65,921.55,0.006256119813285002,Low,0.12293275433105028,0
3764-MNMOI,46,Two year,19.2,908.15,0.006241135453720358,Low,0.11982980071143087,0
5324-KTGCG,71,One year,20.85,1539.75,0.006222257600602544,Low,0.12973407097256306,0
6096-EGVTU,64,One year,24.9,1595.5,0.006220535788225911,Low,0.15489134112682518,0
4299-OPXEJ,56,Two year,19.55,1080.55,0.006210062203005293,Low,0.12140671606875347,0
6217-KDYWC,57,Two year,19.6,1170.55,0.006208770286539395,Low,0.12169189761617216,0
8590-YFFQO,70,Two year,64.95,4523.25,0.0062005648015781055,Low,0.402726683862498,0
7601-DHFWZ,48,Two year,24.0,1183.05,0.006199297746159227,Low,0.14878314590782143,0
1862-QRWPE,48,Two year,20.65,1057.0,0.00619452959409249,Low,0.12791703611800992,0
4742-TXUEX,47,Two year,19.3,890.5,0.006191940053377259,Low,0.11950444303018111,0
5549-ZGHFB,50,Two year,24.95,1261.45,0.00618075279753184,Low,0.15420978229841942,0
5970-GHJAW,46,Two year,19.95,862.4,0.006180250661943342,Low,0.12329600070576967,0
9975-GPKZU,46,Two year,19.75,856.5,0.0061646464142587655,Low,0.12175176668161061,0
9661-JALZV,58,Two year,24.7,1519.0,0.006160087374051223,Low,0.15215415813906522,0
0932-YIXYU,47,Two year,20.25,1029.8,0.006156821446497069,Low,0.12467563429156565,0
5356-KZCKT,58,Two year,24.45,1513.6,0.006144098087782002,Low,0.15022319824626995,0
7033-CLAMM,48,Two year,20.2,1027.25,0.006130630976171982,Low,0.12383874571867404,0
5075-JSDKI,59,Two year,24.45,1493.1,0.00613014139962797,Low,0.14988195722090386,0
9251-AWQGT,48,Two year,20.0,935.9,0.006129648545811667,Low,0.12259297091623335,0
7634-HLQJR,47,Two year,20.05,1016.7,0.006128725879530367,Low,0.12288095388458385,0
5995-LFTLE,58,Two year,25.3,1474.35,0.006097997905552247,Low,0.15427934701047186,0
2560-QTSBS,72,One year,23.3,1623.15,0.0060663079146709336,Low,0.14134497441183275,0
2230-XTUWL,48,Two year,19.55,883.35,0.006027240923761073,Low,0.117832560059529,0
7599-NTMDP,62,Two year,48.7,3008.55,0.006022396781219899,Low,0.2932907232454091,0
7399-QHBJS,72,Two year,66.75,4760.3,0.006015751800649212,Low,0.4015514326933349,0
0562-KBDVM,70,Two year,44.6,3058.15,0.006005124250523077,Low,0.26782854157332925,0
2418-TPEUN,56,Two year,19.8,1119.9,0.0059840780322299595,Low,0.1184847450381532,0
7416-CKTEP,57,Two year,19.6,1134.25,0.005983477928436331,Low,0.1172761673973521,0
6425-JWTDV,48,Two year,19.25,855.1,0.005971415182343988,Low,0.11494974226012176,0
0769-MURVM,72,Two year,65.7,4575.35,0.005969554486490525,Low,0.3921997297624275,0
9639-BUJXT,63,One year,20.5,1328.15,0.0059643020993149515,Low,0.12226819303595651,0
4636-TVXVG,62,One year,19.95,1244.8,0.005964110383746611,Low,0.11898400215574488,0
0508-SQWPL,57,Two year,20.1,1087.7,0.005917439206134107,Low,0.11894052804329557,0
5044-XDPYX,51,Two year,25.5,1281.25,0.005910713308953411,Low,0.15072318937831197,0
6292-TOSSS,50,Two year,24.9,1195.25,0.005904815923335932,Low,0.1470299164910647,0
8039-EQPIM,69,Two year,60.25,4055.5,0.005892441728380434,Low,0.35501961413492117,0
9081-WWXKP,47,Two year,20.25,873.4,0.005889195243441913,Low,0.11925620367969875,0
5115-GZDEL,72,Two year,67.2,4671.7,0.005877435931097069,Low,0.394963694569723,0
3359-DSRKA,58,Two year,19.85,1158.85,0.005877083703040854,Low,0.11666011150536096,0
4139-DETXS,72,Two year,64.45,4528.0,0.005858485174540136,Low,0.37757936949911175,0
6080-LNESI,51,Two year,24.75,1234.6,0.005814259539042327,Low,0.14390292359129758,0
8619-IJNDK,71,Two year,64.05,4492.9,0.005809751590157094,Low,0.3721145893495619,0
7722-VJRQD,72,Two year,60.95,4549.05,0.005806406208898599,Low,0.3539004584323696,0
1697-LYYYX,61,One year,19.1,1143.8,0.005793644845688904,Low,0.11065861655265807,0
4361-FEBGN,48,Two year,20.15,982.95,0.005761363842633504,Low,0.1160914814290651,0
6407-GSJNL,51,Two year,24.95,1288.0,0.005752805356499855,Low,0.14353249364467138,0
1215-EXRMO,50,Two year,20.55,1067.65,0.00574094672454036,Low,0.11797645518930441,0
8532-UEFWH,52,Two year,25.75,1345.85,0.005717530908693234,Low,0.14722642089885077,0
1459-QNFQT,70,Two year,59.5,4144.8,0.005715604807285492,Low,0.3400784860334868,0
4018-PPNDW,61,Two year,24.1,1551.6,0.005713475908509717,Low,0.13769476939508418,0
2207-RYYRL,52,Two year,24.55,1331.05,0.005664490070690905,Low,0.13906323123546172,0
9916-AYHTC,48,Two year,19.85,916.0,0.0056455400744684315,Low,0.11206397047819837,0
9220-CXRSC,69,Two year,61.4,4059.85,0.005643341785621848,Low,0.3465011856371814,0
8042-RNLKO,66,One year,25.45,1699.15,0.005627721791401143,Low,0.1432255195911591,0
3884-UEBXB,67,Two year,36.15,2434.45,0.005612766298857731,Low,0.20290150170370697,0
6614-YOLAC,71,Two year,58.65,4145.25,0.005549461905993683,Low,0.3254759407865295,0
3580-GICBM,61,Two year,24.2,1445.2,0.005545617914832445,Low,0.13420395353894518,0
1306-RPWXZ,49,Two year,20.45,1024.65,0.005538051978174092,Low,0.11325316295366017,0
1231-YNDEK,58,Two year,19.15,1035.5,0.005508863647212826,Low,0.10549473884412561,0
1248-DYXUB,52,Two year,24.8,1229.1,0.005508543894467624,Low,0.13661188858279708,0
1207-BLKSA,52,Two year,23.05,1255.1,0.005508177261302929,Low,0.12696348587303252,0
1813-JLKWR,64,One year,19.8,1336.65,0.005506392961514362,Low,0.10902658063798437,0
1955-IBMMB,59,Two year,20.2,1192.3,0.005488969227292359,Low,0.11087717839130565,0
2662-NNTDK,65,One year,24.8,1600.95,0.005475837345467442,Low,0.13580076616759257,0
9668-PUGNU,71,Two year,24.5,1816.2,0.005447386182589727,Low,0.1334609614734483,0
8701-DGLVH,51,Two year,20.45,1042.65,0.005405535377963189,Low,0.11054319847934721,0
0774-RMNUW,71,Two year,59.7,4122.65,0.0053929204764569605,Low,0.32195735244448054,0
1574-DYCWE,51,Two year,19.95,1028.75,0.005372751042047231,Low,0.10718638328884227,0
5010-IPEAQ,67,Two year,54.2,3623.95,0.005372034348063137,Low,0.291164261665022,0
3170-NMYVV,50,Two year,20.15,930.9,0.005367605355031491,Low,0.10815724790388455,0
6685-XSHHU,60,Two year,20.95,1270.55,0.0053415179630640595,Low,0.11190480132619204,0
6340-DACFT,50,Two year,20.55,1070.25,0.005324714644247254,Low,0.10942288593928107,0
3785-KTYSH,53,Two year,24.6,1279.0,0.005296040116190014,Low,0.13028258685827435,0
0463-TXOAK,52,Two year,25.6,1334.5,0.005278616745223457,Low,0.1351325886777205,0
2481-SBOYW,61,Two year,25.0,1498.35,0.005235777193002217,Low,0.13089442982505542,0
4807-IZYOZ,51,Two year,20.65,1020.75,0.005235074136750939,Low,0.10810428092390688,0
2817-LVCPP,50,Two year,19.4,1023.95,0.005229369561170726,Low,0.10144976948671208,0
3154-HMWUU,60,Two year,20.5,1198.8,0.0052236090297867925,Low,0.10708398511062925,0
7608-RGIRO,62,Two year,24.4,1413.0,0.005217546842194997,Low,0.12730814294955792,0
4940-KHCWD,60,Two year,37.7,2288.7,0.005203377211158529,Low,0.19616732086067656,0
8957-THMOA,50,Two year,20.15,970.85,0.0051674906323930245,Low,0.10412493624271944,0
9371-BITHB,52,Two year,19.85,1070.5,0.0051556973067841665,Low,0.10234059153966571,0
0526-SXDJP,72,Two year,42.1,2962.0,0.005139817045952706,Low,0.21638629763460893,0
9565-AXSMR,52,Two year,19.2,1054.75,0.005118450418664511,Low,0.09827424803835862,0
3212-KXOCR,52,Two year,21.0,1107.2,0.005097602280016979,Low,0.10704964788035656,0
8028-PNXHQ,62,Two year,24.25,1424.6,0.0050937521929716205,Low,0.1235234906795618,0
3620-EHIMZ,52,Two year,19.35,1031.7,0.0050882580416835655,Low,0.098457793106577,0
1241-FPMOF,52,Two year,19.65,1025.05,0.005085143582709799,Low,0.09992307140024755,0
4335-BSMJS,62,Two year,25.8,1563.95,0.005077876351622016,Low,0.131009209871848,0
6582-PLFUU,51,Two year,19.55,1086.75,0.005053598216350192,Low,0.09879784512964626,0
9257-AZMTZ,52,Two year,20.1,1078.75,0.0050371528324571315,Low,0.10124677193238835,0
8242-PDSGJ,70,Two year,39.15,2692.75,0.005033721102701443,Low,0.1970701811707615,0
9173-IVZVP,53,Two year,20.9,1146.05,0.005019719124778151,Low,0.10491212970786334,0
3088-FVYWK,53,Two year,25.55,1336.1,0.005008897194964734,Low,0.12797732333134895,0
6164-HAQTX,71,Two year,53.95,3888.65,0.004923516448093693,Low,0.26562371237465476,0
6925-BAYGL,53,Two year,25.1,1275.6,0.004913995477492031,Low,0.12334128648505,0
7503-EPSZW,64,Two year,24.05,1559.15,0.0048876626899085835,Low,0.11754828769230144,0
4698-KVLLG,51,Two year,19.6,967.9,0.004886647872679439,Low,0.09577829830451702,0
1073-XXCZD,55,Two year,25.7,1443.65,0.004886219541178723,Low,0.12557584220829318,0
9504-YAZWB,53,Two year,20.25,1048.45,0.0048687581889328,Low,0.0985923533258892,0
1852-QSWCD,64,Two year,24.8,1514.85,0.004841914186678605,Low,0.1200794718296294,0
7293-LSCDV,60,Two year,19.25,1103.25,0.004812962247070391,Low,0.09264952325610502,0
2799-TSLAG,65,Two year,25.3,1748.55,0.004790048919546384,Low,0.12118823766452352,0
7688-AWMDX,71,Two year,54.5,3778.2,0.004782422111804955,Low,0.26064200509337004,0
0621-CXBKL,53,Two year,18.7,1005.7,0.004778211446002504,Low,0.08935255404024682,0
5666-MBJPT,65,Two year,25.1,1725.0,0.004754005053079943,Low,0.11932552683230657,0
1468-DEFNC,64,Two year,24.4,1548.65,0.004751871649951403,Low,0.11594566825881422,0
9507-HSMMZ,54,Two year,20.0,1149.65,0.004748629472688496,Low,0.09497258945376992,0
0607-DAAHE,53,Two year,19.75,1052.35,0.0047357229495934685,Low,0.093530528254471,1
8838-GPHZP,63,Two year,20.6,1298.7,0.004714346543614436,Low,0.09711553879845738,0
2228-BZDEE,54,Two year,20.1,1079.45,0.004656707561578994,Low,0.09359982198773778,0
2675-IJRGJ,53,Two year,19.65,978.0,0.004634613348490009,Low,0.09107015229782867,0
5793-YOLJN,55,Two year,21.0,1210.3,0.004602794929523154,Low,0.09665869351998624,0
1657-DYMBM,53,Two year,19.9,1110.05,0.004585077301415767,Low,0.09124303829817376,0
3511-BFTJW,72,Two year,38.5,2763.0,0.004552491491150638,Low,0.17527092240929956,0
7643-RCHXS,63,Two year,19.35,1263.85,0.004551977811935371,Low,0.08808077066094944,0
2400-FEQME,55,Two year,20.5,1177.95,0.0045509004020671566,Low,0.09329345824237671,0
4979-HPRFL,56,Two year,24.15,1402.25,0.004550857332507237,Low,0.10990320458004978,0
9067-YGSCA,70,One year,26.05,1856.4,0.004548726805473657,Low,0.11849433328258877,0
3498-LZGQZ,63,Two year,19.15,1177.05,0.004525867377007058,Low,0.08667036026968515,0
6349-JDHQP,53,Two year,19.85,1049.6,0.004505915957577901,Low,0.08944243175792134,0
9814-AOUDH,53,Two year,19.5,1050.5,0.004500345388806411,Low,0.08775673508172502,0
0281-CNTZX,63,Two year,19.95,1234.8,0.004495008064374216,Low,0.0896754108842656,0
3635-QQRQD,62,Two year,20.05,1201.65,0.0044695643816207,Low,0.08961476585149504,0
2314-TNDJQ,72,Two year,55.65,3880.05,0.004467055332845348,Low,0.2485916292728436,0
0848-SOMKO,70,Two year,48.4,3442.8,0.004464715582244882,Low,0.21609223418065227,0
1240-HCBOH,67,Two year,26.1,1759.55,0.004456368101005351,Low,0.11631120743623967,0
8380-MQINP,55,Two year,20.3,1079.05,0.004420822782628883,Low,0.08974270248736634,0
2075-PUEPR,55,Two year,19.35,1153.25,0.004378466616094747,Low,0.08472332902143337,0
8441-SHIPE,67,Two year,25.6,1790.35,0.004367867008635244,Low,0.11181739542106224,0
3970-XGJDU,62,Two year,19.2,1123.65,0.004355609875770918,Low,0.08362770961480163,0
8540-ZQGEA,54,Two year,20.05,1102.4,0.004342905397688979,Low,0.08707525322366404,0
0040-HALCW,54,Two year,20.4,1090.6,0.004334812352960546,Low,0.08843017200039513,0
3967-VQOGC,67,Two year,24.9,1680.25,0.004334663659587305,Low,0.10793312512372388,0
9135-HSWOC,64,Two year,19.7,1274.05,0.00430743438092164,Low,0.08485645730415631,0
8395-ETZKQ,68,One year,19.5,1193.55,0.004276357449403385,Low,0.083388970263366,0
2253-KPMNB,69,Two year,46.25,3121.4,0.004255807323974284,Low,0.19683108873381064,0
7996-MHXLW,66,Two year,25.15,1683.6,0.004243127953088645,Low,0.10671466802017941,0
1814-WFGVS,72,Two year,48.9,3527.0,0.004235638550110699,Low,0.20712272510041319,0
9337-SRRNI,66,Two year,25.3,1673.8,0.004234016804830525,Low,0.1071206251622123,0
7008-LZVOZ,66,Two year,25.3,1672.35,0.004232269527882359,Low,0.10707641905542369,0
6139-ZZRBQ,64,Two year,20.05,1198.05,0.004221549690616543,Low,0.08464207129686169,0
7427-AUFPY,54,Two year,19.65,1008.7,0.004221392737882815,Low,0.08295036729939731,0
8129-GMVGI,56,Two year,20.05,1090.1,0.0042024601727954835,Low,0.08425932646454945,0
0603-TPMIB,59,Two year,25.45,1534.05,0.0041656587881207996,Low,0.10601601615767435,0
4458-KVRBJ,59,Two year,25.0,1510.5,0.004129885051740794,Low,0.10324712629351984,0
1098-KFQEC,55,Two year,19.4,1083.0,0.00408575994432352,Low,0.07926374291987628,0
2143-LJULT,67,Two year,25.25,1733.15,0.004084059475783049,Low,0.103122501763522,0
1399-OUPJN,57,Two year,19.75,1272.05,0.004082650711434627,Low,0.08063235155083387,0
7729-XBTWX,66,Two year,19.75,1344.5,0.004062617934374907,Low,0.0802367042039044,0
0374-FIUCA,65,Two year,20.4,1414.45,0.004059859877263846,Low,0.08282114149618244,0
3646-ITDGM,56,Two year,19.7,1051.9,0.004041440447387412,Low,0.07961637681353202,0
4534-WGCIR,58,Two year,25.15,1509.9,0.004036388986705739,Low,0.10151518301564932,0
8727-JQFHV,57,Two year,20.75,1123.15,0.004036275597070012,Low,0.08375271863920275,0
4990-ALDGW,57,Two year,20.75,1118.8,0.004031279637781208,Low,0.08364905248396005,0
7706-YLMQA,70,One year,19.7,1341.5,0.004017214360620993,Low,0.07913912290423356,0
5472-CVMDX,68,Two year,38.9,2719.2,0.00398228384188555,Low,0.15491084144934789,0
8207-VVMYB,70,Two year,26.0,2006.95,0.003972590362751464,Low,0.10328734943153807,0
5220-AGAAX,68,Two year,24.0,1664.3,0.0039702158623912956,Low,0.09528518069739109,0
8755-OGKNA,57,Two year,19.5,1167.6,0.003958796270319986,Low,0.07719652727123973,0
7558-IMLMT,67,Two year,20.8,1411.9,0.003946186002202793,Low,0.08208066884581809,0
7480-SPLEF,69,Two year,26.0,1796.55,0.003944261269882738,Low,0.10255079301695118,0
0780-XNZFN,57,Two year,20.65,1125.6,0.003930983267832032,Low,0.08117480448073144,0
9084-OAYKL,58,Two year,20.8,1212.25,0.003928092777570352,Low,0.08170432977346333,0
8361-LBRDI,58,Two year,24.35,1423.85,0.003925266599054537,Low,0.09558024168697798,0
9087-EYCPR,60,Two year,25.0,1505.05,0.00391160656914572,Low,0.09779016422864299,0
5821-MMEIL,57,Two year,19.9,1115.6,0.003907276308267215,Low,0.07775479853451757,0
6625-FLENO,58,Two year,20.75,1185.95,0.003897952959889238,Low,0.08088252391770169,0
5227-JSCFE,71,Two year,46.35,3353.4,0.0038956308736071174,Low,0.1805624909916899,0
6734-JDTTV,65,Two year,19.85,1267.05,0.0038838636867734736,Low,0.07709469418245346,0
7493-GVFIO,57,Two year,20.55,1252.85,0.003877828228427153,Low,0.079689370094178,0
8882-TLVRW,69,Two year,39.1,2779.5,0.0038463499928674265,Low,0.15039228472111638,0
7941-RCJOW,65,Two year,19.55,1218.65,0.0038257971164462165,Low,0.07479433362652353,0
7167-PCEYD,67,Two year,19.8,1311.3,0.0038184076731160553,Low,0.0756044719276979,0
8164-OCKUJ,59,Two year,20.6,1286.0,0.0038020637513808825,Low,0.07832251327844618,0
5115-SQAAU,69,Two year,25.6,1673.4,0.0038018401333653863,Low,0.0973271074141539,0
2560-WBWXF,68,Two year,24.15,1498.85,0.003789926390472935,Low,0.09152672232992137,0
9972-EWRJS,67,Two year,19.25,1372.9,0.0037746957320117388,Low,0.07266289284122597,0
1619-YWUBB,68,Two year,24.95,1614.9,0.003741112685354207,Low,0.09334076149958746,0
8711-LOBKY,59,Two year,19.85,1188.25,0.0036858547299171303,Low,0.07316421638885504,0
8464-EETCQ,57,Two year,18.8,1094.35,0.0036790856741710787,Low,0.06916681067441628,0
1167-OYZJF,67,Two year,20.05,1263.05,0.0036709451725328033,Low,0.0736024507092827,0
6370-ZVHDV,61,Two year,25.3,1554.9,0.003669131907695196,Low,0.09282903726468845,0
3148-AOIQT,69,Two year,24.95,1718.35,0.0036549432917400036,Low,0.09119083512891309,0
1241-EZFMJ,61,Two year,25.45,1538.6,0.0036544766702440033,Low,0.09300643125770988,0
8069-RHUXK,67,Two year,35.7,2545.7,0.0036524920809387876,Low,0.13039396728951472,0
8514-VZHEB,59,Two year,19.5,1147.85,0.0036382436054690696,Low,0.07094575030664686,0
2346-LOCWC,58,Two year,20.5,1191.4,0.003613932196966674,Low,0.07408561003781682,0
4785-FCIFB,61,Two year,24.4,1417.9,0.0036103434152019633,Low,0.0880923793309279,0
6614-YWYSC,61,Two year,25.0,1501.75,0.0036093773196526316,Low,0.0902344329913158,0
5699-BNCAS,71,Two year,24.65,1766.75,0.0035937431941690683,Low,0.08858576973626753,0
6323-AYBRX,59,Two year,19.35,1099.6,0.0035862855055984904,Low,0.0693946245333308,1
3457-PQBYH,58,Two year,20.3,1160.75,0.003579459889623989,Low,0.07266303575936699,0
6485-QXWWE,62,Two year,26.0,1638.7,0.0035752773388816592,Low,0.09295721081092315,0
1460-UZPRJ,60,Two year,19.95,1258.15,0.0035682276842083846,Low,0.07118614229995728,0
4625-XMOYM,72,Two year,26.25,1988.05,0.003559344687881865,Low,0.09343279805689896,0
5567-GZKQY,58,Two year,20.3,1131.5,0.0035497598081359197,Low,0.07206012410515918,0
7717-BICXI,60,Two year,20.55,1205.05,0.0035236774651890325,Low,0.07241157190963463,0
2181-TIDSV,68,Two year,19.95,1303.25,0.0035208442579939426,Low,0.07024084294697915,0
2626-VEEWG,67,Two year,19.4,1284.2,0.003505242228928843,Low,0.06800169924121954,0
2007-QVGAW,68,Two year,19.35,1292.65,0.0035012460524362706,Low,0.06774911111464184,0
3507-GASNP,60,Two year,19.95,1189.9,0.0034995246343078996,Low,0.06981551645444259,0
3777-XROBG,58,Two year,19.55,1079.65,0.0034865292435942137,Low,0.06816164671226688,0
5406-KGRMX,71,Two year,24.55,1719.15,0.0034742757853671973,Low,0.08529347053076469,0
3308-DGHKL,69,Two year,19.3,1447.9,0.0034706938720898586,Low,0.06698439173133428,0
9286-BHDQG,72,Two year,45.25,3139.8,0.0034609835703040734,Low,0.15660950655625933,0
7328-ZJAJO,59,Two year,19.5,1222.65,0.0034440647295486356,Low,0.06715926222619839,0
4565-NLZBV,71,Two year,24.65,1710.15,0.003443040022327813,Low,0.08487093655038058,0
3454-JFUBC,68,Two year,20.0,1396.0,0.0034414503420933202,Low,0.06882900684186641,0
6917-FIJHC,72,Two year,26.0,1776.0,0.003437753047244865,Low,0.0893815792283665,0
1705-GUHPV,63,Two year,24.2,1618.2,0.003436506867484068,Low,0.08316346619311443,0
9764-REAFF,59,Two year,18.4,1057.85,0.00343648979599516,Low,0.06323141224631094,0
2525-GVKQU,60,Two year,20.6,1093.0,0.003413703395768326,Low,0.07032228995282752,0
2146-EGVDT,59,Two year,19.3,1192.7,0.0034118875535164516,Low,0.06584942978286752,0
8946-BFWSG,63,Two year,25.25,1573.05,0.0034078339740444114,Low,0.08604780784462139,0
1926-QUZNN,72,Two year,25.25,1841.2,0.003398966585967102,Low,0.08582390629566933,0
9953-ZMKSM,63,Two year,25.25,1559.3,0.003394510292121077,Low,0.0857113848760572,0
9500-WBGRP,69,Two year,19.1,1268.85,0.003384508534659504,Low,0.06464411301199653,0
2961-VNFKL,71,Two year,25.95,1801.9,0.0033824460396120713,Low,0.08777447472793325,0
3913-RDSJZ,64,Two year,25.55,1714.95,0.003370304266998366,Low,0.08611127402180825,0
5605-XNWEN,72,Two year,25.0,1802.55,0.0033581560300570243,Low,0.08395390075142561,0
6024-RUGGH,72,Two year,25.2,1798.9,0.003357532442673511,Low,0.08460981755537247,0
7114-AEOZE,60,Two year,19.85,1128.1,0.0033463659872159843,Low,0.06642536484623729,0
0613-WUXUM,70,Two year,19.2,1401.4,0.0033354792337830755,Low,0.06404120128863505,0
6134-KWTBV,62,Two year,23.4,1429.65,0.0033313694086716744,Low,0.07795404416291718,0
2452-MRMZF,72,Two year,25.7,1937.4,0.003331265783725343,Low,0.0856135306417413,0
5296-PSYVW,72,Two year,24.55,1750.7,0.0033254073249389927,Low,0.08163874982725228,0
2632-TACXW,62,Two year,23.65,1416.75,0.003322693574514159,Low,0.07858170303725986,0
7014-ZZXAW,71,Two year,24.25,1732.95,0.0032926507204693377,Low,0.07984677997138144,0
9964-WBQDJ,71,Two year,24.4,1725.4,0.0032876808282302074,Low,0.08021941220881705,0
6734-PSBAW,72,Two year,23.55,1723.95,0.0032635102829888726,Low,0.07685566716438795,0
1820-DJFPH,72,Two year,24.05,1709.15,0.003256724799493334,Low,0.07832423142781468,0
7157-SMCFK,61,Two year,19.75,1124.2,0.003255255387907811,Low,0.06429129391117927,0
3612-YVGSJ,71,Two year,24.45,1681.6,0.003247598022042954,Low,0.07940377163895022,0
8917-SZTTJ,60,Two year,19.65,1161.75,0.0032128390640768405,Low,0.06313228760910991,0
8434-VGEQQ,61,Two year,20.55,1305.95,0.0031876931456870316,Low,0.0655070941438685,0
9430-NKQLY,72,Two year,25.1,1790.8,0.003186799128541638,Low,0.07998865812639512,0
5334-AFQJB,72,Two year,25.1,1789.9,0.0031859819280943323,Low,0.07996814639516775,0
6892-BOGQE,71,Two year,20.9,1493.2,0.0031852242956960683,Low,0.06657118778004782,0
1830-IPXVJ,61,Two year,19.75,1311.6,0.003181936775032261,Low,0.06284325130688716,0
7268-WNTCP,62,Two year,20.45,1297.35,0.003167948393179899,Low,0.06478454464052893,0
0962-CQPWQ,62,Two year,20.3,1296.15,0.003164836618014141,Low,0.06424618334568706,0
0626-QXNGV,72,Two year,24.15,1776.45,0.003160939974495821,Low,0.07633670038407407,0
0704-VCUMB,61,Two year,20.25,1278.8,0.0031590745197985267,Low,0.06397125902592017,0
5893-KCLGT,72,Two year,19.75,1567.0,0.003153683860603525,Low,0.06228525624691962,0
8780-IHCRN,63,Two year,24.65,1574.5,0.0031510976772319253,Low,0.07767455774376696,0
2900-PHPLN,70,Two year,19.55,1462.05,0.003149407499621093,Low,0.06157091661759237,0
1080-BWSYE,64,Two year,25.65,1740.8,0.0031475301625065884,Low,0.080734148668294,0
2097-YVPKN,65,Two year,25.75,1654.75,0.003145314073900876,Low,0.08099183740294756,0
8544-JNBOX,72,Two year,20.8,1521.2,0.0031267840806018313,Low,0.06503710887651809,0
5656-JAMLX,62,Two year,19.85,1253.65,0.0031207320291563203,Low,0.061946530778752965,0
0847-HGRML,62,Two year,20.0,1250.1,0.003119574878836291,Low,0.062391497576725824,0
5902-WBLSE,70,Two year,20.15,1411.2,0.003112064892090367,Low,0.0627081075756209,0
5982-XMDEX,65,Two year,26.5,1698.55,0.0031107797172000747,Low,0.08243566250580198,0
1293-BSEUN,72,Two year,20.7,1482.3,0.00309099152343835,Low,0.06398352453517384,0
2718-YSKCS,71,Two year,19.6,1387.45,0.003073547760221111,Low,0.06024153610033378,0
9625-RZFUK,63,Two year,19.7,1275.85,0.003057758469228108,Low,0.06023784184379372,0
8043-PNYSD,63,Two year,19.55,1245.6,0.003029567636001849,Low,0.059228047283836155,0
8857-CUPFQ,63,Two year,19.25,1237.65,0.0030188390460775876,Low,0.05811265163699356,0
1767-CJKBA,66,Two year,25.1,1697.7,0.0030119197812310612,Low,0.07559918650889964,0
3027-YNWZU,64,Two year,25.0,1584.8,0.003002309950620114,Low,0.07505774876550285,0
6855-VLGOS,72,Two year,20.55,1432.55,0.002985718555509658,Low,0.06135651631572347,0
7064-JHXCE,62,Two year,20.05,1263.9,0.0029813559694236696,Low,0.05977618718694458,0
2569-WGERO,72,Two year,21.15,1419.4,0.0029616849220307677,Low,0.06263963610095073,0
0485-ZBSLN,65,Two year,24.75,1715.1,0.002952485258188616,Low,0.07307401014016825,0
2236-HILPA,62,Two year,20.65,1218.45,0.0029505379298724365,Low,0.06092860825186581,0
2050-ONYDQ,65,Two year,26.0,1654.85,0.002917756895242189,Low,0.07586167927629692,0
6585-WCEWR,72,Two year,20.35,1354.4,0.0029174525864322184,Low,0.05937016013389565,0
3774-VBNXY,64,Two year,20.2,1277.75,0.0029082613412857823,Low,0.0587468790939728,0
3973-SKMLN,71,Two year,19.9,1355.1,0.0029020740859625424,Low,0.05775127431065459,0
2616-FLVQC,64,Two year,19.55,1240.15,0.0028692771178777756,Low,0.056094367654510514,0
6651-RLGGM,67,Two year,26.3,1688.9,0.00286448881774883,Low,0.07533605590679424,0
7606-BPHHN,72,Two year,19.8,1468.75,0.002842216143818999,Low,0.056275879647616184,0
2607-DHDAK,72,Two year,19.8,1414.65,0.0027987194437561376,Low,0.055414644986371525,0
6621-NRZAK,63,Two year,20.0,1209.25,0.0027836880259942865,Low,0.05567376051988573,0
5799-JRCZO,63,Two year,19.5,1215.1,0.0027823825483591653,Low,0.054256459693003724,0
7969-FFOWG,65,Two year,19.9,1292.6,0.002766807963581338,Low,0.055059478475268625,0
3696-DFHHB,68,Two year,25.5,1821.8,0.002738219138325487,Low,0.06982458802729992,0
4821-WQOYN,72,Two year,20.1,1326.25,0.0027325706084616024,Low,0.054924669230078216,0
3873-WOSBC,67,Two year,25.6,1784.9,0.0027197831480654734,Low,0.06962644859047612,0
6857-TKDJV,67,Two year,24.65,1620.45,0.002715808172470663,Low,0.06694467145140183,0
7225-IILWY,68,Two year,25.75,1686.15,0.002708623269392541,Low,0.06974704918685794,0
8747-UDCOI,65,Two year,19.35,1319.95,0.0027085244236270604,Low,0.05240994759718362,0
2804-ETQDK,66,Two year,20.55,1357.1,0.002680605142544733,Low,0.05508643567929426,0
3118-UHVVQ,68,Two year,25.8,1911.5,0.0026769582397190676,Low,0.06906552258475195,0
6484-LATFU,68,Two year,24.55,1657.4,0.002672768934293772,Low,0.0656164773369121,0
2072-ZVJJX,68,Two year,25.25,1728.2,0.0026632676981177155,Low,0.06724750937747231,0
8347-GDTMP,64,Two year,19.45,1225.65,0.002646618696796455,Low,0.05147673365269105,0
6848-HJTXY,64,Two year,19.45,1208.6,0.002633784001427863,Low,0.05122709882777194,0
4176-RELJR,67,Two year,25.1,1672.15,0.0026281209679242866,Low,0.06596583629489959,0
9574-BOSMD,68,Two year,25.4,1620.2,0.002584163044018094,Low,0.06563774131805958,0
3768-VHXQO,67,Two year,24.85,1583.5,0.002559785911999861,Low,0.06361067991319655,0
6010-DDPPW,70,Two year,25.15,1940.85,0.0025449466835945535,Low,0.06400540909240302,0
0397-ZXWQF,67,Two year,20.5,1430.95,0.0025277267858826572,Low,0.05181839911059447,0
5730-DBDSI,66,Two year,19.7,1253.8,0.002524934048983559,Low,0.04974120076497611,0
1945-XISKS,67,Two year,19.65,1335.2,0.0025171475453129,Low,0.04946194926539848,0
1302-TPUBN,66,Two year,19.35,1240.8,0.0025118305889929196,Low,0.048603921897013,0
4195-PNGZS,69,Two year,24.45,1718.2,0.002510438334446398,Low,0.061380217277214426,0
4656-CAURT,69,Two year,23.95,1713.1,0.0025014378180114893,Low,0.05990943574137517,0
5854-KSRBJ,70,Two year,25.4,1782.05,0.002500870768935664,Low,0.06352211753096586,0
9800-OUIGR,66,Two year,20.0,1374.2,0.0024901379376330614,Low,0.04980275875266123,0
6963-KQYQB,70,Two year,24.05,1764.75,0.0024742433798371558,Low,0.0595055532850836,0
2696-RZVZW,68,Two year,25.05,1629.2,0.002462016155034933,Low,0.06167350468362507,0
0971-QIFJK,69,Two year,24.25,1641.8,0.0024542369975076492,Low,0.05951524718956049,0
3810-PJUHR,70,Two year,25.35,1715.15,0.0024530881540388142,Low,0.062185784704883944,0
5146-YYFRZ,67,Two year,19.95,1311.75,0.0024375117608721898,Low,0.04862835962940018,0
1764-VUUMT,66,Two year,19.95,1269.1,0.0024160954907434793,Low,0.04820110504033241,0
5743-KHMNA,71,Two year,25.55,1898.1,0.0023888135027328727,Low,0.0610341849948249,0
3836-FZSDJ,71,Two year,24.85,1901.0,0.002383645793726359,Low,0.05923359797410003,0
4589-IUAJB,70,Two year,24.25,1724.15,0.002383252534903162,Low,0.05779387397140168,0
9397-TZSHA,69,Two year,24.6,1678.05,0.0023635227399080886,Low,0.05814265940173898,0
5848-FHRFC,68,Two year,20.05,1386.9,0.0023631645486890244,Low,0.04738144920121494,0
1299-AURJA,70,Two year,24.7,1685.9,0.0023619353986517907,Low,0.05833980434669923,0
3678-MNGZX,68,Two year,19.95,1377.7,0.0023559646622204732,Low,0.04700149501129844,0
4443-EMBNA,71,Two year,24.75,1836.9,0.0023394653909063075,Low,0.05790176842493111,0
3261-CQXOL,71,Two year,25.45,1813.35,0.0023307700229664866,Low,0.05931809708449708,0
7711-GQBZC,71,Two year,24.7,1810.55,0.0023214534196659507,Low,0.05733989946574898,0
0394-YONDK,70,Two year,25.15,1790.15,0.0023201631175721413,Low,0.05835210240693935,0
9838-BFCQT,72,Two year,26.1,1851.45,0.0023019411037769302,Low,0.060080662808577885,0
7980-MHFLQ,72,Two year,24.9,1859.2,0.002295228421017576,Low,0.05715118768333764,0
9153-BTBVV,71,Two year,25.0,1753.0,0.0022865910085581196,Low,0.05716477521395299,0
6345-FZOQH,69,Two year,19.9,1363.45,0.0022854906720705856,Low,0.045481264374204654,0
7161-DFHUF,71,Two year,23.85,1672.1,0.002283752235683093,Low,0.05446749082104177,0
3274-NSDWE,68,Two year,19.6,1441.65,0.0022800367108326107,Low,0.04468871953231917,0
1131-QQZEB,71,Two year,23.95,1756.2,0.0022784269409967957,Low,0.05456832523687326,0
7695-PKLCZ,68,Two year,20.5,1424.9,0.0022779188580986944,Low,0.046697336591023236,0
9365-CSLBQ,71,Two year,24.35,1654.6,0.002277244826514489,Low,0.05545091152562781,0
5346-BZCHP,69,Two year,19.4,1346.2,0.002269416588170438,Low,0.04402668181050649,0
2169-RRLFW,71,Two year,25.6,1888.25,0.002267550768718889,Low,0.05804929967920356,0
5846-ABOBJ,71,Two year,24.45,1730.65,0.0022667241679695696,Low,0.05542140590685597,0
8774-GSBUN,72,Two year,25.4,1797.1,0.002259758517057496,Low,0.05739786633326039,0
4231-LZUYM,72,Two year,25.65,1887.0,0.0022596706098510547,Low,0.05796055114267955,0
6980-IMXXE,69,Two year,20.2,1412.65,0.002259507871591458,Low,0.04564205900614745,0
1987-AUELQ,71,Two year,25.05,1873.7,0.002252855547325429,Low,0.056434031460502,0
0042-RLHYP,69,Two year,19.7,1396.9,0.0022445762466323407,Low,0.04421815205865711,0
0174-QRVVY,71,Two year,25.35,1847.55,0.0022389847289960383,Low,0.05675826288004957,0
0902-XKXPN,69,Two year,20.2,1376.5,0.002236329611047092,Low,0.04517385814315125,0
5884-FBCTL,72,Two year,25.1,1857.85,0.0022356966055246084,Low,0.056115984798667674,0
2984-RGEYA,69,Two year,19.75,1375.4,0.002231330468644627,Low,0.044068776755731384,0
9537-JALFH,69,Two year,19.9,1356.7,0.002220884410719052,Low,0.04419559977330913,0
7115-IRDHS,72,Two year,24.65,1830.05,0.0022137747411235293,Low,0.054569547368694994,0
7673-BQGKU,69,Two year,20.15,1337.5,0.0022111171871457267,Low,0.04455401132098639,0
0795-XCCTE,72,Two year,25.4,1809.35,0.0022078111996446125,Low,0.056078404470973155,0
4312-KFRXN,72,Two year,25.4,1710.9,0.002204874764922676,Low,0.056003819029035964,0
1635-NZATJ,71,Two year,25.45,1789.65,0.0022032528408037757,Low,0.05607278479845609,0
6976-BWGLQ,72,Two year,25.2,1787.35,0.002192124210820818,Low,0.05524153011268461,0
8092-NLTGF,72,Two year,24.75,1777.6,0.0021818335675183784,Low,0.05400038079607987,0
8735-SDUFN,72,Two year,24.3,1778.7,0.002178322560726498,Low,0.052933238225653906,0
4193-IBKSW,72,Two year,24.75,1769.6,0.002176860300391054,Low,0.05387729243467859,0
7096-ZNBZI,72,Two year,26.45,1914.5,0.0021748886184045396,Low,0.05752580395680007,0
7876-DNYAP,69,Two year,19.8,1436.95,0.0021616269706698416,Low,0.042800214019262865,0
8224-KDLKN,72,Two year,25.0,1738.9,0.0021601882960513466,Low,0.054004707401283665,0
4707-MAXGU,72,Two year,25.85,1872.2,0.002143297187696583,Low,0.05540423230195667,0
8232-UTFOZ,69,Two year,19.95,1399.35,0.0021399380960054125,Low,0.04269176501530798,0
6285-FTQBF,72,Two year,25.55,1867.7,0.0021378033123389904,Low,0.054620874630261204,0
2509-TFPJU,72,Two year,25.75,1864.2,0.002137497310439883,Low,0.055040555743826984,0
0402-OAMEN,72,Two year,24.45,1709.1,0.002136871233575785,Low,0.05224650166092794,0
5598-IKHQQ,72,Two year,25.45,1866.45,0.0021361274788024307,Low,0.05436444433552186,0
8749-TZYEC,72,Two year,24.8,1874.3,0.0021349736067272002,Low,0.05294734544683457,0
8237-ULIXL,72,Two year,24.85,1871.85,0.002133938232942707,Low,0.053028365088626274,0
0505-SPOOW,70,Two year,19.8,1397.65,0.0021304038814865672,Low,0.04218199685343403,0
6181-AXXYF,72,Two year,24.75,1859.1,0.0021252818997951673,Low,0.05260072701993039,0
4836-WNFNO,72,Two year,25.0,1849.2,0.0021215552313057114,Low,0.05303888078264278,0
8750-QWZAJ,70,Two year,19.8,1378.75,0.0021189486746834773,Low,0.041955183758732854,0
7515-LODFU,69,Two year,20.3,1356.3,0.002116985189699682,Low,0.04297479935090354,0
8165-ZJRNM,72,Two year,23.75,1679.25,0.0021124196906544346,Low,0.050169967653042824,0
1555-HAPSU,71,Two year,23.9,1663.5,0.0021113373099066364,Low,0.05046096170676861,0
7684-XSZIY,72,Two year,24.3,1643.25,0.0020957602081984215,Low,0.05092697305922164,0
0562-HKHML,71,Two year,23.9,1626.4,0.0020891095643018457,Low,0.04992971858681411,0
8229-BUJHX,71,Two year,20.5,1500.95,0.0020874070431608676,Low,0.042791844384797786,0
7602-DBTOU,71,Two year,19.6,1416.5,0.002084932641732107,Low,0.040864679777949296,0
0480-KYJVA,72,Two year,24.25,1784.5,0.002076087006965288,Low,0.05034510991890823,0
0831-JNISG,71,Two year,19.8,1396.25,0.0020746967073749165,Low,0.041078994806023346,0
8966-SNIZF,70,Two year,19.45,1303.5,0.002070844292813669,Low,0.04027792149522586,0
4957-SREEC,70,Two year,20.35,1458.1,0.0020676156136107573,Low,0.042075977736978916,0
3279-DYZQM,71,Two year,19.45,1378.45,0.0020611006529706564,Low,0.040088407700279265,0
6060-QBMGV,70,Two year,19.85,1433.8,0.0020489455817423313,Low,0.04067156979758528,0
7010-BRBUU,72,Two year,24.1,1734.65,0.002045458507292501,Low,0.04929555002574928,0
0264-CNITK,71,Two year,20.1,1389.6,0.0020186830715081686,Low,0.040575529737314195,0
3642-BYHDO,71,Two year,19.9,1389.35,0.002016813235063254,Low,0.040134583377758756,0
1403-GYAFU,70,Two year,20.05,1360.25,0.0020081167925513643,Low,0.04026274169065486,0
8285-ABVLB,70,Two year,19.85,1328.35,0.001988222154406635,Low,0.039466209764971706,0
4817-KEQSP,71,Two year,19.85,1326.35,0.001980463302453452,Low,0.03931219655370102,0
0640-YJTPY,72,Two year,21.0,1493.75,0.001980109365906653,Low,0.04158229668403971,0
2545-LXYVJ,72,Two year,20.7,1492.1,0.0019766395672235317,Low,0.04091643904152711,0
3910-MRQOY,72,Two year,19.4,1496.45,0.0019681207375374455,Low,0.038181542308226436,0
0464-WJTKO,72,Two year,20.1,1460.85,0.001954073160114337,Low,0.039276870518298174,0
1166-PQLGG,72,Two year,19.55,1463.45,0.0019509284539501437,Low,0.03814065127472531,0
2429-AYKKO,72,Two year,19.85,1434.1,0.0019371435266963635,Low,0.03845229900492282,0
7463-IFMQU,72,Two year,20.05,1423.65,0.0019330292435347984,Low,0.03875723633287271,0
3173-WSSUE,71,Two year,19.7,1415.85,0.001932289182884135,Low,0.03806609690281745,0
1052-QJIBV,71,Two year,19.9,1397.3,0.0019237340843393231,Low,0.03828230827835253,0
0794-YVSGE,72,Two year,20.3,1401.15,0.0019227143205839384,Low,0.03903110070785395,0
3976-HXHCE,72,Two year,19.3,1414.8,0.001921978836085441,Low,0.037094191536449016,0
3996-ZNWYK,71,Two year,19.8,1388.45,0.0019180619781413442,Low,0.037977627167198616,0
7083-MIOPC,72,Two year,20.25,1566.9,0.0019180236173435465,Low,0.038839978251206816,0
1591-XWLGB,71,Two year,19.85,1379.6,0.0019136339488661524,Low,0.037985633884993125,0
0825-CPPQH,71,Two year,19.1,1372.45,0.001903617348882734,Low,0.03635909136366022,0
0784-ZQJZX,72,Two year,19.9,1529.65,0.0018949069919433352,Low,0.03770864913967237,0
1927-QEWMY,72,Two year,20.5,1502.25,0.001884981640406183,Low,0.03864212362832675,0
4277-BWBML,72,Two year,19.95,1322.85,0.0018774218786237744,Low,0.037454566478544296,0
4086-WITJG,71,Two year,19.7,1301.1,0.0018700475148264555,Low,0.03683993604208117,0
0404-AHASP,72,Two year,19.7,1421.9,0.0018359625532461878,Low,0.0361684622989499,0
6928-ONTRW,72,Two year,19.7,1379.8,0.0018140385580139478,Low,0.03573655959287477,0
2848-YXSMW,72,Two year,19.4,1363.25,0.0018031761562181314,Low,0.034981617430631745,0
5787-KXGIY,72,Two year,19.3,1304.8,0.0017725912417955816,Low,0.03421101096665473,0
